"","id","item","prediction","item_num","resp","held_out"
"1",1,"V1",0.0298,1,0,0
"2",1,"V2",0.0163,2,0,0
"3",1,"V3",1e-04,3,0,0
"4",1,"V4",0.8901,4,1,0
"5",1,"V5",0.3006,5,0,0
"6",1,"V6",0.9564,6,0,0
"7",1,"V7",0.8035,7,1,0
"8",1,"V8",0.8184,8,1,0
"9",1,"V9",0.7526,9,0,0
"10",1,"V10",0.7864,10,1,0
"11",1,"V11",0.9181,11,1,0
"12",1,"V12",0.9594,12,1,0
"13",1,"V13",0.013,13,0,0
"14",1,"V14",0.9395,14,1,0
"15",1,"V15",0.8949,15,1,0
"16",1,"V16",0.8893,16,1,0
"17",1,"V17",0.8621,17,0,0
"18",1,"V18",0.8621,18,1,0
"19",1,"V19",0.7596,19,1,0
"20",1,"V20",0.843,20,1,1
"21",2,"V1",0.9108,1,0,1
"22",2,"V2",0.9586,2,1,0
"23",2,"V3",0.8661,3,1,0
"24",2,"V4",0.8901,4,1,0
"25",2,"V5",0.828,5,0,0
"26",2,"V6",0.9564,6,1,0
"27",2,"V7",0.8035,7,1,1
"28",2,"V8",0.8184,8,1,0
"29",2,"V9",0.7526,9,1,0
"30",2,"V10",0.7864,10,1,0
"31",2,"V11",0.9181,11,1,0
"32",2,"V12",0.9594,12,1,0
"33",2,"V13",0.6652,13,1,0
"34",2,"V14",0.9395,14,1,1
"35",2,"V15",0.8949,15,1,0
"36",2,"V16",0.8893,16,1,0
"37",2,"V17",0.8621,17,1,1
"38",2,"V18",0.8621,18,1,1
"39",2,"V19",0.7596,19,1,0
"40",2,"V20",0.843,20,1,0
"41",3,"V1",0.0298,1,0,0
"42",3,"V2",0.9586,2,1,0
"43",3,"V3",0.8661,3,1,0
"44",3,"V4",0.2236,4,1,0
"45",3,"V5",0.3006,5,0,0
"46",3,"V6",0.9564,6,1,0
"47",3,"V7",0.8035,7,1,0
"48",3,"V8",0.8184,8,1,0
"49",3,"V9",0.7526,9,0,0
"50",3,"V10",0.029,10,0,1
"51",3,"V11",0.0656,11,0,0
"52",3,"V12",0.1274,12,0,1
"53",3,"V13",0.013,13,0,0
"54",3,"V14",0.9395,14,1,0
"55",3,"V15",0.8949,15,1,0
"56",3,"V16",0.8893,16,1,0
"57",3,"V17",0.0383,17,0,0
"58",3,"V18",0.1194,18,0,0
"59",3,"V19",0.0224,19,0,0
"60",3,"V20",0.0125,20,0,0
"61",4,"V1",0.9108,1,1,0
"62",4,"V2",0.9586,2,1,0
"63",4,"V3",0.8661,3,1,0
"64",4,"V4",0.8901,4,1,0
"65",4,"V5",0.828,5,1,1
"66",4,"V6",0.9564,6,1,0
"67",4,"V7",0.0251,7,0,0
"68",4,"V8",0.8184,8,1,0
"69",4,"V9",0.7526,9,0,0
"70",4,"V10",0.7864,10,1,0
"71",4,"V11",0.9181,11,1,0
"72",4,"V12",0.9594,12,1,0
"73",4,"V13",0.6652,13,0,0
"74",4,"V14",0.9395,14,1,0
"75",4,"V15",0.0313,15,0,0
"76",4,"V16",0.8893,16,1,0
"77",4,"V17",0.8621,17,0,0
"78",4,"V18",0.8621,18,1,1
"79",4,"V19",0.0224,19,0,0
"80",4,"V20",0.843,20,1,0
"81",5,"V1",0.0298,1,0,1
"82",5,"V2",0.0163,2,0,0
"83",5,"V3",1e-04,3,0,0
"84",5,"V4",0.2236,4,1,0
"85",5,"V5",0.3006,5,0,0
"86",5,"V6",0.9564,6,1,0
"87",5,"V7",0.0251,7,0,0
"88",5,"V8",0.8184,8,1,0
"89",5,"V9",0.2883,9,0,0
"90",5,"V10",0.029,10,0,0
"91",5,"V11",0.0656,11,0,0
"92",5,"V12",0.9594,12,1,0
"93",5,"V13",0.013,13,0,0
"94",5,"V14",0.0615,14,0,0
"95",5,"V15",0.0313,15,0,0
"96",5,"V16",0.1086,16,0,1
"97",5,"V17",0.0383,17,0,0
"98",5,"V18",0.1194,18,0,0
"99",5,"V19",0.0224,19,0,0
"100",5,"V20",0.0125,20,0,0
"101",6,"V1",0.0298,1,0,0
"102",6,"V2",0.0163,2,0,0
"103",6,"V3",1e-04,3,0,0
"104",6,"V4",0.2236,4,0,0
"105",6,"V5",0.3006,5,0,1
"106",6,"V6",0.9564,6,1,1
"107",6,"V7",0.0251,7,0,1
"108",6,"V8",0.8184,8,1,0
"109",6,"V9",0.7526,9,1,0
"110",6,"V10",0.029,10,0,0
"111",6,"V11",0.0656,11,0,0
"112",6,"V12",0.9594,12,0,1
"113",6,"V13",0.013,13,0,0
"114",6,"V14",0.9395,14,1,0
"115",6,"V15",0.0313,15,0,0
"116",6,"V16",0.8893,16,0,1
"117",6,"V17",0.0383,17,0,0
"118",6,"V18",0.1194,18,0,0
"119",6,"V19",0.0224,19,0,0
"120",6,"V20",0.0125,20,0,0
"121",7,"V1",0.0298,1,0,0
"122",7,"V2",0.0163,2,0,0
"123",7,"V3",1e-04,3,0,0
"124",7,"V4",0.2236,4,0,0
"125",7,"V5",0.3006,5,0,0
"126",7,"V6",0.0951,6,0,0
"127",7,"V7",0.0251,7,0,0
"128",7,"V8",0.4438,8,1,0
"129",7,"V9",0.2883,9,1,1
"130",7,"V10",0.029,10,0,1
"131",7,"V11",0.0656,11,0,1
"132",7,"V12",0.1274,12,0,0
"133",7,"V13",0.013,13,0,0
"134",7,"V14",0.0615,14,0,0
"135",7,"V15",0.0313,15,0,0
"136",7,"V16",0.1086,16,0,0
"137",7,"V17",0.0383,17,0,0
"138",7,"V18",0.1194,18,0,1
"139",7,"V19",0.0224,19,0,0
"140",7,"V20",0.0125,20,0,0
"141",8,"V1",0.0298,1,0,0
"142",8,"V2",0.0163,2,0,0
"143",8,"V3",1e-04,3,0,0
"144",8,"V4",0.2236,4,1,1
"145",8,"V5",0.3006,5,0,0
"146",8,"V6",0.0951,6,0,1
"147",8,"V7",0.0251,7,0,0
"148",8,"V8",0.4438,8,1,0
"149",8,"V9",0.2883,9,0,0
"150",8,"V10",0.029,10,0,1
"151",8,"V11",0.0656,11,0,1
"152",8,"V12",0.1274,12,0,0
"153",8,"V13",0.013,13,0,0
"154",8,"V14",0.0615,14,0,0
"155",8,"V15",0.0313,15,0,0
"156",8,"V16",0.1086,16,0,0
"157",8,"V17",0.0383,17,0,0
"158",8,"V18",0.1194,18,0,0
"159",8,"V19",0.0224,19,0,1
"160",8,"V20",0.0125,20,0,0
"161",9,"V1",0.0298,1,0,0
"162",9,"V2",0.0163,2,0,0
"163",9,"V3",1e-04,3,0,0
"164",9,"V4",0.2236,4,0,0
"165",9,"V5",0.3006,5,0,0
"166",9,"V6",0.0951,6,0,0
"167",9,"V7",0.0251,7,0,0
"168",9,"V8",0.4438,8,0,1
"169",9,"V9",0.2883,9,1,0
"170",9,"V10",0.029,10,0,0
"171",9,"V11",0.0656,11,0,0
"172",9,"V12",0.1274,12,1,0
"173",9,"V13",0.013,13,0,0
"174",9,"V14",0.0615,14,1,0
"175",9,"V15",0.0313,15,0,1
"176",9,"V16",0.1086,16,0,0
"177",9,"V17",0.0383,17,0,0
"178",9,"V18",0.1194,18,0,0
"179",9,"V19",0.0224,19,0,0
"180",9,"V20",0.0125,20,0,0
"181",10,"V1",0.0298,1,0,0
"182",10,"V2",0.0163,2,0,0
"183",10,"V3",1e-04,3,0,0
"184",10,"V4",0.2236,4,0,0
"185",10,"V5",0.3006,5,1,0
"186",10,"V6",0.0951,6,0,0
"187",10,"V7",0.0251,7,0,1
"188",10,"V8",0.4438,8,1,0
"189",10,"V9",0.2883,9,1,0
"190",10,"V10",0.029,10,0,0
"191",10,"V11",0.0656,11,0,0
"192",10,"V12",0.1274,12,1,0
"193",10,"V13",0.013,13,0,0
"194",10,"V14",0.0615,14,0,0
"195",10,"V15",0.0313,15,0,1
"196",10,"V16",0.1086,16,0,0
"197",10,"V17",0.0383,17,0,0
"198",10,"V18",0.1194,18,0,0
"199",10,"V19",0.0224,19,0,1
"200",10,"V20",0.0125,20,0,0
"201",11,"V1",0.9108,1,1,0
"202",11,"V2",0.9586,2,1,0
"203",11,"V3",0.8661,3,1,0
"204",11,"V4",0.2236,4,0,1
"205",11,"V5",0.828,5,1,0
"206",11,"V6",0.9564,6,1,0
"207",11,"V7",0.8035,7,1,0
"208",11,"V8",0.8184,8,1,1
"209",11,"V9",0.7526,9,1,0
"210",11,"V10",0.029,10,0,1
"211",11,"V11",0.0656,11,0,0
"212",11,"V12",0.9594,12,1,0
"213",11,"V13",0.013,13,0,0
"214",11,"V14",0.9395,14,1,0
"215",11,"V15",0.8949,15,1,0
"216",11,"V16",0.8893,16,1,0
"217",11,"V17",0.0383,17,0,1
"218",11,"V18",0.1194,18,1,0
"219",11,"V19",0.0224,19,0,1
"220",11,"V20",0.0125,20,0,0
"221",12,"V1",0.9108,1,1,0
"222",12,"V2",0.9586,2,1,0
"223",12,"V3",0.8661,3,1,1
"224",12,"V4",0.8901,4,1,0
"225",12,"V5",0.828,5,1,0
"226",12,"V6",0.9564,6,1,0
"227",12,"V7",0.8035,7,0,0
"228",12,"V8",0.8184,8,1,1
"229",12,"V9",0.7526,9,1,1
"230",12,"V10",0.7864,10,1,0
"231",12,"V11",0.9181,11,1,0
"232",12,"V12",0.9594,12,1,0
"233",12,"V13",0.6652,13,1,1
"234",12,"V14",0.9395,14,0,0
"235",12,"V15",0.8949,15,1,0
"236",12,"V16",0.8893,16,1,0
"237",12,"V17",0.8621,17,0,1
"238",12,"V18",0.8621,18,1,0
"239",12,"V19",0.7596,19,0,1
"240",12,"V20",0.843,20,0,0
"241",13,"V1",0.0298,1,1,0
"242",13,"V2",0.0163,2,0,0
"243",13,"V3",1e-04,3,0,0
"244",13,"V4",0.2236,4,0,0
"245",13,"V5",0.3006,5,1,0
"246",13,"V6",0.9564,6,1,0
"247",13,"V7",0.0251,7,0,0
"248",13,"V8",0.8184,8,1,1
"249",13,"V9",0.2883,9,0,0
"250",13,"V10",0.029,10,0,0
"251",13,"V11",0.0656,11,0,0
"252",13,"V12",0.1274,12,1,1
"253",13,"V13",0.013,13,0,0
"254",13,"V14",0.0615,14,0,0
"255",13,"V15",0.0313,15,0,0
"256",13,"V16",0.1086,16,0,1
"257",13,"V17",0.0383,17,0,0
"258",13,"V18",0.1194,18,0,0
"259",13,"V19",0.0224,19,0,0
"260",13,"V20",0.0125,20,1,1
"261",14,"V1",0.0298,1,0,1
"262",14,"V2",0.0163,2,0,0
"263",14,"V3",1e-04,3,0,0
"264",14,"V4",0.2236,4,1,0
"265",14,"V5",0.3006,5,0,0
"266",14,"V6",0.0951,6,0,0
"267",14,"V7",0.0251,7,0,0
"268",14,"V8",0.4438,8,1,0
"269",14,"V9",0.2883,9,0,0
"270",14,"V10",0.029,10,0,1
"271",14,"V11",0.0656,11,0,0
"272",14,"V12",0.1274,12,1,1
"273",14,"V13",0.013,13,0,0
"274",14,"V14",0.0615,14,0,0
"275",14,"V15",0.0313,15,0,0
"276",14,"V16",0.1086,16,0,1
"277",14,"V17",0.0383,17,0,0
"278",14,"V18",0.1194,18,0,0
"279",14,"V19",0.0224,19,0,1
"280",14,"V20",0.0125,20,0,0
"281",15,"V1",0.0298,1,0,0
"282",15,"V2",0.0163,2,0,1
"283",15,"V3",1e-04,3,0,0
"284",15,"V4",0.2236,4,0,1
"285",15,"V5",0.3006,5,0,0
"286",15,"V6",0.0951,6,1,1
"287",15,"V7",0.0251,7,0,1
"288",15,"V8",0.4438,8,0,0
"289",15,"V9",0.2883,9,1,0
"290",15,"V10",0.029,10,0,1
"291",15,"V11",0.0656,11,0,1
"292",15,"V12",0.1274,12,0,1
"293",15,"V13",0.013,13,0,0
"294",15,"V14",0.0615,14,1,1
"295",15,"V15",0.0313,15,0,0
"296",15,"V16",0.1086,16,0,0
"297",15,"V17",0.0383,17,0,1
"298",15,"V18",0.1194,18,0,0
"299",15,"V19",0.0224,19,0,0
"300",15,"V20",0.0125,20,0,0
"301",16,"V1",0.0298,1,0,0
"302",16,"V2",0.0163,2,0,0
"303",16,"V3",1e-04,3,0,0
"304",16,"V4",0.2236,4,0,0
"305",16,"V5",0.3006,5,0,1
"306",16,"V6",0.9564,6,1,0
"307",16,"V7",0.0251,7,0,0
"308",16,"V8",0.8184,8,0,0
"309",16,"V9",0.7526,9,0,0
"310",16,"V10",0.029,10,0,1
"311",16,"V11",0.0656,11,0,0
"312",16,"V12",0.9594,12,1,0
"313",16,"V13",0.013,13,0,0
"314",16,"V14",0.9395,14,1,0
"315",16,"V15",0.0313,15,0,1
"316",16,"V16",0.8893,16,0,0
"317",16,"V17",0.0383,17,0,0
"318",16,"V18",0.1194,18,0,0
"319",16,"V19",0.0224,19,0,0
"320",16,"V20",0.0125,20,1,0
"321",17,"V1",0.0298,1,0,0
"322",17,"V2",0.9586,2,1,0
"323",17,"V3",0.8661,3,0,0
"324",17,"V4",0.2236,4,1,1
"325",17,"V5",0.3006,5,0,0
"326",17,"V6",0.9564,6,1,0
"327",17,"V7",0.0251,7,0,0
"328",17,"V8",0.8184,8,1,0
"329",17,"V9",0.2883,9,0,0
"330",17,"V10",0.029,10,0,1
"331",17,"V11",0.0656,11,0,0
"332",17,"V12",0.1274,12,0,0
"333",17,"V13",0.013,13,0,1
"334",17,"V14",0.0615,14,0,0
"335",17,"V15",0.0313,15,0,0
"336",17,"V16",0.1086,16,0,0
"337",17,"V17",0.0383,17,0,0
"338",17,"V18",0.1194,18,0,0
"339",17,"V19",0.0224,19,0,0
"340",17,"V20",0.0125,20,0,1
"341",18,"V1",0.0298,1,0,0
"342",18,"V2",0.0163,2,0,0
"343",18,"V3",1e-04,3,0,0
"344",18,"V4",0.2236,4,0,0
"345",18,"V5",0.3006,5,1,0
"346",18,"V6",0.0951,6,0,0
"347",18,"V7",0.0251,7,0,1
"348",18,"V8",0.4438,8,0,1
"349",18,"V9",0.2883,9,0,0
"350",18,"V10",0.029,10,0,1
"351",18,"V11",0.0656,11,0,1
"352",18,"V12",0.1274,12,1,1
"353",18,"V13",0.013,13,0,0
"354",18,"V14",0.0615,14,0,0
"355",18,"V15",0.0313,15,0,0
"356",18,"V16",0.1086,16,1,0
"357",18,"V17",0.0383,17,0,1
"358",18,"V18",0.1194,18,0,1
"359",18,"V19",0.0224,19,0,0
"360",18,"V20",0.0125,20,0,0
"361",19,"V1",0.0298,1,0,0
"362",19,"V2",0.0163,2,0,0
"363",19,"V3",1e-04,3,0,0
"364",19,"V4",0.2236,4,0,0
"365",19,"V5",0.3006,5,0,0
"366",19,"V6",0.9564,6,1,0
"367",19,"V7",0.0251,7,0,0
"368",19,"V8",0.8184,8,0,0
"369",19,"V9",0.7526,9,1,0
"370",19,"V10",0.029,10,0,1
"371",19,"V11",0.0656,11,0,1
"372",19,"V12",0.9594,12,1,0
"373",19,"V13",0.013,13,0,0
"374",19,"V14",0.9395,14,1,0
"375",19,"V15",0.0313,15,0,0
"376",19,"V16",0.8893,16,0,0
"377",19,"V17",0.0383,17,0,0
"378",19,"V18",0.1194,18,0,0
"379",19,"V19",0.0224,19,0,0
"380",19,"V20",0.0125,20,0,0
"381",20,"V1",0.0298,1,0,0
"382",20,"V2",0.0163,2,0,0
"383",20,"V3",1e-04,3,0,1
"384",20,"V4",0.2236,4,0,1
"385",20,"V5",0.3006,5,0,0
"386",20,"V6",0.0951,6,0,0
"387",20,"V7",0.0251,7,0,0
"388",20,"V8",0.4438,8,1,0
"389",20,"V9",0.2883,9,0,0
"390",20,"V10",0.029,10,0,0
"391",20,"V11",0.0656,11,0,0
"392",20,"V12",0.1274,12,0,0
"393",20,"V13",0.013,13,0,0
"394",20,"V14",0.0615,14,0,0
"395",20,"V15",0.0313,15,0,0
"396",20,"V16",0.1086,16,0,0
"397",20,"V17",0.0383,17,0,0
"398",20,"V18",0.1194,18,0,0
"399",20,"V19",0.0224,19,0,0
"400",20,"V20",0.0125,20,0,1
"401",21,"V1",0.9108,1,1,1
"402",21,"V2",0.9586,2,1,0
"403",21,"V3",0.8661,3,1,0
"404",21,"V4",0.8901,4,1,0
"405",21,"V5",0.828,5,1,1
"406",21,"V6",0.9564,6,1,0
"407",21,"V7",0.8035,7,1,1
"408",21,"V8",0.8184,8,1,0
"409",21,"V9",0.7526,9,1,0
"410",21,"V10",0.7864,10,0,0
"411",21,"V11",0.9181,11,1,0
"412",21,"V12",0.9594,12,1,0
"413",21,"V13",0.6652,13,1,1
"414",21,"V14",0.9395,14,1,0
"415",21,"V15",0.8949,15,0,0
"416",21,"V16",0.8893,16,1,0
"417",21,"V17",0.8621,17,1,0
"418",21,"V18",0.8621,18,1,0
"419",21,"V19",0.7596,19,1,0
"420",21,"V20",0.843,20,0,0
"421",22,"V1",0.9108,1,1,0
"422",22,"V2",0.9586,2,1,0
"423",22,"V3",0.8661,3,1,1
"424",22,"V4",0.8901,4,1,1
"425",22,"V5",0.828,5,1,0
"426",22,"V6",0.9564,6,1,1
"427",22,"V7",0.0251,7,0,0
"428",22,"V8",0.8184,8,1,1
"429",22,"V9",0.7526,9,0,0
"430",22,"V10",0.7864,10,1,0
"431",22,"V11",0.9181,11,1,0
"432",22,"V12",0.9594,12,1,0
"433",22,"V13",0.6652,13,0,0
"434",22,"V14",0.9395,14,1,0
"435",22,"V15",0.0313,15,0,0
"436",22,"V16",0.8893,16,1,0
"437",22,"V17",0.8621,17,0,0
"438",22,"V18",0.8621,18,1,0
"439",22,"V19",0.0224,19,0,0
"440",22,"V20",0.843,20,1,1
"441",23,"V1",0.9108,1,1,0
"442",23,"V2",0.9586,2,1,1
"443",23,"V3",0.8661,3,1,0
"444",23,"V4",0.8901,4,1,0
"445",23,"V5",0.828,5,1,0
"446",23,"V6",0.9564,6,1,0
"447",23,"V7",0.8035,7,1,0
"448",23,"V8",0.8184,8,1,1
"449",23,"V9",0.7526,9,1,0
"450",23,"V10",0.7864,10,1,0
"451",23,"V11",0.9181,11,1,0
"452",23,"V12",0.9594,12,1,1
"453",23,"V13",0.6652,13,1,0
"454",23,"V14",0.9395,14,1,0
"455",23,"V15",0.8949,15,1,1
"456",23,"V16",0.8893,16,1,0
"457",23,"V17",0.8621,17,1,0
"458",23,"V18",0.8621,18,1,0
"459",23,"V19",0.7596,19,1,1
"460",23,"V20",0.843,20,1,0
"461",24,"V1",0.0298,1,0,0
"462",24,"V2",0.0163,2,0,0
"463",24,"V3",1e-04,3,0,0
"464",24,"V4",0.8901,4,0,0
"465",24,"V5",0.3006,5,0,0
"466",24,"V6",0.9564,6,1,0
"467",24,"V7",0.0251,7,0,0
"468",24,"V8",0.8184,8,0,1
"469",24,"V9",0.7526,9,0,0
"470",24,"V10",0.7864,10,1,0
"471",24,"V11",0.9181,11,1,0
"472",24,"V12",0.9594,12,0,1
"473",24,"V13",0.013,13,0,0
"474",24,"V14",0.9395,14,1,0
"475",24,"V15",0.0313,15,0,0
"476",24,"V16",0.8893,16,1,0
"477",24,"V17",0.8621,17,1,0
"478",24,"V18",0.8621,18,1,0
"479",24,"V19",0.0224,19,0,0
"480",24,"V20",0.843,20,1,0
"481",25,"V1",0.9108,1,1,1
"482",25,"V2",0.9586,2,1,0
"483",25,"V3",0.8661,3,1,0
"484",25,"V4",0.8901,4,1,0
"485",25,"V5",0.828,5,1,1
"486",25,"V6",0.9564,6,1,1
"487",25,"V7",0.0251,7,0,0
"488",25,"V8",0.8184,8,1,0
"489",25,"V9",0.7526,9,1,0
"490",25,"V10",0.7864,10,1,0
"491",25,"V11",0.9181,11,1,0
"492",25,"V12",0.9594,12,1,0
"493",25,"V13",0.6652,13,0,0
"494",25,"V14",0.9395,14,1,0
"495",25,"V15",0.0313,15,0,0
"496",25,"V16",0.8893,16,0,0
"497",25,"V17",0.8621,17,0,0
"498",25,"V18",0.8621,18,0,0
"499",25,"V19",0.0224,19,0,1
"500",25,"V20",0.843,20,0,0
"501",26,"V1",0.0298,1,0,1
"502",26,"V2",0.0163,2,0,1
"503",26,"V3",1e-04,3,0,1
"504",26,"V4",0.2236,4,0,0
"505",26,"V5",0.3006,5,0,0
"506",26,"V6",0.0951,6,0,0
"507",26,"V7",0.0251,7,0,0
"508",26,"V8",0.4438,8,0,0
"509",26,"V9",0.2883,9,1,0
"510",26,"V10",0.029,10,0,1
"511",26,"V11",0.0656,11,0,1
"512",26,"V12",0.1274,12,0,0
"513",26,"V13",0.013,13,0,0
"514",26,"V14",0.0615,14,0,0
"515",26,"V15",0.0313,15,0,0
"516",26,"V16",0.1086,16,0,1
"517",26,"V17",0.0383,17,0,0
"518",26,"V18",0.1194,18,0,0
"519",26,"V19",0.0224,19,0,0
"520",26,"V20",0.0125,20,0,0
"521",27,"V1",0.0298,1,0,0
"522",27,"V2",0.0163,2,0,1
"523",27,"V3",1e-04,3,0,0
"524",27,"V4",0.2236,4,0,1
"525",27,"V5",0.3006,5,1,0
"526",27,"V6",0.9564,6,1,0
"527",27,"V7",0.0251,7,0,0
"528",27,"V8",0.8184,8,0,0
"529",27,"V9",0.7526,9,0,1
"530",27,"V10",0.029,10,0,1
"531",27,"V11",0.0656,11,0,0
"532",27,"V12",0.9594,12,0,1
"533",27,"V13",0.013,13,0,0
"534",27,"V14",0.9395,14,1,0
"535",27,"V15",0.0313,15,0,0
"536",27,"V16",0.8893,16,1,0
"537",27,"V17",0.0383,17,0,0
"538",27,"V18",0.1194,18,0,0
"539",27,"V19",0.0224,19,0,0
"540",27,"V20",0.0125,20,0,1
"541",28,"V1",0.0298,1,0,0
"542",28,"V2",0.0163,2,0,0
"543",28,"V3",1e-04,3,0,0
"544",28,"V4",0.2236,4,0,0
"545",28,"V5",0.3006,5,0,0
"546",28,"V6",0.0951,6,0,0
"547",28,"V7",0.0251,7,0,0
"548",28,"V8",0.4438,8,0,0
"549",28,"V9",0.2883,9,0,1
"550",28,"V10",0.029,10,0,0
"551",28,"V11",0.0656,11,0,1
"552",28,"V12",0.1274,12,0,0
"553",28,"V13",0.013,13,0,0
"554",28,"V14",0.0615,14,0,0
"555",28,"V15",0.0313,15,0,0
"556",28,"V16",0.1086,16,0,0
"557",28,"V17",0.0383,17,0,0
"558",28,"V18",0.1194,18,0,0
"559",28,"V19",0.0224,19,0,1
"560",28,"V20",0.0125,20,0,0
"561",29,"V1",0.0298,1,0,0
"562",29,"V2",0.0163,2,0,0
"563",29,"V3",1e-04,3,0,0
"564",29,"V4",0.2236,4,0,0
"565",29,"V5",0.3006,5,0,0
"566",29,"V6",0.9564,6,1,0
"567",29,"V7",0.0251,7,0,1
"568",29,"V8",0.8184,8,1,0
"569",29,"V9",0.7526,9,1,0
"570",29,"V10",0.029,10,0,0
"571",29,"V11",0.0656,11,0,0
"572",29,"V12",0.1274,12,0,0
"573",29,"V13",0.013,13,0,0
"574",29,"V14",0.9395,14,1,0
"575",29,"V15",0.0313,15,0,0
"576",29,"V16",0.8893,16,1,0
"577",29,"V17",0.0383,17,0,0
"578",29,"V18",0.1194,18,0,0
"579",29,"V19",0.0224,19,0,1
"580",29,"V20",0.0125,20,0,1
"581",30,"V1",0.9108,1,1,0
"582",30,"V2",0.9586,2,1,0
"583",30,"V3",0.8661,3,1,0
"584",30,"V4",0.8901,4,1,0
"585",30,"V5",0.828,5,1,0
"586",30,"V6",0.9564,6,1,0
"587",30,"V7",0.8035,7,1,0
"588",30,"V8",0.8184,8,1,1
"589",30,"V9",0.7526,9,1,0
"590",30,"V10",0.7864,10,1,1
"591",30,"V11",0.9181,11,1,1
"592",30,"V12",0.9594,12,1,1
"593",30,"V13",0.6652,13,1,1
"594",30,"V14",0.9395,14,1,0
"595",30,"V15",0.8949,15,1,0
"596",30,"V16",0.8893,16,1,1
"597",30,"V17",0.8621,17,1,0
"598",30,"V18",0.8621,18,1,0
"599",30,"V19",0.7596,19,1,1
"600",30,"V20",0.843,20,1,0
"601",31,"V1",0.0298,1,1,1
"602",31,"V2",0.0163,2,0,0
"603",31,"V3",1e-04,3,0,0
"604",31,"V4",0.8901,4,1,0
"605",31,"V5",0.3006,5,1,0
"606",31,"V6",0.9564,6,1,0
"607",31,"V7",0.8035,7,1,0
"608",31,"V8",0.8184,8,1,0
"609",31,"V9",0.7526,9,1,0
"610",31,"V10",0.7864,10,0,0
"611",31,"V11",0.9181,11,1,0
"612",31,"V12",0.9594,12,1,1
"613",31,"V13",0.013,13,0,0
"614",31,"V14",0.9395,14,1,0
"615",31,"V15",0.8949,15,1,0
"616",31,"V16",0.8893,16,1,0
"617",31,"V17",0.8621,17,1,0
"618",31,"V18",0.8621,18,1,0
"619",31,"V19",0.7596,19,1,0
"620",31,"V20",0.843,20,0,0
"621",32,"V1",0.9108,1,1,0
"622",32,"V2",0.9586,2,1,0
"623",32,"V3",0.8661,3,1,1
"624",32,"V4",0.8901,4,1,0
"625",32,"V5",0.828,5,1,1
"626",32,"V6",0.9564,6,1,0
"627",32,"V7",0.8035,7,1,0
"628",32,"V8",0.8184,8,1,0
"629",32,"V9",0.7526,9,1,0
"630",32,"V10",0.7864,10,1,1
"631",32,"V11",0.9181,11,1,1
"632",32,"V12",0.9594,12,1,0
"633",32,"V13",0.6652,13,1,1
"634",32,"V14",0.9395,14,1,1
"635",32,"V15",0.8949,15,1,0
"636",32,"V16",0.8893,16,1,1
"637",32,"V17",0.8621,17,1,1
"638",32,"V18",0.8621,18,1,0
"639",32,"V19",0.7596,19,1,0
"640",32,"V20",0.843,20,1,1
"641",33,"V1",0.9108,1,1,1
"642",33,"V2",0.9586,2,1,0
"643",33,"V3",0.8661,3,1,1
"644",33,"V4",0.8901,4,1,0
"645",33,"V5",0.828,5,1,0
"646",33,"V6",0.9564,6,1,0
"647",33,"V7",0.8035,7,1,0
"648",33,"V8",0.8184,8,1,0
"649",33,"V9",0.7526,9,0,0
"650",33,"V10",0.7864,10,1,0
"651",33,"V11",0.9181,11,1,0
"652",33,"V12",0.9594,12,1,0
"653",33,"V13",0.6652,13,1,0
"654",33,"V14",0.9395,14,0,0
"655",33,"V15",0.8949,15,1,0
"656",33,"V16",0.8893,16,1,0
"657",33,"V17",0.8621,17,1,0
"658",33,"V18",0.8621,18,1,0
"659",33,"V19",0.7596,19,1,0
"660",33,"V20",0.843,20,1,0
"661",34,"V1",0.0298,1,0,0
"662",34,"V2",0.0163,2,0,1
"663",34,"V3",1e-04,3,0,0
"664",34,"V4",0.8901,4,1,0
"665",34,"V5",0.3006,5,0,0
"666",34,"V6",0.9564,6,1,0
"667",34,"V7",0.8035,7,1,0
"668",34,"V8",0.8184,8,1,0
"669",34,"V9",0.7526,9,1,0
"670",34,"V10",0.7864,10,1,0
"671",34,"V11",0.9181,11,0,0
"672",34,"V12",0.9594,12,1,0
"673",34,"V13",0.013,13,0,0
"674",34,"V14",0.9395,14,1,0
"675",34,"V15",0.8949,15,1,0
"676",34,"V16",0.8893,16,1,0
"677",34,"V17",0.8621,17,1,0
"678",34,"V18",0.8621,18,1,0
"679",34,"V19",0.7596,19,1,0
"680",34,"V20",0.843,20,1,0
"681",35,"V1",0.9108,1,1,1
"682",35,"V2",0.9586,2,1,0
"683",35,"V3",0.8661,3,1,0
"684",35,"V4",0.8901,4,1,0
"685",35,"V5",0.828,5,1,0
"686",35,"V6",0.9564,6,1,0
"687",35,"V7",0.8035,7,0,0
"688",35,"V8",0.8184,8,1,0
"689",35,"V9",0.7526,9,0,0
"690",35,"V10",0.7864,10,1,1
"691",35,"V11",0.9181,11,1,1
"692",35,"V12",0.9594,12,1,0
"693",35,"V13",0.6652,13,1,0
"694",35,"V14",0.9395,14,1,1
"695",35,"V15",0.8949,15,1,0
"696",35,"V16",0.8893,16,1,0
"697",35,"V17",0.8621,17,0,1
"698",35,"V18",0.8621,18,1,0
"699",35,"V19",0.7596,19,1,0
"700",35,"V20",0.843,20,1,0
"701",36,"V1",0.9108,1,1,0
"702",36,"V2",0.9586,2,1,0
"703",36,"V3",0.8661,3,1,1
"704",36,"V4",0.2236,4,0,0
"705",36,"V5",0.828,5,1,0
"706",36,"V6",0.9564,6,1,0
"707",36,"V7",0.0251,7,0,1
"708",36,"V8",0.8184,8,0,0
"709",36,"V9",0.7526,9,1,1
"710",36,"V10",0.029,10,1,1
"711",36,"V11",0.0656,11,0,0
"712",36,"V12",0.9594,12,0,0
"713",36,"V13",0.013,13,1,1
"714",36,"V14",0.9395,14,1,0
"715",36,"V15",0.0313,15,1,1
"716",36,"V16",0.8893,16,1,0
"717",36,"V17",0.0383,17,0,0
"718",36,"V18",0.1194,18,1,0
"719",36,"V19",0.0224,19,0,1
"720",36,"V20",0.0125,20,0,0
"721",37,"V1",0.0298,1,0,1
"722",37,"V2",0.0163,2,0,0
"723",37,"V3",1e-04,3,0,0
"724",37,"V4",0.2236,4,1,1
"725",37,"V5",0.3006,5,0,0
"726",37,"V6",0.0951,6,0,0
"727",37,"V7",0.0251,7,0,0
"728",37,"V8",0.4438,8,1,0
"729",37,"V9",0.2883,9,0,0
"730",37,"V10",0.029,10,0,0
"731",37,"V11",0.0656,11,0,0
"732",37,"V12",0.1274,12,1,0
"733",37,"V13",0.013,13,0,0
"734",37,"V14",0.0615,14,1,1
"735",37,"V15",0.0313,15,1,0
"736",37,"V16",0.1086,16,1,0
"737",37,"V17",0.0383,17,1,1
"738",37,"V18",0.1194,18,0,0
"739",37,"V19",0.0224,19,0,0
"740",37,"V20",0.0125,20,1,0
"741",38,"V1",0.9108,1,1,0
"742",38,"V2",0.9586,2,1,0
"743",38,"V3",0.8661,3,1,0
"744",38,"V4",0.2236,4,1,0
"745",38,"V5",0.828,5,1,0
"746",38,"V6",0.9564,6,1,0
"747",38,"V7",0.8035,7,1,0
"748",38,"V8",0.8184,8,1,0
"749",38,"V9",0.7526,9,0,0
"750",38,"V10",0.029,10,0,0
"751",38,"V11",0.0656,11,0,1
"752",38,"V12",0.9594,12,0,1
"753",38,"V13",0.013,13,0,0
"754",38,"V14",0.9395,14,1,0
"755",38,"V15",0.8949,15,1,0
"756",38,"V16",0.8893,16,1,0
"757",38,"V17",0.0383,17,0,0
"758",38,"V18",0.1194,18,0,0
"759",38,"V19",0.0224,19,0,0
"760",38,"V20",0.0125,20,0,0
"761",39,"V1",0.9108,1,1,0
"762",39,"V2",0.9586,2,1,0
"763",39,"V3",0.8661,3,1,0
"764",39,"V4",0.8901,4,1,0
"765",39,"V5",0.828,5,1,0
"766",39,"V6",0.9564,6,1,1
"767",39,"V7",0.8035,7,1,0
"768",39,"V8",0.8184,8,1,1
"769",39,"V9",0.7526,9,1,0
"770",39,"V10",0.7864,10,1,0
"771",39,"V11",0.9181,11,1,0
"772",39,"V12",0.9594,12,1,0
"773",39,"V13",0.6652,13,1,0
"774",39,"V14",0.9395,14,1,0
"775",39,"V15",0.8949,15,1,0
"776",39,"V16",0.8893,16,1,0
"777",39,"V17",0.8621,17,0,1
"778",39,"V18",0.8621,18,0,1
"779",39,"V19",0.7596,19,1,0
"780",39,"V20",0.843,20,1,0
"781",40,"V1",0.0298,1,0,0
"782",40,"V2",0.0163,2,0,0
"783",40,"V3",1e-04,3,0,0
"784",40,"V4",0.2236,4,0,0
"785",40,"V5",0.3006,5,1,0
"786",40,"V6",0.0951,6,0,0
"787",40,"V7",0.0251,7,0,0
"788",40,"V8",0.4438,8,0,0
"789",40,"V9",0.2883,9,1,0
"790",40,"V10",0.029,10,0,0
"791",40,"V11",0.0656,11,0,0
"792",40,"V12",0.1274,12,1,0
"793",40,"V13",0.013,13,0,1
"794",40,"V14",0.0615,14,1,1
"795",40,"V15",0.0313,15,0,1
"796",40,"V16",0.1086,16,1,0
"797",40,"V17",0.0383,17,0,0
"798",40,"V18",0.1194,18,0,0
"799",40,"V19",0.0224,19,0,1
"800",40,"V20",0.0125,20,0,1
"801",41,"V1",0.0298,1,0,0
"802",41,"V2",0.0163,2,0,0
"803",41,"V3",1e-04,3,0,1
"804",41,"V4",0.2236,4,0,0
"805",41,"V5",0.3006,5,0,1
"806",41,"V6",0.0951,6,0,0
"807",41,"V7",0.0251,7,0,0
"808",41,"V8",0.4438,8,0,0
"809",41,"V9",0.2883,9,1,0
"810",41,"V10",0.029,10,0,0
"811",41,"V11",0.0656,11,0,0
"812",41,"V12",0.1274,12,0,0
"813",41,"V13",0.013,13,0,0
"814",41,"V14",0.0615,14,0,0
"815",41,"V15",0.0313,15,0,0
"816",41,"V16",0.1086,16,0,0
"817",41,"V17",0.0383,17,0,1
"818",41,"V18",0.1194,18,0,0
"819",41,"V19",0.0224,19,0,0
"820",41,"V20",0.0125,20,0,0
"821",42,"V1",0.9108,1,1,0
"822",42,"V2",0.9586,2,1,1
"823",42,"V3",0.8661,3,1,0
"824",42,"V4",0.8901,4,1,0
"825",42,"V5",0.828,5,1,0
"826",42,"V6",0.9564,6,1,0
"827",42,"V7",0.8035,7,1,1
"828",42,"V8",0.8184,8,1,0
"829",42,"V9",0.7526,9,1,1
"830",42,"V10",0.7864,10,1,0
"831",42,"V11",0.9181,11,1,0
"832",42,"V12",0.9594,12,1,0
"833",42,"V13",0.6652,13,1,0
"834",42,"V14",0.9395,14,1,0
"835",42,"V15",0.8949,15,1,0
"836",42,"V16",0.8893,16,1,0
"837",42,"V17",0.8621,17,1,0
"838",42,"V18",0.8621,18,1,0
"839",42,"V19",0.7596,19,1,0
"840",42,"V20",0.843,20,1,0
"841",43,"V1",0.9108,1,1,0
"842",43,"V2",0.9586,2,1,0
"843",43,"V3",0.8661,3,1,1
"844",43,"V4",0.8901,4,1,0
"845",43,"V5",0.828,5,1,0
"846",43,"V6",0.9564,6,1,0
"847",43,"V7",0.8035,7,1,0
"848",43,"V8",0.8184,8,1,0
"849",43,"V9",0.7526,9,1,0
"850",43,"V10",0.7864,10,1,0
"851",43,"V11",0.9181,11,1,0
"852",43,"V12",0.9594,12,1,0
"853",43,"V13",0.6652,13,1,0
"854",43,"V14",0.9395,14,1,0
"855",43,"V15",0.8949,15,1,1
"856",43,"V16",0.8893,16,1,0
"857",43,"V17",0.8621,17,1,1
"858",43,"V18",0.8621,18,1,0
"859",43,"V19",0.7596,19,0,1
"860",43,"V20",0.843,20,1,0
"861",44,"V1",0.0298,1,0,0
"862",44,"V2",0.0163,2,0,0
"863",44,"V3",1e-04,3,0,1
"864",44,"V4",0.2236,4,0,0
"865",44,"V5",0.3006,5,0,0
"866",44,"V6",0.0951,6,1,1
"867",44,"V7",0.0251,7,0,0
"868",44,"V8",0.4438,8,0,1
"869",44,"V9",0.2883,9,0,0
"870",44,"V10",0.029,10,0,0
"871",44,"V11",0.0656,11,0,0
"872",44,"V12",0.1274,12,1,0
"873",44,"V13",0.013,13,0,1
"874",44,"V14",0.0615,14,0,0
"875",44,"V15",0.0313,15,0,0
"876",44,"V16",0.1086,16,0,1
"877",44,"V17",0.0383,17,0,0
"878",44,"V18",0.1194,18,0,0
"879",44,"V19",0.0224,19,0,0
"880",44,"V20",0.0125,20,0,0
"881",45,"V1",0.9108,1,1,1
"882",45,"V2",0.9586,2,1,0
"883",45,"V3",0.8661,3,1,0
"884",45,"V4",0.8901,4,1,1
"885",45,"V5",0.828,5,0,1
"886",45,"V6",0.9564,6,1,0
"887",45,"V7",0.8035,7,1,0
"888",45,"V8",0.8184,8,1,0
"889",45,"V9",0.7526,9,1,0
"890",45,"V10",0.7864,10,1,0
"891",45,"V11",0.9181,11,1,0
"892",45,"V12",0.9594,12,1,0
"893",45,"V13",0.6652,13,0,0
"894",45,"V14",0.9395,14,1,0
"895",45,"V15",0.8949,15,1,1
"896",45,"V16",0.8893,16,0,0
"897",45,"V17",0.8621,17,1,0
"898",45,"V18",0.8621,18,1,0
"899",45,"V19",0.7596,19,1,0
"900",45,"V20",0.843,20,1,0
"901",46,"V1",0.9108,1,1,1
"902",46,"V2",0.9586,2,1,0
"903",46,"V3",0.8661,3,0,0
"904",46,"V4",0.8901,4,1,0
"905",46,"V5",0.828,5,0,0
"906",46,"V6",0.9564,6,1,1
"907",46,"V7",0.8035,7,0,0
"908",46,"V8",0.8184,8,1,0
"909",46,"V9",0.7526,9,1,0
"910",46,"V10",0.7864,10,1,0
"911",46,"V11",0.9181,11,1,0
"912",46,"V12",0.9594,12,1,0
"913",46,"V13",0.6652,13,0,0
"914",46,"V14",0.9395,14,1,0
"915",46,"V15",0.8949,15,1,0
"916",46,"V16",0.8893,16,0,0
"917",46,"V17",0.8621,17,1,1
"918",46,"V18",0.8621,18,0,0
"919",46,"V19",0.7596,19,1,0
"920",46,"V20",0.843,20,1,0
"921",47,"V1",0.0298,1,0,0
"922",47,"V2",0.0163,2,0,0
"923",47,"V3",1e-04,3,0,1
"924",47,"V4",0.2236,4,0,0
"925",47,"V5",0.3006,5,0,0
"926",47,"V6",0.9564,6,1,0
"927",47,"V7",0.0251,7,0,1
"928",47,"V8",0.8184,8,0,1
"929",47,"V9",0.7526,9,1,0
"930",47,"V10",0.029,10,0,0
"931",47,"V11",0.0656,11,0,0
"932",47,"V12",0.9594,12,1,0
"933",47,"V13",0.013,13,0,1
"934",47,"V14",0.9395,14,1,0
"935",47,"V15",0.0313,15,0,0
"936",47,"V16",0.8893,16,0,1
"937",47,"V17",0.0383,17,0,1
"938",47,"V18",0.1194,18,0,1
"939",47,"V19",0.0224,19,0,0
"940",47,"V20",0.0125,20,0,0
"941",48,"V1",0.0298,1,0,0
"942",48,"V2",0.0163,2,0,0
"943",48,"V3",1e-04,3,0,0
"944",48,"V4",0.2236,4,0,1
"945",48,"V5",0.3006,5,0,1
"946",48,"V6",0.9564,6,1,0
"947",48,"V7",0.0251,7,0,0
"948",48,"V8",0.8184,8,0,1
"949",48,"V9",0.2883,9,0,0
"950",48,"V10",0.029,10,0,0
"951",48,"V11",0.0656,11,1,1
"952",48,"V12",0.1274,12,1,1
"953",48,"V13",0.013,13,0,0
"954",48,"V14",0.0615,14,1,1
"955",48,"V15",0.0313,15,0,1
"956",48,"V16",0.1086,16,0,0
"957",48,"V17",0.0383,17,1,0
"958",48,"V18",0.1194,18,1,1
"959",48,"V19",0.0224,19,0,1
"960",48,"V20",0.0125,20,0,0
"961",49,"V1",0.0298,1,0,0
"962",49,"V2",0.0163,2,0,0
"963",49,"V3",1e-04,3,0,0
"964",49,"V4",0.2236,4,0,1
"965",49,"V5",0.3006,5,1,1
"966",49,"V6",0.0951,6,0,0
"967",49,"V7",0.0251,7,0,0
"968",49,"V8",0.4438,8,0,0
"969",49,"V9",0.2883,9,1,0
"970",49,"V10",0.029,10,0,0
"971",49,"V11",0.0656,11,0,0
"972",49,"V12",0.1274,12,0,0
"973",49,"V13",0.013,13,0,0
"974",49,"V14",0.0615,14,0,1
"975",49,"V15",0.0313,15,0,0
"976",49,"V16",0.1086,16,0,0
"977",49,"V17",0.0383,17,0,0
"978",49,"V18",0.1194,18,0,0
"979",49,"V19",0.0224,19,0,0
"980",49,"V20",0.0125,20,0,0
"981",50,"V1",0.0298,1,0,1
"982",50,"V2",0.0163,2,0,0
"983",50,"V3",1e-04,3,0,0
"984",50,"V4",0.8901,4,1,1
"985",50,"V5",0.3006,5,0,1
"986",50,"V6",0.9564,6,1,0
"987",50,"V7",0.8035,7,1,0
"988",50,"V8",0.8184,8,1,0
"989",50,"V9",0.7526,9,1,0
"990",50,"V10",0.7864,10,0,0
"991",50,"V11",0.9181,11,1,0
"992",50,"V12",0.9594,12,1,0
"993",50,"V13",0.013,13,1,1
"994",50,"V14",0.9395,14,1,1
"995",50,"V15",0.8949,15,1,0
"996",50,"V16",0.8893,16,0,0
"997",50,"V17",0.8621,17,1,0
"998",50,"V18",0.8621,18,1,0
"999",50,"V19",0.7596,19,1,0
"1000",50,"V20",0.843,20,1,1
"1001",51,"V1",0.0298,1,0,1
"1002",51,"V2",0.0163,2,0,0
"1003",51,"V3",1e-04,3,0,0
"1004",51,"V4",0.2236,4,0,0
"1005",51,"V5",0.3006,5,1,0
"1006",51,"V6",0.0951,6,0,0
"1007",51,"V7",0.0251,7,0,0
"1008",51,"V8",0.4438,8,0,0
"1009",51,"V9",0.2883,9,0,0
"1010",51,"V10",0.029,10,0,0
"1011",51,"V11",0.0656,11,0,1
"1012",51,"V12",0.1274,12,0,0
"1013",51,"V13",0.013,13,0,1
"1014",51,"V14",0.0615,14,0,0
"1015",51,"V15",0.0313,15,0,0
"1016",51,"V16",0.1086,16,0,0
"1017",51,"V17",0.0383,17,0,1
"1018",51,"V18",0.1194,18,0,0
"1019",51,"V19",0.0224,19,0,1
"1020",51,"V20",0.0125,20,0,1
"1021",52,"V1",0.9108,1,1,0
"1022",52,"V2",0.9586,2,1,0
"1023",52,"V3",0.8661,3,1,0
"1024",52,"V4",0.2236,4,0,0
"1025",52,"V5",0.3006,5,0,1
"1026",52,"V6",0.9564,6,1,0
"1027",52,"V7",0.0251,7,0,0
"1028",52,"V8",0.8184,8,0,1
"1029",52,"V9",0.2883,9,1,1
"1030",52,"V10",0.029,10,0,1
"1031",52,"V11",0.0656,11,0,1
"1032",52,"V12",0.1274,12,0,0
"1033",52,"V13",0.013,13,0,0
"1034",52,"V14",0.0615,14,1,0
"1035",52,"V15",0.0313,15,0,0
"1036",52,"V16",0.1086,16,0,0
"1037",52,"V17",0.0383,17,0,0
"1038",52,"V18",0.1194,18,0,0
"1039",52,"V19",0.0224,19,0,0
"1040",52,"V20",0.0125,20,0,0
"1041",53,"V1",0.0298,1,0,0
"1042",53,"V2",0.9586,2,1,0
"1043",53,"V3",0.8661,3,0,0
"1044",53,"V4",0.2236,4,0,0
"1045",53,"V5",0.3006,5,0,0
"1046",53,"V6",0.9564,6,1,0
"1047",53,"V7",0.0251,7,0,0
"1048",53,"V8",0.8184,8,1,0
"1049",53,"V9",0.2883,9,0,0
"1050",53,"V10",0.029,10,0,0
"1051",53,"V11",0.0656,11,0,0
"1052",53,"V12",0.9594,12,1,0
"1053",53,"V13",0.013,13,0,1
"1054",53,"V14",0.0615,14,0,0
"1055",53,"V15",0.8949,15,1,0
"1056",53,"V16",0.1086,16,0,0
"1057",53,"V17",0.0383,17,0,0
"1058",53,"V18",0.1194,18,0,1
"1059",53,"V19",0.0224,19,0,1
"1060",53,"V20",0.0125,20,0,0
"1061",54,"V1",0.9108,1,0,1
"1062",54,"V2",0.9586,2,1,0
"1063",54,"V3",0.8661,3,1,0
"1064",54,"V4",0.8901,4,1,1
"1065",54,"V5",0.828,5,1,0
"1066",54,"V6",0.9564,6,1,1
"1067",54,"V7",0.8035,7,1,0
"1068",54,"V8",0.8184,8,1,0
"1069",54,"V9",0.7526,9,1,1
"1070",54,"V10",0.7864,10,1,0
"1071",54,"V11",0.9181,11,1,1
"1072",54,"V12",0.9594,12,1,0
"1073",54,"V13",0.6652,13,0,1
"1074",54,"V14",0.9395,14,1,0
"1075",54,"V15",0.8949,15,1,0
"1076",54,"V16",0.8893,16,1,0
"1077",54,"V17",0.8621,17,1,0
"1078",54,"V18",0.8621,18,1,0
"1079",54,"V19",0.7596,19,1,0
"1080",54,"V20",0.843,20,1,0
"1081",55,"V1",0.0298,1,0,0
"1082",55,"V2",0.0163,2,0,0
"1083",55,"V3",1e-04,3,0,0
"1084",55,"V4",0.8901,4,1,1
"1085",55,"V5",0.3006,5,0,0
"1086",55,"V6",0.9564,6,1,0
"1087",55,"V7",0.0251,7,0,1
"1088",55,"V8",0.8184,8,1,0
"1089",55,"V9",0.7526,9,1,0
"1090",55,"V10",0.7864,10,0,1
"1091",55,"V11",0.9181,11,1,0
"1092",55,"V12",0.9594,12,1,0
"1093",55,"V13",0.013,13,0,0
"1094",55,"V14",0.9395,14,1,0
"1095",55,"V15",0.0313,15,0,0
"1096",55,"V16",0.8893,16,1,0
"1097",55,"V17",0.8621,17,1,0
"1098",55,"V18",0.1194,18,0,0
"1099",55,"V19",0.0224,19,0,0
"1100",55,"V20",0.843,20,1,0
"1101",56,"V1",0.9108,1,1,0
"1102",56,"V2",0.9586,2,1,0
"1103",56,"V3",0.8661,3,1,0
"1104",56,"V4",0.8901,4,1,1
"1105",56,"V5",0.828,5,1,0
"1106",56,"V6",0.9564,6,1,1
"1107",56,"V7",0.8035,7,1,0
"1108",56,"V8",0.8184,8,1,0
"1109",56,"V9",0.7526,9,1,0
"1110",56,"V10",0.7864,10,1,0
"1111",56,"V11",0.9181,11,1,0
"1112",56,"V12",0.9594,12,1,0
"1113",56,"V13",0.6652,13,1,1
"1114",56,"V14",0.9395,14,1,0
"1115",56,"V15",0.8949,15,1,0
"1116",56,"V16",0.8893,16,1,0
"1117",56,"V17",0.8621,17,1,1
"1118",56,"V18",0.8621,18,1,1
"1119",56,"V19",0.7596,19,1,0
"1120",56,"V20",0.843,20,1,0
"1121",57,"V1",0.9108,1,1,0
"1122",57,"V2",0.9586,2,1,0
"1123",57,"V3",0.8661,3,1,1
"1124",57,"V4",0.8901,4,1,0
"1125",57,"V5",0.828,5,1,1
"1126",57,"V6",0.9564,6,1,0
"1127",57,"V7",0.8035,7,1,0
"1128",57,"V8",0.8184,8,1,0
"1129",57,"V9",0.7526,9,1,0
"1130",57,"V10",0.7864,10,1,0
"1131",57,"V11",0.9181,11,1,0
"1132",57,"V12",0.9594,12,1,0
"1133",57,"V13",0.6652,13,0,1
"1134",57,"V14",0.9395,14,1,0
"1135",57,"V15",0.8949,15,1,0
"1136",57,"V16",0.8893,16,1,0
"1137",57,"V17",0.8621,17,1,0
"1138",57,"V18",0.8621,18,1,0
"1139",57,"V19",0.7596,19,1,0
"1140",57,"V20",0.843,20,1,0
"1141",58,"V1",0.0298,1,0,1
"1142",58,"V2",0.0163,2,0,1
"1143",58,"V3",1e-04,3,0,1
"1144",58,"V4",0.2236,4,0,1
"1145",58,"V5",0.3006,5,0,1
"1146",58,"V6",0.0951,6,0,0
"1147",58,"V7",0.0251,7,0,0
"1148",58,"V8",0.4438,8,0,0
"1149",58,"V9",0.2883,9,1,0
"1150",58,"V10",0.029,10,0,0
"1151",58,"V11",0.0656,11,0,0
"1152",58,"V12",0.1274,12,0,0
"1153",58,"V13",0.013,13,0,1
"1154",58,"V14",0.0615,14,0,0
"1155",58,"V15",0.0313,15,0,0
"1156",58,"V16",0.1086,16,0,0
"1157",58,"V17",0.0383,17,0,0
"1158",58,"V18",0.1194,18,0,0
"1159",58,"V19",0.0224,19,0,1
"1160",58,"V20",0.0125,20,0,0
"1161",59,"V1",0.0298,1,0,0
"1162",59,"V2",0.0163,2,0,0
"1163",59,"V3",1e-04,3,0,0
"1164",59,"V4",0.2236,4,0,0
"1165",59,"V5",0.3006,5,1,0
"1166",59,"V6",0.9564,6,1,0
"1167",59,"V7",0.0251,7,0,0
"1168",59,"V8",0.8184,8,0,1
"1169",59,"V9",0.2883,9,1,0
"1170",59,"V10",0.029,10,0,0
"1171",59,"V11",0.0656,11,0,0
"1172",59,"V12",0.9594,12,1,0
"1173",59,"V13",0.013,13,0,0
"1174",59,"V14",0.0615,14,0,0
"1175",59,"V15",0.0313,15,0,0
"1176",59,"V16",0.1086,16,1,1
"1177",59,"V17",0.0383,17,0,1
"1178",59,"V18",0.1194,18,0,0
"1179",59,"V19",0.0224,19,0,0
"1180",59,"V20",0.0125,20,0,0
"1181",60,"V1",0.9108,1,1,0
"1182",60,"V2",0.9586,2,1,0
"1183",60,"V3",0.8661,3,1,0
"1184",60,"V4",0.8901,4,0,0
"1185",60,"V5",0.828,5,0,0
"1186",60,"V6",0.9564,6,1,0
"1187",60,"V7",0.8035,7,0,0
"1188",60,"V8",0.8184,8,0,0
"1189",60,"V9",0.7526,9,0,1
"1190",60,"V10",0.7864,10,1,1
"1191",60,"V11",0.9181,11,1,0
"1192",60,"V12",0.9594,12,1,0
"1193",60,"V13",0.6652,13,0,0
"1194",60,"V14",0.9395,14,1,1
"1195",60,"V15",0.8949,15,1,1
"1196",60,"V16",0.8893,16,1,0
"1197",60,"V17",0.8621,17,1,0
"1198",60,"V18",0.8621,18,1,1
"1199",60,"V19",0.7596,19,1,1
"1200",60,"V20",0.843,20,1,0
"1201",61,"V1",0.0298,1,0,0
"1202",61,"V2",0.0163,2,0,0
"1203",61,"V3",1e-04,3,0,0
"1204",61,"V4",0.2236,4,0,0
"1205",61,"V5",0.3006,5,0,0
"1206",61,"V6",0.9564,6,1,0
"1207",61,"V7",0.0251,7,0,0
"1208",61,"V8",0.8184,8,1,0
"1209",61,"V9",0.2883,9,0,1
"1210",61,"V10",0.029,10,0,0
"1211",61,"V11",0.0656,11,0,0
"1212",61,"V12",0.1274,12,0,0
"1213",61,"V13",0.013,13,0,0
"1214",61,"V14",0.0615,14,0,0
"1215",61,"V15",0.0313,15,0,0
"1216",61,"V16",0.1086,16,1,0
"1217",61,"V17",0.0383,17,0,0
"1218",61,"V18",0.1194,18,0,0
"1219",61,"V19",0.0224,19,0,0
"1220",61,"V20",0.0125,20,0,0
"1221",62,"V1",0.0298,1,0,0
"1222",62,"V2",0.0163,2,0,0
"1223",62,"V3",1e-04,3,0,1
"1224",62,"V4",0.2236,4,0,0
"1225",62,"V5",0.3006,5,1,0
"1226",62,"V6",0.0951,6,0,0
"1227",62,"V7",0.0251,7,0,0
"1228",62,"V8",0.4438,8,0,0
"1229",62,"V9",0.2883,9,0,0
"1230",62,"V10",0.029,10,0,0
"1231",62,"V11",0.0656,11,0,0
"1232",62,"V12",0.1274,12,0,1
"1233",62,"V13",0.013,13,0,0
"1234",62,"V14",0.0615,14,0,0
"1235",62,"V15",0.0313,15,0,0
"1236",62,"V16",0.1086,16,0,1
"1237",62,"V17",0.0383,17,0,0
"1238",62,"V18",0.1194,18,0,0
"1239",62,"V19",0.0224,19,0,0
"1240",62,"V20",0.0125,20,0,0
"1241",63,"V1",0.9108,1,1,0
"1242",63,"V2",0.9586,2,1,0
"1243",63,"V3",0.8661,3,1,0
"1244",63,"V4",0.2236,4,0,0
"1245",63,"V5",0.828,5,1,0
"1246",63,"V6",0.9564,6,1,0
"1247",63,"V7",0.8035,7,1,0
"1248",63,"V8",0.8184,8,1,0
"1249",63,"V9",0.7526,9,1,0
"1250",63,"V10",0.7864,10,0,0
"1251",63,"V11",0.9181,11,1,1
"1252",63,"V12",0.9594,12,1,0
"1253",63,"V13",0.6652,13,1,0
"1254",63,"V14",0.9395,14,1,0
"1255",63,"V15",0.8949,15,0,0
"1256",63,"V16",0.8893,16,1,1
"1257",63,"V17",0.8621,17,0,0
"1258",63,"V18",0.8621,18,1,0
"1259",63,"V19",0.0224,19,0,0
"1260",63,"V20",0.0125,20,0,0
"1261",64,"V1",0.9108,1,1,0
"1262",64,"V2",0.9586,2,1,1
"1263",64,"V3",0.8661,3,1,0
"1264",64,"V4",0.8901,4,1,0
"1265",64,"V5",0.828,5,1,0
"1266",64,"V6",0.9564,6,1,0
"1267",64,"V7",0.8035,7,1,0
"1268",64,"V8",0.8184,8,1,0
"1269",64,"V9",0.7526,9,1,1
"1270",64,"V10",0.7864,10,1,0
"1271",64,"V11",0.9181,11,1,0
"1272",64,"V12",0.9594,12,1,0
"1273",64,"V13",0.6652,13,0,0
"1274",64,"V14",0.9395,14,1,0
"1275",64,"V15",0.8949,15,1,0
"1276",64,"V16",0.8893,16,1,0
"1277",64,"V17",0.8621,17,1,0
"1278",64,"V18",0.8621,18,1,0
"1279",64,"V19",0.7596,19,0,1
"1280",64,"V20",0.843,20,0,0
"1281",65,"V1",0.9108,1,1,1
"1282",65,"V2",0.9586,2,1,0
"1283",65,"V3",0.8661,3,1,0
"1284",65,"V4",0.2236,4,1,0
"1285",65,"V5",0.828,5,1,0
"1286",65,"V6",0.9564,6,1,0
"1287",65,"V7",0.8035,7,0,0
"1288",65,"V8",0.8184,8,1,0
"1289",65,"V9",0.7526,9,1,0
"1290",65,"V10",0.029,10,0,0
"1291",65,"V11",0.0656,11,0,0
"1292",65,"V12",0.9594,12,1,0
"1293",65,"V13",0.013,13,1,0
"1294",65,"V14",0.9395,14,1,0
"1295",65,"V15",0.8949,15,1,0
"1296",65,"V16",0.8893,16,1,0
"1297",65,"V17",0.0383,17,0,0
"1298",65,"V18",0.1194,18,0,0
"1299",65,"V19",0.0224,19,0,0
"1300",65,"V20",0.0125,20,0,0
"1301",66,"V1",0.0298,1,0,0
"1302",66,"V2",0.0163,2,0,0
"1303",66,"V3",1e-04,3,0,0
"1304",66,"V4",0.8901,4,1,0
"1305",66,"V5",0.3006,5,0,0
"1306",66,"V6",0.9564,6,0,0
"1307",66,"V7",0.0251,7,0,1
"1308",66,"V8",0.8184,8,1,0
"1309",66,"V9",0.7526,9,0,1
"1310",66,"V10",0.7864,10,1,0
"1311",66,"V11",0.9181,11,1,0
"1312",66,"V12",0.9594,12,1,0
"1313",66,"V13",0.013,13,0,0
"1314",66,"V14",0.9395,14,1,0
"1315",66,"V15",0.0313,15,0,0
"1316",66,"V16",0.8893,16,1,0
"1317",66,"V17",0.8621,17,0,0
"1318",66,"V18",0.8621,18,1,0
"1319",66,"V19",0.0224,19,0,1
"1320",66,"V20",0.843,20,1,0
"1321",67,"V1",0.9108,1,1,0
"1322",67,"V2",0.9586,2,1,0
"1323",67,"V3",0.8661,3,1,0
"1324",67,"V4",0.8901,4,0,1
"1325",67,"V5",0.828,5,1,0
"1326",67,"V6",0.9564,6,1,0
"1327",67,"V7",0.8035,7,1,0
"1328",67,"V8",0.8184,8,0,1
"1329",67,"V9",0.7526,9,1,0
"1330",67,"V10",0.7864,10,0,0
"1331",67,"V11",0.9181,11,0,1
"1332",67,"V12",0.9594,12,1,0
"1333",67,"V13",0.6652,13,0,0
"1334",67,"V14",0.9395,14,1,0
"1335",67,"V15",0.8949,15,1,1
"1336",67,"V16",0.8893,16,1,1
"1337",67,"V17",0.8621,17,0,0
"1338",67,"V18",0.8621,18,1,0
"1339",67,"V19",0.7596,19,1,0
"1340",67,"V20",0.843,20,0,1
"1341",68,"V1",0.0298,1,0,0
"1342",68,"V2",0.0163,2,0,0
"1343",68,"V3",1e-04,3,0,0
"1344",68,"V4",0.2236,4,0,0
"1345",68,"V5",0.3006,5,0,0
"1346",68,"V6",0.0951,6,0,0
"1347",68,"V7",0.0251,7,0,1
"1348",68,"V8",0.4438,8,0,0
"1349",68,"V9",0.2883,9,1,0
"1350",68,"V10",0.029,10,0,1
"1351",68,"V11",0.0656,11,0,0
"1352",68,"V12",0.1274,12,0,0
"1353",68,"V13",0.013,13,0,0
"1354",68,"V14",0.0615,14,0,0
"1355",68,"V15",0.0313,15,0,1
"1356",68,"V16",0.1086,16,0,0
"1357",68,"V17",0.0383,17,0,0
"1358",68,"V18",0.1194,18,0,0
"1359",68,"V19",0.0224,19,0,0
"1360",68,"V20",0.0125,20,0,0
"1361",69,"V1",0.0298,1,0,0
"1362",69,"V2",0.0163,2,0,0
"1363",69,"V3",1e-04,3,0,0
"1364",69,"V4",0.2236,4,0,0
"1365",69,"V5",0.3006,5,0,1
"1366",69,"V6",0.0951,6,0,1
"1367",69,"V7",0.0251,7,0,0
"1368",69,"V8",0.4438,8,0,1
"1369",69,"V9",0.2883,9,0,0
"1370",69,"V10",0.029,10,0,0
"1371",69,"V11",0.0656,11,0,0
"1372",69,"V12",0.1274,12,0,1
"1373",69,"V13",0.013,13,0,0
"1374",69,"V14",0.0615,14,0,0
"1375",69,"V15",0.0313,15,0,0
"1376",69,"V16",0.1086,16,0,0
"1377",69,"V17",0.0383,17,0,1
"1378",69,"V18",0.1194,18,0,0
"1379",69,"V19",0.0224,19,0,0
"1380",69,"V20",0.0125,20,0,0
"1381",70,"V1",0.0298,1,0,0
"1382",70,"V2",0.0163,2,0,0
"1383",70,"V3",1e-04,3,0,0
"1384",70,"V4",0.2236,4,0,0
"1385",70,"V5",0.3006,5,0,0
"1386",70,"V6",0.9564,6,0,0
"1387",70,"V7",0.8035,7,1,0
"1388",70,"V8",0.8184,8,1,0
"1389",70,"V9",0.7526,9,0,1
"1390",70,"V10",0.029,10,0,0
"1391",70,"V11",0.0656,11,0,0
"1392",70,"V12",0.9594,12,1,0
"1393",70,"V13",0.013,13,0,0
"1394",70,"V14",0.9395,14,1,0
"1395",70,"V15",0.8949,15,1,0
"1396",70,"V16",0.8893,16,0,1
"1397",70,"V17",0.0383,17,0,1
"1398",70,"V18",0.1194,18,1,0
"1399",70,"V19",0.0224,19,0,0
"1400",70,"V20",0.0125,20,0,0
"1401",71,"V1",0.0298,1,0,0
"1402",71,"V2",0.0163,2,0,0
"1403",71,"V3",1e-04,3,0,0
"1404",71,"V4",0.2236,4,0,0
"1405",71,"V5",0.3006,5,1,0
"1406",71,"V6",0.9564,6,1,0
"1407",71,"V7",0.0251,7,0,0
"1408",71,"V8",0.8184,8,0,0
"1409",71,"V9",0.7526,9,1,0
"1410",71,"V10",0.029,10,0,0
"1411",71,"V11",0.0656,11,0,0
"1412",71,"V12",0.9594,12,0,1
"1413",71,"V13",0.013,13,0,0
"1414",71,"V14",0.9395,14,1,0
"1415",71,"V15",0.0313,15,0,0
"1416",71,"V16",0.8893,16,1,0
"1417",71,"V17",0.0383,17,0,0
"1418",71,"V18",0.1194,18,0,0
"1419",71,"V19",0.0224,19,0,0
"1420",71,"V20",0.0125,20,0,0
"1421",72,"V1",0.0298,1,0,0
"1422",72,"V2",0.0163,2,0,0
"1423",72,"V3",1e-04,3,0,0
"1424",72,"V4",0.2236,4,0,0
"1425",72,"V5",0.3006,5,1,0
"1426",72,"V6",0.9564,6,1,0
"1427",72,"V7",0.0251,7,0,0
"1428",72,"V8",0.8184,8,1,0
"1429",72,"V9",0.7526,9,1,0
"1430",72,"V10",0.029,10,0,1
"1431",72,"V11",0.0656,11,0,0
"1432",72,"V12",0.1274,12,0,0
"1433",72,"V13",0.013,13,0,0
"1434",72,"V14",0.9395,14,1,0
"1435",72,"V15",0.0313,15,0,0
"1436",72,"V16",0.8893,16,0,1
"1437",72,"V17",0.0383,17,0,1
"1438",72,"V18",0.1194,18,0,0
"1439",72,"V19",0.0224,19,0,1
"1440",72,"V20",0.0125,20,0,1
"1441",73,"V1",0.0298,1,0,0
"1442",73,"V2",0.0163,2,0,0
"1443",73,"V3",1e-04,3,0,0
"1444",73,"V4",0.2236,4,0,0
"1445",73,"V5",0.3006,5,0,0
"1446",73,"V6",0.0951,6,0,0
"1447",73,"V7",0.0251,7,0,0
"1448",73,"V8",0.4438,8,1,0
"1449",73,"V9",0.2883,9,0,0
"1450",73,"V10",0.029,10,0,0
"1451",73,"V11",0.0656,11,0,0
"1452",73,"V12",0.1274,12,0,1
"1453",73,"V13",0.013,13,0,0
"1454",73,"V14",0.0615,14,0,0
"1455",73,"V15",0.0313,15,0,0
"1456",73,"V16",0.1086,16,0,0
"1457",73,"V17",0.0383,17,0,0
"1458",73,"V18",0.1194,18,0,0
"1459",73,"V19",0.0224,19,0,0
"1460",73,"V20",0.0125,20,0,0
"1461",74,"V1",0.9108,1,1,0
"1462",74,"V2",0.9586,2,1,0
"1463",74,"V3",0.8661,3,1,0
"1464",74,"V4",0.2236,4,0,0
"1465",74,"V5",0.828,5,1,0
"1466",74,"V6",0.9564,6,1,0
"1467",74,"V7",0.8035,7,0,0
"1468",74,"V8",0.8184,8,0,0
"1469",74,"V9",0.7526,9,1,0
"1470",74,"V10",0.7864,10,1,0
"1471",74,"V11",0.9181,11,1,0
"1472",74,"V12",0.9594,12,1,0
"1473",74,"V13",0.6652,13,1,0
"1474",74,"V14",0.9395,14,1,1
"1475",74,"V15",0.8949,15,1,0
"1476",74,"V16",0.8893,16,1,0
"1477",74,"V17",0.8621,17,1,0
"1478",74,"V18",0.8621,18,1,0
"1479",74,"V19",0.0224,19,0,0
"1480",74,"V20",0.0125,20,0,0
"1481",75,"V1",0.0298,1,0,0
"1482",75,"V2",0.0163,2,0,0
"1483",75,"V3",1e-04,3,0,0
"1484",75,"V4",0.2236,4,0,0
"1485",75,"V5",0.3006,5,0,0
"1486",75,"V6",0.9564,6,1,0
"1487",75,"V7",0.0251,7,0,0
"1488",75,"V8",0.8184,8,1,0
"1489",75,"V9",0.7526,9,0,1
"1490",75,"V10",0.029,10,0,0
"1491",75,"V11",0.0656,11,0,1
"1492",75,"V12",0.9594,12,1,0
"1493",75,"V13",0.013,13,0,0
"1494",75,"V14",0.9395,14,0,0
"1495",75,"V15",0.0313,15,0,1
"1496",75,"V16",0.8893,16,1,0
"1497",75,"V17",0.0383,17,0,0
"1498",75,"V18",0.1194,18,0,0
"1499",75,"V19",0.0224,19,0,0
"1500",75,"V20",0.0125,20,0,1
"1501",76,"V1",0.0298,1,0,0
"1502",76,"V2",0.0163,2,0,1
"1503",76,"V3",1e-04,3,0,0
"1504",76,"V4",0.2236,4,0,0
"1505",76,"V5",0.3006,5,0,1
"1506",76,"V6",0.0951,6,0,0
"1507",76,"V7",0.0251,7,0,0
"1508",76,"V8",0.4438,8,0,1
"1509",76,"V9",0.2883,9,0,0
"1510",76,"V10",0.029,10,0,0
"1511",76,"V11",0.0656,11,0,0
"1512",76,"V12",0.1274,12,0,0
"1513",76,"V13",0.013,13,0,0
"1514",76,"V14",0.0615,14,0,0
"1515",76,"V15",0.0313,15,0,1
"1516",76,"V16",0.1086,16,0,0
"1517",76,"V17",0.0383,17,0,0
"1518",76,"V18",0.1194,18,0,1
"1519",76,"V19",0.0224,19,0,1
"1520",76,"V20",0.0125,20,0,0
"1521",77,"V1",0.9108,1,0,1
"1522",77,"V2",0.9586,2,1,0
"1523",77,"V3",0.8661,3,0,0
"1524",77,"V4",0.2236,4,0,0
"1525",77,"V5",0.828,5,1,0
"1526",77,"V6",0.9564,6,1,0
"1527",77,"V7",0.0251,7,0,0
"1528",77,"V8",0.8184,8,1,0
"1529",77,"V9",0.7526,9,1,1
"1530",77,"V10",0.029,10,0,0
"1531",77,"V11",0.0656,11,0,0
"1532",77,"V12",0.9594,12,0,0
"1533",77,"V13",0.013,13,0,0
"1534",77,"V14",0.9395,14,1,0
"1535",77,"V15",0.0313,15,0,0
"1536",77,"V16",0.8893,16,1,0
"1537",77,"V17",0.0383,17,0,1
"1538",77,"V18",0.1194,18,0,0
"1539",77,"V19",0.0224,19,0,0
"1540",77,"V20",0.0125,20,0,0
"1541",78,"V1",0.9108,1,1,1
"1542",78,"V2",0.9586,2,1,0
"1543",78,"V3",0.8661,3,1,0
"1544",78,"V4",0.2236,4,0,0
"1545",78,"V5",0.828,5,0,0
"1546",78,"V6",0.9564,6,1,0
"1547",78,"V7",0.0251,7,0,0
"1548",78,"V8",0.8184,8,1,0
"1549",78,"V9",0.7526,9,0,0
"1550",78,"V10",0.7864,10,1,0
"1551",78,"V11",0.9181,11,1,0
"1552",78,"V12",0.9594,12,1,0
"1553",78,"V13",0.6652,13,1,1
"1554",78,"V14",0.9395,14,1,0
"1555",78,"V15",0.0313,15,0,1
"1556",78,"V16",0.8893,16,1,0
"1557",78,"V17",0.8621,17,1,0
"1558",78,"V18",0.8621,18,1,0
"1559",78,"V19",0.0224,19,0,0
"1560",78,"V20",0.0125,20,1,1
"1561",79,"V1",0.9108,1,1,0
"1562",79,"V2",0.9586,2,1,0
"1563",79,"V3",0.8661,3,1,0
"1564",79,"V4",0.8901,4,1,0
"1565",79,"V5",0.828,5,1,0
"1566",79,"V6",0.9564,6,1,0
"1567",79,"V7",0.8035,7,1,0
"1568",79,"V8",0.8184,8,1,0
"1569",79,"V9",0.7526,9,1,0
"1570",79,"V10",0.7864,10,1,0
"1571",79,"V11",0.9181,11,1,0
"1572",79,"V12",0.9594,12,1,0
"1573",79,"V13",0.6652,13,1,0
"1574",79,"V14",0.9395,14,1,0
"1575",79,"V15",0.8949,15,1,0
"1576",79,"V16",0.8893,16,1,0
"1577",79,"V17",0.8621,17,1,0
"1578",79,"V18",0.8621,18,1,0
"1579",79,"V19",0.7596,19,1,0
"1580",79,"V20",0.843,20,1,0
"1581",80,"V1",0.0298,1,0,0
"1582",80,"V2",0.0163,2,0,0
"1583",80,"V3",1e-04,3,0,0
"1584",80,"V4",0.8901,4,1,0
"1585",80,"V5",0.3006,5,1,0
"1586",80,"V6",0.9564,6,1,0
"1587",80,"V7",0.8035,7,1,0
"1588",80,"V8",0.8184,8,1,1
"1589",80,"V9",0.7526,9,1,0
"1590",80,"V10",0.7864,10,1,1
"1591",80,"V11",0.9181,11,1,0
"1592",80,"V12",0.9594,12,1,0
"1593",80,"V13",0.013,13,0,1
"1594",80,"V14",0.9395,14,1,0
"1595",80,"V15",0.8949,15,0,0
"1596",80,"V16",0.8893,16,0,0
"1597",80,"V17",0.8621,17,1,0
"1598",80,"V18",0.8621,18,1,0
"1599",80,"V19",0.7596,19,1,0
"1600",80,"V20",0.843,20,1,0
"1601",81,"V1",0.0298,1,0,0
"1602",81,"V2",0.0163,2,0,0
"1603",81,"V3",1e-04,3,0,0
"1604",81,"V4",0.2236,4,1,0
"1605",81,"V5",0.3006,5,0,0
"1606",81,"V6",0.0951,6,0,0
"1607",81,"V7",0.0251,7,0,0
"1608",81,"V8",0.4438,8,1,0
"1609",81,"V9",0.2883,9,0,0
"1610",81,"V10",0.029,10,0,0
"1611",81,"V11",0.0656,11,0,0
"1612",81,"V12",0.1274,12,1,0
"1613",81,"V13",0.013,13,0,0
"1614",81,"V14",0.0615,14,1,0
"1615",81,"V15",0.0313,15,0,0
"1616",81,"V16",0.1086,16,0,0
"1617",81,"V17",0.0383,17,0,1
"1618",81,"V18",0.1194,18,0,1
"1619",81,"V19",0.0224,19,0,1
"1620",81,"V20",0.0125,20,0,1
"1621",82,"V1",0.9108,1,1,0
"1622",82,"V2",0.9586,2,1,1
"1623",82,"V3",0.8661,3,1,0
"1624",82,"V4",0.8901,4,1,1
"1625",82,"V5",0.3006,5,0,0
"1626",82,"V6",0.9564,6,1,0
"1627",82,"V7",0.8035,7,1,0
"1628",82,"V8",0.8184,8,1,0
"1629",82,"V9",0.7526,9,1,0
"1630",82,"V10",0.029,10,0,0
"1631",82,"V11",0.9181,11,1,0
"1632",82,"V12",0.1274,12,0,0
"1633",82,"V13",0.6652,13,0,0
"1634",82,"V14",0.9395,14,1,0
"1635",82,"V15",0.8949,15,1,0
"1636",82,"V16",0.8893,16,1,0
"1637",82,"V17",0.8621,17,1,0
"1638",82,"V18",0.8621,18,1,0
"1639",82,"V19",0.7596,19,1,0
"1640",82,"V20",0.843,20,1,1
"1641",83,"V1",0.0298,1,0,0
"1642",83,"V2",0.0163,2,0,0
"1643",83,"V3",1e-04,3,0,1
"1644",83,"V4",0.2236,4,0,0
"1645",83,"V5",0.3006,5,0,0
"1646",83,"V6",0.0951,6,0,0
"1647",83,"V7",0.0251,7,0,0
"1648",83,"V8",0.4438,8,0,0
"1649",83,"V9",0.2883,9,1,0
"1650",83,"V10",0.029,10,0,0
"1651",83,"V11",0.0656,11,0,0
"1652",83,"V12",0.1274,12,0,0
"1653",83,"V13",0.013,13,0,0
"1654",83,"V14",0.0615,14,0,0
"1655",83,"V15",0.0313,15,0,0
"1656",83,"V16",0.1086,16,0,0
"1657",83,"V17",0.0383,17,0,0
"1658",83,"V18",0.1194,18,0,0
"1659",83,"V19",0.0224,19,0,0
"1660",83,"V20",0.0125,20,0,0
"1661",84,"V1",0.9108,1,1,0
"1662",84,"V2",0.9586,2,1,0
"1663",84,"V3",0.8661,3,1,0
"1664",84,"V4",0.2236,4,0,0
"1665",84,"V5",0.3006,5,0,0
"1666",84,"V6",0.9564,6,1,0
"1667",84,"V7",0.0251,7,0,0
"1668",84,"V8",0.8184,8,0,0
"1669",84,"V9",0.2883,9,0,1
"1670",84,"V10",0.029,10,0,0
"1671",84,"V11",0.0656,11,0,0
"1672",84,"V12",0.9594,12,1,0
"1673",84,"V13",0.013,13,0,1
"1674",84,"V14",0.0615,14,1,1
"1675",84,"V15",0.0313,15,0,0
"1676",84,"V16",0.1086,16,0,0
"1677",84,"V17",0.0383,17,0,0
"1678",84,"V18",0.1194,18,0,0
"1679",84,"V19",0.0224,19,0,0
"1680",84,"V20",0.0125,20,0,1
"1681",85,"V1",0.9108,1,1,0
"1682",85,"V2",0.9586,2,1,0
"1683",85,"V3",0.8661,3,1,0
"1684",85,"V4",0.2236,4,0,1
"1685",85,"V5",0.828,5,1,0
"1686",85,"V6",0.9564,6,1,0
"1687",85,"V7",0.8035,7,0,0
"1688",85,"V8",0.8184,8,1,0
"1689",85,"V9",0.7526,9,1,0
"1690",85,"V10",0.029,10,0,1
"1691",85,"V11",0.0656,11,0,0
"1692",85,"V12",0.9594,12,1,0
"1693",85,"V13",0.013,13,0,0
"1694",85,"V14",0.9395,14,0,0
"1695",85,"V15",0.8949,15,1,0
"1696",85,"V16",0.8893,16,0,1
"1697",85,"V17",0.0383,17,0,0
"1698",85,"V18",0.1194,18,1,1
"1699",85,"V19",0.0224,19,0,0
"1700",85,"V20",0.0125,20,0,0
"1701",86,"V1",0.9108,1,1,0
"1702",86,"V2",0.9586,2,1,0
"1703",86,"V3",0.8661,3,0,0
"1704",86,"V4",0.8901,4,1,0
"1705",86,"V5",0.828,5,0,0
"1706",86,"V6",0.9564,6,1,0
"1707",86,"V7",0.8035,7,1,0
"1708",86,"V8",0.8184,8,1,0
"1709",86,"V9",0.7526,9,0,1
"1710",86,"V10",0.7864,10,0,1
"1711",86,"V11",0.9181,11,1,0
"1712",86,"V12",0.9594,12,1,0
"1713",86,"V13",0.6652,13,0,0
"1714",86,"V14",0.9395,14,1,0
"1715",86,"V15",0.8949,15,1,1
"1716",86,"V16",0.8893,16,0,0
"1717",86,"V17",0.8621,17,1,0
"1718",86,"V18",0.8621,18,1,0
"1719",86,"V19",0.7596,19,0,0
"1720",86,"V20",0.843,20,1,0
"1721",87,"V1",0.9108,1,1,0
"1722",87,"V2",0.9586,2,1,1
"1723",87,"V3",0.8661,3,0,1
"1724",87,"V4",0.8901,4,1,0
"1725",87,"V5",0.828,5,1,0
"1726",87,"V6",0.9564,6,1,1
"1727",87,"V7",0.0251,7,0,1
"1728",87,"V8",0.8184,8,1,0
"1729",87,"V9",0.7526,9,1,0
"1730",87,"V10",0.7864,10,1,0
"1731",87,"V11",0.9181,11,1,0
"1732",87,"V12",0.9594,12,1,0
"1733",87,"V13",0.6652,13,1,1
"1734",87,"V14",0.9395,14,0,1
"1735",87,"V15",0.0313,15,0,0
"1736",87,"V16",0.8893,16,1,0
"1737",87,"V17",0.8621,17,1,0
"1738",87,"V18",0.8621,18,1,0
"1739",87,"V19",0.0224,19,0,0
"1740",87,"V20",0.843,20,1,0
"1741",88,"V1",0.9108,1,1,0
"1742",88,"V2",0.9586,2,0,0
"1743",88,"V3",0.8661,3,1,0
"1744",88,"V4",0.8901,4,1,1
"1745",88,"V5",0.828,5,1,0
"1746",88,"V6",0.9564,6,1,0
"1747",88,"V7",0.8035,7,1,0
"1748",88,"V8",0.8184,8,1,1
"1749",88,"V9",0.7526,9,1,0
"1750",88,"V10",0.7864,10,1,0
"1751",88,"V11",0.9181,11,1,0
"1752",88,"V12",0.9594,12,1,0
"1753",88,"V13",0.6652,13,1,0
"1754",88,"V14",0.9395,14,0,0
"1755",88,"V15",0.8949,15,1,0
"1756",88,"V16",0.8893,16,1,0
"1757",88,"V17",0.8621,17,1,0
"1758",88,"V18",0.8621,18,1,0
"1759",88,"V19",0.7596,19,1,0
"1760",88,"V20",0.843,20,1,0
"1761",89,"V1",0.9108,1,1,1
"1762",89,"V2",0.9586,2,1,1
"1763",89,"V3",0.8661,3,1,0
"1764",89,"V4",0.8901,4,1,0
"1765",89,"V5",0.828,5,1,0
"1766",89,"V6",0.9564,6,1,0
"1767",89,"V7",0.8035,7,1,1
"1768",89,"V8",0.8184,8,1,0
"1769",89,"V9",0.7526,9,1,0
"1770",89,"V10",0.7864,10,1,0
"1771",89,"V11",0.9181,11,1,0
"1772",89,"V12",0.9594,12,1,0
"1773",89,"V13",0.6652,13,1,0
"1774",89,"V14",0.9395,14,1,1
"1775",89,"V15",0.8949,15,1,1
"1776",89,"V16",0.8893,16,1,0
"1777",89,"V17",0.8621,17,1,1
"1778",89,"V18",0.8621,18,1,0
"1779",89,"V19",0.7596,19,1,1
"1780",89,"V20",0.843,20,1,0
"1781",90,"V1",0.9108,1,1,0
"1782",90,"V2",0.9586,2,1,0
"1783",90,"V3",0.8661,3,1,0
"1784",90,"V4",0.8901,4,1,0
"1785",90,"V5",0.828,5,1,0
"1786",90,"V6",0.9564,6,1,0
"1787",90,"V7",0.8035,7,1,0
"1788",90,"V8",0.8184,8,1,0
"1789",90,"V9",0.7526,9,0,0
"1790",90,"V10",0.7864,10,1,1
"1791",90,"V11",0.9181,11,1,1
"1792",90,"V12",0.9594,12,1,1
"1793",90,"V13",0.6652,13,1,0
"1794",90,"V14",0.9395,14,1,0
"1795",90,"V15",0.8949,15,0,0
"1796",90,"V16",0.8893,16,1,0
"1797",90,"V17",0.8621,17,1,0
"1798",90,"V18",0.8621,18,1,0
"1799",90,"V19",0.7596,19,1,1
"1800",90,"V20",0.843,20,1,0
"1801",91,"V1",0.9108,1,1,0
"1802",91,"V2",0.9586,2,1,0
"1803",91,"V3",0.8661,3,1,1
"1804",91,"V4",0.2236,4,1,0
"1805",91,"V5",0.828,5,0,0
"1806",91,"V6",0.9564,6,1,0
"1807",91,"V7",0.8035,7,1,1
"1808",91,"V8",0.8184,8,1,0
"1809",91,"V9",0.7526,9,1,0
"1810",91,"V10",0.029,10,0,0
"1811",91,"V11",0.0656,11,0,0
"1812",91,"V12",0.9594,12,1,0
"1813",91,"V13",0.013,13,0,0
"1814",91,"V14",0.9395,14,1,0
"1815",91,"V15",0.8949,15,1,0
"1816",91,"V16",0.8893,16,1,0
"1817",91,"V17",0.0383,17,0,0
"1818",91,"V18",0.1194,18,0,0
"1819",91,"V19",0.0224,19,1,0
"1820",91,"V20",0.0125,20,0,0
"1821",92,"V1",0.0298,1,0,0
"1822",92,"V2",0.0163,2,0,1
"1823",92,"V3",1e-04,3,0,0
"1824",92,"V4",0.2236,4,0,0
"1825",92,"V5",0.3006,5,0,0
"1826",92,"V6",0.0951,6,0,0
"1827",92,"V7",0.0251,7,0,0
"1828",92,"V8",0.4438,8,1,0
"1829",92,"V9",0.2883,9,0,0
"1830",92,"V10",0.029,10,0,0
"1831",92,"V11",0.0656,11,0,1
"1832",92,"V12",0.1274,12,1,0
"1833",92,"V13",0.013,13,0,1
"1834",92,"V14",0.0615,14,0,0
"1835",92,"V15",0.0313,15,0,0
"1836",92,"V16",0.1086,16,1,0
"1837",92,"V17",0.0383,17,0,0
"1838",92,"V18",0.1194,18,0,0
"1839",92,"V19",0.0224,19,0,0
"1840",92,"V20",0.0125,20,0,0
"1841",93,"V1",0.9108,1,1,0
"1842",93,"V2",0.9586,2,1,0
"1843",93,"V3",0.8661,3,1,0
"1844",93,"V4",0.8901,4,1,0
"1845",93,"V5",0.828,5,1,1
"1846",93,"V6",0.9564,6,1,0
"1847",93,"V7",0.8035,7,1,0
"1848",93,"V8",0.8184,8,1,0
"1849",93,"V9",0.7526,9,0,1
"1850",93,"V10",0.7864,10,1,0
"1851",93,"V11",0.9181,11,1,0
"1852",93,"V12",0.9594,12,1,1
"1853",93,"V13",0.6652,13,1,1
"1854",93,"V14",0.9395,14,1,1
"1855",93,"V15",0.8949,15,1,1
"1856",93,"V16",0.8893,16,1,0
"1857",93,"V17",0.8621,17,1,1
"1858",93,"V18",0.8621,18,1,0
"1859",93,"V19",0.7596,19,0,0
"1860",93,"V20",0.843,20,1,0
"1861",94,"V1",0.9108,1,1,1
"1862",94,"V2",0.9586,2,1,1
"1863",94,"V3",0.8661,3,1,0
"1864",94,"V4",0.8901,4,1,0
"1865",94,"V5",0.828,5,1,1
"1866",94,"V6",0.9564,6,1,1
"1867",94,"V7",0.8035,7,1,0
"1868",94,"V8",0.8184,8,1,0
"1869",94,"V9",0.7526,9,1,0
"1870",94,"V10",0.7864,10,1,1
"1871",94,"V11",0.9181,11,1,0
"1872",94,"V12",0.9594,12,1,0
"1873",94,"V13",0.6652,13,1,0
"1874",94,"V14",0.9395,14,1,1
"1875",94,"V15",0.8949,15,1,1
"1876",94,"V16",0.8893,16,1,0
"1877",94,"V17",0.8621,17,1,1
"1878",94,"V18",0.8621,18,0,0
"1879",94,"V19",0.7596,19,1,0
"1880",94,"V20",0.843,20,1,0
"1881",95,"V1",0.9108,1,1,0
"1882",95,"V2",0.9586,2,1,0
"1883",95,"V3",0.8661,3,1,1
"1884",95,"V4",0.8901,4,1,0
"1885",95,"V5",0.828,5,1,0
"1886",95,"V6",0.9564,6,1,1
"1887",95,"V7",0.8035,7,1,0
"1888",95,"V8",0.8184,8,1,0
"1889",95,"V9",0.7526,9,1,1
"1890",95,"V10",0.7864,10,1,0
"1891",95,"V11",0.9181,11,1,0
"1892",95,"V12",0.9594,12,1,0
"1893",95,"V13",0.6652,13,1,0
"1894",95,"V14",0.9395,14,1,0
"1895",95,"V15",0.8949,15,1,0
"1896",95,"V16",0.8893,16,1,0
"1897",95,"V17",0.8621,17,1,1
"1898",95,"V18",0.8621,18,1,0
"1899",95,"V19",0.7596,19,1,0
"1900",95,"V20",0.843,20,1,0
"1901",96,"V1",0.9108,1,0,0
"1902",96,"V2",0.9586,2,1,1
"1903",96,"V3",0.8661,3,1,1
"1904",96,"V4",0.8901,4,1,1
"1905",96,"V5",0.828,5,0,0
"1906",96,"V6",0.9564,6,1,0
"1907",96,"V7",0.8035,7,1,0
"1908",96,"V8",0.8184,8,1,1
"1909",96,"V9",0.7526,9,1,1
"1910",96,"V10",0.7864,10,1,0
"1911",96,"V11",0.9181,11,1,1
"1912",96,"V12",0.9594,12,1,0
"1913",96,"V13",0.6652,13,1,0
"1914",96,"V14",0.9395,14,1,0
"1915",96,"V15",0.8949,15,1,0
"1916",96,"V16",0.8893,16,1,0
"1917",96,"V17",0.8621,17,1,0
"1918",96,"V18",0.8621,18,1,0
"1919",96,"V19",0.7596,19,1,0
"1920",96,"V20",0.843,20,1,0
"1921",97,"V1",0.0298,1,0,0
"1922",97,"V2",0.0163,2,0,0
"1923",97,"V3",1e-04,3,0,0
"1924",97,"V4",0.8901,4,0,0
"1925",97,"V5",0.3006,5,1,1
"1926",97,"V6",0.9564,6,1,1
"1927",97,"V7",0.0251,7,0,0
"1928",97,"V8",0.8184,8,1,0
"1929",97,"V9",0.7526,9,0,0
"1930",97,"V10",0.7864,10,0,0
"1931",97,"V11",0.9181,11,1,0
"1932",97,"V12",0.9594,12,1,0
"1933",97,"V13",0.013,13,0,0
"1934",97,"V14",0.9395,14,1,0
"1935",97,"V15",0.0313,15,0,0
"1936",97,"V16",0.8893,16,1,0
"1937",97,"V17",0.8621,17,1,0
"1938",97,"V18",0.1194,18,0,0
"1939",97,"V19",0.0224,19,0,0
"1940",97,"V20",0.843,20,1,0
"1941",98,"V1",0.0298,1,0,0
"1942",98,"V2",0.0163,2,0,0
"1943",98,"V3",1e-04,3,0,1
"1944",98,"V4",0.2236,4,0,0
"1945",98,"V5",0.3006,5,0,0
"1946",98,"V6",0.0951,6,0,0
"1947",98,"V7",0.0251,7,0,0
"1948",98,"V8",0.4438,8,0,1
"1949",98,"V9",0.2883,9,1,0
"1950",98,"V10",0.029,10,0,0
"1951",98,"V11",0.0656,11,0,0
"1952",98,"V12",0.1274,12,1,0
"1953",98,"V13",0.013,13,0,0
"1954",98,"V14",0.0615,14,0,0
"1955",98,"V15",0.0313,15,0,0
"1956",98,"V16",0.1086,16,1,0
"1957",98,"V17",0.0383,17,0,0
"1958",98,"V18",0.1194,18,0,0
"1959",98,"V19",0.0224,19,0,0
"1960",98,"V20",0.0125,20,0,0
"1961",99,"V1",0.9108,1,1,0
"1962",99,"V2",0.9586,2,1,0
"1963",99,"V3",0.8661,3,1,0
"1964",99,"V4",0.8901,4,1,0
"1965",99,"V5",0.828,5,1,0
"1966",99,"V6",0.9564,6,1,0
"1967",99,"V7",0.8035,7,1,0
"1968",99,"V8",0.8184,8,1,0
"1969",99,"V9",0.7526,9,0,0
"1970",99,"V10",0.7864,10,1,0
"1971",99,"V11",0.9181,11,1,0
"1972",99,"V12",0.9594,12,1,0
"1973",99,"V13",0.6652,13,1,0
"1974",99,"V14",0.9395,14,1,0
"1975",99,"V15",0.8949,15,1,0
"1976",99,"V16",0.8893,16,1,0
"1977",99,"V17",0.8621,17,0,0
"1978",99,"V18",0.8621,18,1,0
"1979",99,"V19",0.7596,19,1,0
"1980",99,"V20",0.843,20,1,0
"1981",100,"V1",0.0298,1,0,1
"1982",100,"V2",0.0163,2,0,1
"1983",100,"V3",1e-04,3,0,0
"1984",100,"V4",0.2236,4,1,1
"1985",100,"V5",0.3006,5,0,0
"1986",100,"V6",0.0951,6,1,0
"1987",100,"V7",0.0251,7,0,0
"1988",100,"V8",0.4438,8,1,0
"1989",100,"V9",0.2883,9,0,0
"1990",100,"V10",0.029,10,0,1
"1991",100,"V11",0.0656,11,0,0
"1992",100,"V12",0.1274,12,0,0
"1993",100,"V13",0.013,13,0,0
"1994",100,"V14",0.0615,14,0,0
"1995",100,"V15",0.0313,15,0,0
"1996",100,"V16",0.1086,16,0,0
"1997",100,"V17",0.0383,17,0,0
"1998",100,"V18",0.1194,18,0,0
"1999",100,"V19",0.0224,19,0,0
"2000",100,"V20",0.0125,20,0,1
"2001",101,"V1",0.0298,1,1,1
"2002",101,"V2",0.0163,2,0,0
"2003",101,"V3",1e-04,3,0,0
"2004",101,"V4",0.2236,4,0,1
"2005",101,"V5",0.3006,5,1,0
"2006",101,"V6",0.9564,6,1,0
"2007",101,"V7",0.0251,7,0,0
"2008",101,"V8",0.8184,8,0,0
"2009",101,"V9",0.7526,9,1,0
"2010",101,"V10",0.029,10,0,0
"2011",101,"V11",0.0656,11,0,0
"2012",101,"V12",0.1274,12,0,0
"2013",101,"V13",0.013,13,0,0
"2014",101,"V14",0.9395,14,0,1
"2015",101,"V15",0.0313,15,0,1
"2016",101,"V16",0.8893,16,1,0
"2017",101,"V17",0.0383,17,0,0
"2018",101,"V18",0.1194,18,0,1
"2019",101,"V19",0.0224,19,0,1
"2020",101,"V20",0.0125,20,0,0
"2021",102,"V1",0.9108,1,1,0
"2022",102,"V2",0.9586,2,1,0
"2023",102,"V3",0.8661,3,1,0
"2024",102,"V4",0.8901,4,0,0
"2025",102,"V5",0.828,5,1,1
"2026",102,"V6",0.9564,6,1,0
"2027",102,"V7",0.8035,7,1,0
"2028",102,"V8",0.8184,8,1,1
"2029",102,"V9",0.7526,9,1,0
"2030",102,"V10",0.7864,10,1,0
"2031",102,"V11",0.9181,11,1,0
"2032",102,"V12",0.9594,12,1,0
"2033",102,"V13",0.6652,13,1,1
"2034",102,"V14",0.9395,14,1,0
"2035",102,"V15",0.8949,15,1,0
"2036",102,"V16",0.8893,16,1,0
"2037",102,"V17",0.8621,17,1,0
"2038",102,"V18",0.8621,18,1,0
"2039",102,"V19",0.7596,19,1,0
"2040",102,"V20",0.843,20,1,1
"2041",103,"V1",0.0298,1,0,0
"2042",103,"V2",0.0163,2,0,0
"2043",103,"V3",1e-04,3,0,0
"2044",103,"V4",0.2236,4,0,0
"2045",103,"V5",0.3006,5,1,0
"2046",103,"V6",0.9564,6,1,0
"2047",103,"V7",0.0251,7,0,0
"2048",103,"V8",0.8184,8,0,1
"2049",103,"V9",0.7526,9,1,0
"2050",103,"V10",0.029,10,0,0
"2051",103,"V11",0.0656,11,0,0
"2052",103,"V12",0.1274,12,0,0
"2053",103,"V13",0.013,13,0,0
"2054",103,"V14",0.9395,14,1,0
"2055",103,"V15",0.0313,15,0,1
"2056",103,"V16",0.8893,16,1,1
"2057",103,"V17",0.0383,17,0,0
"2058",103,"V18",0.1194,18,0,0
"2059",103,"V19",0.0224,19,0,0
"2060",103,"V20",0.0125,20,0,0
"2061",104,"V1",0.9108,1,0,1
"2062",104,"V2",0.9586,2,1,0
"2063",104,"V3",0.8661,3,1,0
"2064",104,"V4",0.8901,4,1,0
"2065",104,"V5",0.828,5,1,1
"2066",104,"V6",0.9564,6,1,0
"2067",104,"V7",0.8035,7,1,0
"2068",104,"V8",0.8184,8,1,0
"2069",104,"V9",0.7526,9,1,0
"2070",104,"V10",0.7864,10,1,0
"2071",104,"V11",0.9181,11,1,0
"2072",104,"V12",0.9594,12,1,0
"2073",104,"V13",0.6652,13,1,0
"2074",104,"V14",0.9395,14,1,0
"2075",104,"V15",0.8949,15,1,1
"2076",104,"V16",0.8893,16,1,0
"2077",104,"V17",0.8621,17,1,0
"2078",104,"V18",0.8621,18,1,0
"2079",104,"V19",0.7596,19,1,0
"2080",104,"V20",0.843,20,1,0
"2081",105,"V1",0.9108,1,0,1
"2082",105,"V2",0.9586,2,1,0
"2083",105,"V3",0.8661,3,1,0
"2084",105,"V4",0.8901,4,1,0
"2085",105,"V5",0.828,5,1,0
"2086",105,"V6",0.9564,6,1,0
"2087",105,"V7",0.8035,7,1,0
"2088",105,"V8",0.8184,8,1,1
"2089",105,"V9",0.7526,9,1,1
"2090",105,"V10",0.7864,10,1,1
"2091",105,"V11",0.9181,11,1,0
"2092",105,"V12",0.9594,12,1,0
"2093",105,"V13",0.6652,13,1,0
"2094",105,"V14",0.9395,14,1,0
"2095",105,"V15",0.8949,15,1,0
"2096",105,"V16",0.8893,16,0,0
"2097",105,"V17",0.8621,17,1,0
"2098",105,"V18",0.8621,18,0,0
"2099",105,"V19",0.7596,19,0,0
"2100",105,"V20",0.843,20,0,0
"2101",106,"V1",0.9108,1,1,1
"2102",106,"V2",0.9586,2,1,0
"2103",106,"V3",0.8661,3,0,0
"2104",106,"V4",0.2236,4,0,0
"2105",106,"V5",0.828,5,1,0
"2106",106,"V6",0.9564,6,1,0
"2107",106,"V7",0.0251,7,0,0
"2108",106,"V8",0.8184,8,0,0
"2109",106,"V9",0.7526,9,1,0
"2110",106,"V10",0.029,10,0,0
"2111",106,"V11",0.0656,11,0,0
"2112",106,"V12",0.9594,12,1,0
"2113",106,"V13",0.013,13,0,0
"2114",106,"V14",0.9395,14,1,0
"2115",106,"V15",0.0313,15,0,0
"2116",106,"V16",0.8893,16,1,0
"2117",106,"V17",0.0383,17,0,1
"2118",106,"V18",0.1194,18,1,1
"2119",106,"V19",0.0224,19,0,0
"2120",106,"V20",0.0125,20,0,1
"2121",107,"V1",0.9108,1,1,0
"2122",107,"V2",0.9586,2,1,0
"2123",107,"V3",0.8661,3,1,1
"2124",107,"V4",0.2236,4,1,0
"2125",107,"V5",0.3006,5,0,0
"2126",107,"V6",0.9564,6,1,0
"2127",107,"V7",0.0251,7,0,0
"2128",107,"V8",0.8184,8,1,1
"2129",107,"V9",0.2883,9,0,0
"2130",107,"V10",0.029,10,0,0
"2131",107,"V11",0.0656,11,0,0
"2132",107,"V12",0.1274,12,0,0
"2133",107,"V13",0.013,13,0,1
"2134",107,"V14",0.0615,14,0,1
"2135",107,"V15",0.0313,15,0,0
"2136",107,"V16",0.1086,16,0,0
"2137",107,"V17",0.0383,17,0,1
"2138",107,"V18",0.1194,18,0,0
"2139",107,"V19",0.0224,19,0,0
"2140",107,"V20",0.0125,20,0,1
"2141",108,"V1",0.9108,1,1,0
"2142",108,"V2",0.9586,2,1,0
"2143",108,"V3",0.8661,3,1,1
"2144",108,"V4",0.8901,4,1,0
"2145",108,"V5",0.828,5,1,0
"2146",108,"V6",0.9564,6,1,0
"2147",108,"V7",0.8035,7,1,0
"2148",108,"V8",0.8184,8,1,0
"2149",108,"V9",0.7526,9,1,0
"2150",108,"V10",0.7864,10,1,0
"2151",108,"V11",0.9181,11,1,1
"2152",108,"V12",0.9594,12,1,0
"2153",108,"V13",0.6652,13,1,0
"2154",108,"V14",0.9395,14,1,0
"2155",108,"V15",0.8949,15,1,1
"2156",108,"V16",0.8893,16,1,0
"2157",108,"V17",0.8621,17,1,0
"2158",108,"V18",0.8621,18,1,0
"2159",108,"V19",0.7596,19,1,0
"2160",108,"V20",0.843,20,1,0
"2161",109,"V1",0.9108,1,1,0
"2162",109,"V2",0.9586,2,1,0
"2163",109,"V3",0.8661,3,1,0
"2164",109,"V4",0.2236,4,0,0
"2165",109,"V5",0.828,5,1,1
"2166",109,"V6",0.9564,6,1,0
"2167",109,"V7",0.0251,7,0,0
"2168",109,"V8",0.8184,8,1,0
"2169",109,"V9",0.7526,9,1,0
"2170",109,"V10",0.029,10,0,1
"2171",109,"V11",0.0656,11,0,0
"2172",109,"V12",0.9594,12,1,0
"2173",109,"V13",0.013,13,0,0
"2174",109,"V14",0.9395,14,1,0
"2175",109,"V15",0.0313,15,0,0
"2176",109,"V16",0.8893,16,1,0
"2177",109,"V17",0.0383,17,0,0
"2178",109,"V18",0.1194,18,1,0
"2179",109,"V19",0.0224,19,1,0
"2180",109,"V20",0.0125,20,0,0
"2181",110,"V1",0.9108,1,1,0
"2182",110,"V2",0.9586,2,1,0
"2183",110,"V3",0.8661,3,1,0
"2184",110,"V4",0.2236,4,1,1
"2185",110,"V5",0.828,5,1,0
"2186",110,"V6",0.9564,6,1,0
"2187",110,"V7",0.8035,7,0,0
"2188",110,"V8",0.8184,8,1,0
"2189",110,"V9",0.7526,9,0,0
"2190",110,"V10",0.7864,10,1,0
"2191",110,"V11",0.9181,11,1,0
"2192",110,"V12",0.9594,12,1,0
"2193",110,"V13",0.6652,13,0,0
"2194",110,"V14",0.9395,14,0,0
"2195",110,"V15",0.8949,15,1,0
"2196",110,"V16",0.8893,16,1,0
"2197",110,"V17",0.8621,17,1,0
"2198",110,"V18",0.8621,18,1,1
"2199",110,"V19",0.0224,19,0,0
"2200",110,"V20",0.0125,20,0,0
"2201",111,"V1",0.0298,1,0,0
"2202",111,"V2",0.0163,2,0,1
"2203",111,"V3",1e-04,3,0,0
"2204",111,"V4",0.2236,4,0,1
"2205",111,"V5",0.3006,5,0,0
"2206",111,"V6",0.9564,6,1,0
"2207",111,"V7",0.0251,7,0,0
"2208",111,"V8",0.8184,8,1,0
"2209",111,"V9",0.2883,9,0,1
"2210",111,"V10",0.029,10,0,0
"2211",111,"V11",0.0656,11,0,0
"2212",111,"V12",0.9594,12,1,0
"2213",111,"V13",0.013,13,0,1
"2214",111,"V14",0.0615,14,0,0
"2215",111,"V15",0.0313,15,0,0
"2216",111,"V16",0.1086,16,0,1
"2217",111,"V17",0.0383,17,0,1
"2218",111,"V18",0.1194,18,0,0
"2219",111,"V19",0.0224,19,0,0
"2220",111,"V20",0.0125,20,0,0
"2221",112,"V1",0.0298,1,0,0
"2222",112,"V2",0.0163,2,0,0
"2223",112,"V3",1e-04,3,0,0
"2224",112,"V4",0.2236,4,0,0
"2225",112,"V5",0.3006,5,0,0
"2226",112,"V6",0.0951,6,0,0
"2227",112,"V7",0.0251,7,0,1
"2228",112,"V8",0.4438,8,0,1
"2229",112,"V9",0.2883,9,0,0
"2230",112,"V10",0.029,10,0,0
"2231",112,"V11",0.0656,11,0,0
"2232",112,"V12",0.1274,12,0,0
"2233",112,"V13",0.013,13,0,0
"2234",112,"V14",0.0615,14,0,1
"2235",112,"V15",0.0313,15,0,0
"2236",112,"V16",0.1086,16,0,0
"2237",112,"V17",0.0383,17,0,0
"2238",112,"V18",0.1194,18,0,0
"2239",112,"V19",0.0224,19,0,0
"2240",112,"V20",0.0125,20,0,0
"2241",113,"V1",0.9108,1,1,0
"2242",113,"V2",0.9586,2,0,1
"2243",113,"V3",0.8661,3,0,0
"2244",113,"V4",0.2236,4,0,0
"2245",113,"V5",0.828,5,1,1
"2246",113,"V6",0.9564,6,1,0
"2247",113,"V7",0.8035,7,1,1
"2248",113,"V8",0.8184,8,1,0
"2249",113,"V9",0.7526,9,0,0
"2250",113,"V10",0.029,10,1,1
"2251",113,"V11",0.0656,11,0,0
"2252",113,"V12",0.9594,12,1,0
"2253",113,"V13",0.013,13,0,0
"2254",113,"V14",0.9395,14,1,1
"2255",113,"V15",0.8949,15,1,0
"2256",113,"V16",0.8893,16,1,0
"2257",113,"V17",0.0383,17,0,0
"2258",113,"V18",0.1194,18,0,0
"2259",113,"V19",0.0224,19,0,1
"2260",113,"V20",0.0125,20,0,1
"2261",114,"V1",0.0298,1,0,0
"2262",114,"V2",0.0163,2,0,0
"2263",114,"V3",1e-04,3,0,0
"2264",114,"V4",0.8901,4,0,1
"2265",114,"V5",0.3006,5,0,0
"2266",114,"V6",0.9564,6,1,1
"2267",114,"V7",0.0251,7,0,1
"2268",114,"V8",0.8184,8,0,0
"2269",114,"V9",0.7526,9,0,0
"2270",114,"V10",0.7864,10,1,0
"2271",114,"V11",0.9181,11,1,1
"2272",114,"V12",0.9594,12,1,1
"2273",114,"V13",0.013,13,0,0
"2274",114,"V14",0.9395,14,1,1
"2275",114,"V15",0.0313,15,0,0
"2276",114,"V16",0.8893,16,1,1
"2277",114,"V17",0.8621,17,1,0
"2278",114,"V18",0.8621,18,1,1
"2279",114,"V19",0.0224,19,0,0
"2280",114,"V20",0.843,20,1,0
"2281",115,"V1",0.9108,1,1,0
"2282",115,"V2",0.9586,2,1,0
"2283",115,"V3",0.8661,3,0,0
"2284",115,"V4",0.8901,4,1,0
"2285",115,"V5",0.828,5,1,0
"2286",115,"V6",0.9564,6,1,0
"2287",115,"V7",0.8035,7,1,0
"2288",115,"V8",0.8184,8,1,0
"2289",115,"V9",0.7526,9,0,1
"2290",115,"V10",0.7864,10,1,1
"2291",115,"V11",0.9181,11,0,0
"2292",115,"V12",0.9594,12,0,0
"2293",115,"V13",0.6652,13,1,1
"2294",115,"V14",0.9395,14,1,0
"2295",115,"V15",0.8949,15,0,1
"2296",115,"V16",0.8893,16,1,0
"2297",115,"V17",0.8621,17,0,0
"2298",115,"V18",0.8621,18,1,1
"2299",115,"V19",0.7596,19,1,0
"2300",115,"V20",0.843,20,0,0
"2301",116,"V1",0.9108,1,0,0
"2302",116,"V2",0.9586,2,1,1
"2303",116,"V3",0.8661,3,1,0
"2304",116,"V4",0.8901,4,1,0
"2305",116,"V5",0.828,5,1,0
"2306",116,"V6",0.9564,6,1,1
"2307",116,"V7",0.8035,7,1,0
"2308",116,"V8",0.8184,8,1,0
"2309",116,"V9",0.7526,9,1,0
"2310",116,"V10",0.7864,10,1,1
"2311",116,"V11",0.9181,11,1,0
"2312",116,"V12",0.9594,12,1,0
"2313",116,"V13",0.6652,13,1,0
"2314",116,"V14",0.9395,14,1,0
"2315",116,"V15",0.8949,15,1,0
"2316",116,"V16",0.8893,16,1,1
"2317",116,"V17",0.8621,17,1,0
"2318",116,"V18",0.8621,18,1,0
"2319",116,"V19",0.7596,19,1,0
"2320",116,"V20",0.843,20,1,0
"2321",117,"V1",0.0298,1,0,0
"2322",117,"V2",0.0163,2,0,0
"2323",117,"V3",1e-04,3,0,0
"2324",117,"V4",0.2236,4,0,0
"2325",117,"V5",0.3006,5,0,0
"2326",117,"V6",0.0951,6,0,0
"2327",117,"V7",0.0251,7,0,1
"2328",117,"V8",0.4438,8,0,0
"2329",117,"V9",0.2883,9,1,0
"2330",117,"V10",0.029,10,0,1
"2331",117,"V11",0.0656,11,0,0
"2332",117,"V12",0.1274,12,0,0
"2333",117,"V13",0.013,13,0,0
"2334",117,"V14",0.0615,14,0,0
"2335",117,"V15",0.0313,15,0,0
"2336",117,"V16",0.1086,16,0,0
"2337",117,"V17",0.0383,17,0,1
"2338",117,"V18",0.1194,18,0,0
"2339",117,"V19",0.0224,19,0,0
"2340",117,"V20",0.0125,20,0,0
"2341",118,"V1",0.0298,1,0,0
"2342",118,"V2",0.0163,2,0,1
"2343",118,"V3",1e-04,3,0,0
"2344",118,"V4",0.8901,4,1,0
"2345",118,"V5",0.3006,5,0,0
"2346",118,"V6",0.9564,6,1,0
"2347",118,"V7",0.0251,7,0,0
"2348",118,"V8",0.8184,8,1,1
"2349",118,"V9",0.7526,9,0,1
"2350",118,"V10",0.7864,10,0,1
"2351",118,"V11",0.9181,11,1,0
"2352",118,"V12",0.9594,12,1,0
"2353",118,"V13",0.013,13,0,0
"2354",118,"V14",0.9395,14,1,0
"2355",118,"V15",0.0313,15,0,0
"2356",118,"V16",0.8893,16,1,0
"2357",118,"V17",0.8621,17,0,0
"2358",118,"V18",0.8621,18,1,0
"2359",118,"V19",0.0224,19,0,0
"2360",118,"V20",0.843,20,1,0
"2361",119,"V1",0.0298,1,0,0
"2362",119,"V2",0.0163,2,0,0
"2363",119,"V3",1e-04,3,0,0
"2364",119,"V4",0.8901,4,1,0
"2365",119,"V5",0.3006,5,0,0
"2366",119,"V6",0.9564,6,1,0
"2367",119,"V7",0.8035,7,1,1
"2368",119,"V8",0.8184,8,1,0
"2369",119,"V9",0.7526,9,1,0
"2370",119,"V10",0.7864,10,1,0
"2371",119,"V11",0.9181,11,1,0
"2372",119,"V12",0.9594,12,1,1
"2373",119,"V13",0.013,13,0,0
"2374",119,"V14",0.9395,14,1,0
"2375",119,"V15",0.8949,15,1,0
"2376",119,"V16",0.8893,16,1,0
"2377",119,"V17",0.8621,17,0,0
"2378",119,"V18",0.8621,18,1,0
"2379",119,"V19",0.7596,19,1,0
"2380",119,"V20",0.843,20,1,1
"2381",120,"V1",0.0298,1,0,0
"2382",120,"V2",0.0163,2,0,0
"2383",120,"V3",1e-04,3,0,0
"2384",120,"V4",0.2236,4,0,0
"2385",120,"V5",0.3006,5,0,0
"2386",120,"V6",0.0951,6,0,0
"2387",120,"V7",0.0251,7,0,0
"2388",120,"V8",0.4438,8,0,0
"2389",120,"V9",0.2883,9,0,1
"2390",120,"V10",0.029,10,0,0
"2391",120,"V11",0.0656,11,0,0
"2392",120,"V12",0.1274,12,0,0
"2393",120,"V13",0.013,13,0,0
"2394",120,"V14",0.0615,14,0,0
"2395",120,"V15",0.0313,15,0,0
"2396",120,"V16",0.1086,16,0,0
"2397",120,"V17",0.0383,17,0,0
"2398",120,"V18",0.1194,18,0,0
"2399",120,"V19",0.0224,19,0,0
"2400",120,"V20",0.0125,20,0,0
"2401",121,"V1",0.0298,1,0,1
"2402",121,"V2",0.0163,2,0,0
"2403",121,"V3",1e-04,3,0,0
"2404",121,"V4",0.2236,4,1,0
"2405",121,"V5",0.3006,5,1,0
"2406",121,"V6",0.0951,6,0,0
"2407",121,"V7",0.0251,7,0,0
"2408",121,"V8",0.4438,8,1,0
"2409",121,"V9",0.2883,9,0,0
"2410",121,"V10",0.029,10,0,0
"2411",121,"V11",0.0656,11,0,0
"2412",121,"V12",0.1274,12,0,1
"2413",121,"V13",0.013,13,0,0
"2414",121,"V14",0.0615,14,0,0
"2415",121,"V15",0.0313,15,0,1
"2416",121,"V16",0.1086,16,0,1
"2417",121,"V17",0.0383,17,0,0
"2418",121,"V18",0.1194,18,0,1
"2419",121,"V19",0.0224,19,0,0
"2420",121,"V20",0.0125,20,0,0
"2421",122,"V1",0.0298,1,0,0
"2422",122,"V2",0.0163,2,0,1
"2423",122,"V3",1e-04,3,0,0
"2424",122,"V4",0.2236,4,0,0
"2425",122,"V5",0.3006,5,0,1
"2426",122,"V6",0.9564,6,1,0
"2427",122,"V7",0.0251,7,0,0
"2428",122,"V8",0.8184,8,0,0
"2429",122,"V9",0.7526,9,1,1
"2430",122,"V10",0.029,10,0,0
"2431",122,"V11",0.0656,11,0,1
"2432",122,"V12",0.9594,12,1,0
"2433",122,"V13",0.013,13,0,0
"2434",122,"V14",0.9395,14,0,1
"2435",122,"V15",0.0313,15,0,1
"2436",122,"V16",0.8893,16,1,0
"2437",122,"V17",0.0383,17,0,0
"2438",122,"V18",0.1194,18,1,0
"2439",122,"V19",0.0224,19,0,1
"2440",122,"V20",0.0125,20,0,0
"2441",123,"V1",0.0298,1,0,0
"2442",123,"V2",0.0163,2,0,0
"2443",123,"V3",1e-04,3,0,0
"2444",123,"V4",0.2236,4,0,0
"2445",123,"V5",0.3006,5,0,0
"2446",123,"V6",0.9564,6,1,0
"2447",123,"V7",0.0251,7,0,0
"2448",123,"V8",0.8184,8,0,0
"2449",123,"V9",0.7526,9,0,0
"2450",123,"V10",0.029,10,0,0
"2451",123,"V11",0.0656,11,0,1
"2452",123,"V12",0.9594,12,0,1
"2453",123,"V13",0.013,13,0,0
"2454",123,"V14",0.9395,14,1,0
"2455",123,"V15",0.0313,15,0,0
"2456",123,"V16",0.8893,16,1,0
"2457",123,"V17",0.0383,17,0,1
"2458",123,"V18",0.1194,18,0,1
"2459",123,"V19",0.0224,19,0,1
"2460",123,"V20",0.0125,20,0,1
"2461",124,"V1",0.9108,1,1,0
"2462",124,"V2",0.9586,2,1,0
"2463",124,"V3",0.8661,3,1,0
"2464",124,"V4",0.8901,4,1,0
"2465",124,"V5",0.828,5,1,0
"2466",124,"V6",0.9564,6,1,1
"2467",124,"V7",0.8035,7,1,1
"2468",124,"V8",0.8184,8,1,0
"2469",124,"V9",0.7526,9,1,0
"2470",124,"V10",0.7864,10,1,0
"2471",124,"V11",0.9181,11,1,1
"2472",124,"V12",0.9594,12,1,0
"2473",124,"V13",0.6652,13,1,0
"2474",124,"V14",0.9395,14,1,1
"2475",124,"V15",0.8949,15,1,0
"2476",124,"V16",0.8893,16,1,0
"2477",124,"V17",0.8621,17,1,0
"2478",124,"V18",0.8621,18,1,1
"2479",124,"V19",0.7596,19,1,0
"2480",124,"V20",0.843,20,1,0
"2481",125,"V1",0.9108,1,1,0
"2482",125,"V2",0.9586,2,1,1
"2483",125,"V3",0.8661,3,1,0
"2484",125,"V4",0.8901,4,0,0
"2485",125,"V5",0.828,5,1,1
"2486",125,"V6",0.9564,6,1,0
"2487",125,"V7",0.8035,7,0,1
"2488",125,"V8",0.8184,8,0,0
"2489",125,"V9",0.7526,9,0,1
"2490",125,"V10",0.7864,10,1,1
"2491",125,"V11",0.9181,11,1,0
"2492",125,"V12",0.9594,12,1,1
"2493",125,"V13",0.6652,13,1,0
"2494",125,"V14",0.9395,14,1,0
"2495",125,"V15",0.8949,15,0,0
"2496",125,"V16",0.8893,16,1,1
"2497",125,"V17",0.8621,17,1,0
"2498",125,"V18",0.8621,18,0,0
"2499",125,"V19",0.7596,19,1,0
"2500",125,"V20",0.843,20,1,0
"2501",126,"V1",0.9108,1,1,0
"2502",126,"V2",0.9586,2,1,1
"2503",126,"V3",0.8661,3,0,1
"2504",126,"V4",0.8901,4,1,0
"2505",126,"V5",0.828,5,1,0
"2506",126,"V6",0.9564,6,1,0
"2507",126,"V7",0.8035,7,0,0
"2508",126,"V8",0.8184,8,1,0
"2509",126,"V9",0.7526,9,0,0
"2510",126,"V10",0.7864,10,1,0
"2511",126,"V11",0.9181,11,1,1
"2512",126,"V12",0.9594,12,1,0
"2513",126,"V13",0.6652,13,1,0
"2514",126,"V14",0.9395,14,1,1
"2515",126,"V15",0.8949,15,1,0
"2516",126,"V16",0.8893,16,1,0
"2517",126,"V17",0.8621,17,1,0
"2518",126,"V18",0.8621,18,1,0
"2519",126,"V19",0.7596,19,1,0
"2520",126,"V20",0.843,20,1,0
"2521",127,"V1",0.9108,1,1,0
"2522",127,"V2",0.9586,2,1,1
"2523",127,"V3",0.8661,3,1,0
"2524",127,"V4",0.8901,4,1,0
"2525",127,"V5",0.828,5,1,0
"2526",127,"V6",0.9564,6,1,0
"2527",127,"V7",0.8035,7,0,0
"2528",127,"V8",0.8184,8,1,0
"2529",127,"V9",0.7526,9,1,0
"2530",127,"V10",0.7864,10,1,0
"2531",127,"V11",0.9181,11,1,0
"2532",127,"V12",0.9594,12,1,1
"2533",127,"V13",0.6652,13,1,0
"2534",127,"V14",0.9395,14,1,0
"2535",127,"V15",0.8949,15,1,1
"2536",127,"V16",0.8893,16,1,0
"2537",127,"V17",0.8621,17,1,1
"2538",127,"V18",0.8621,18,1,0
"2539",127,"V19",0.7596,19,1,0
"2540",127,"V20",0.843,20,1,0
"2541",128,"V1",0.9108,1,0,1
"2542",128,"V2",0.9586,2,0,0
"2543",128,"V3",0.8661,3,0,0
"2544",128,"V4",0.8901,4,1,0
"2545",128,"V5",0.828,5,1,0
"2546",128,"V6",0.9564,6,1,0
"2547",128,"V7",0.8035,7,1,0
"2548",128,"V8",0.8184,8,1,1
"2549",128,"V9",0.7526,9,1,0
"2550",128,"V10",0.7864,10,1,0
"2551",128,"V11",0.9181,11,1,0
"2552",128,"V12",0.9594,12,1,0
"2553",128,"V13",0.6652,13,1,0
"2554",128,"V14",0.9395,14,1,0
"2555",128,"V15",0.8949,15,1,1
"2556",128,"V16",0.8893,16,1,0
"2557",128,"V17",0.8621,17,1,1
"2558",128,"V18",0.8621,18,1,0
"2559",128,"V19",0.7596,19,1,0
"2560",128,"V20",0.843,20,1,0
"2561",129,"V1",0.0298,1,0,1
"2562",129,"V2",0.0163,2,0,0
"2563",129,"V3",1e-04,3,0,1
"2564",129,"V4",0.8901,4,1,0
"2565",129,"V5",0.3006,5,0,0
"2566",129,"V6",0.9564,6,1,0
"2567",129,"V7",0.0251,7,0,0
"2568",129,"V8",0.8184,8,1,1
"2569",129,"V9",0.7526,9,0,0
"2570",129,"V10",0.7864,10,1,0
"2571",129,"V11",0.9181,11,1,0
"2572",129,"V12",0.9594,12,1,1
"2573",129,"V13",0.013,13,0,0
"2574",129,"V14",0.9395,14,1,0
"2575",129,"V15",0.0313,15,0,0
"2576",129,"V16",0.8893,16,1,0
"2577",129,"V17",0.8621,17,1,0
"2578",129,"V18",0.1194,18,0,0
"2579",129,"V19",0.0224,19,0,0
"2580",129,"V20",0.843,20,0,0
"2581",130,"V1",0.9108,1,1,0
"2582",130,"V2",0.9586,2,1,0
"2583",130,"V3",0.8661,3,1,0
"2584",130,"V4",0.8901,4,1,0
"2585",130,"V5",0.828,5,1,0
"2586",130,"V6",0.9564,6,0,0
"2587",130,"V7",0.8035,7,1,0
"2588",130,"V8",0.8184,8,1,1
"2589",130,"V9",0.7526,9,1,0
"2590",130,"V10",0.7864,10,1,0
"2591",130,"V11",0.9181,11,1,1
"2592",130,"V12",0.9594,12,1,0
"2593",130,"V13",0.6652,13,1,0
"2594",130,"V14",0.9395,14,1,1
"2595",130,"V15",0.8949,15,0,0
"2596",130,"V16",0.8893,16,1,1
"2597",130,"V17",0.8621,17,1,0
"2598",130,"V18",0.8621,18,1,0
"2599",130,"V19",0.7596,19,1,1
"2600",130,"V20",0.843,20,1,1
"2601",131,"V1",0.0298,1,0,0
"2602",131,"V2",0.0163,2,0,0
"2603",131,"V3",1e-04,3,0,1
"2604",131,"V4",0.2236,4,0,0
"2605",131,"V5",0.3006,5,0,0
"2606",131,"V6",0.0951,6,1,0
"2607",131,"V7",0.0251,7,0,0
"2608",131,"V8",0.4438,8,0,0
"2609",131,"V9",0.2883,9,0,0
"2610",131,"V10",0.029,10,0,1
"2611",131,"V11",0.0656,11,0,1
"2612",131,"V12",0.1274,12,1,1
"2613",131,"V13",0.013,13,0,0
"2614",131,"V14",0.0615,14,0,0
"2615",131,"V15",0.0313,15,0,1
"2616",131,"V16",0.1086,16,1,0
"2617",131,"V17",0.0383,17,1,0
"2618",131,"V18",0.1194,18,0,0
"2619",131,"V19",0.0224,19,0,0
"2620",131,"V20",0.0125,20,0,0
"2621",132,"V1",0.9108,1,0,0
"2622",132,"V2",0.9586,2,1,0
"2623",132,"V3",0.8661,3,0,1
"2624",132,"V4",0.2236,4,1,1
"2625",132,"V5",0.828,5,1,0
"2626",132,"V6",0.9564,6,1,1
"2627",132,"V7",0.0251,7,0,0
"2628",132,"V8",0.8184,8,1,0
"2629",132,"V9",0.7526,9,1,1
"2630",132,"V10",0.7864,10,1,1
"2631",132,"V11",0.9181,11,1,0
"2632",132,"V12",0.9594,12,1,0
"2633",132,"V13",0.6652,13,1,0
"2634",132,"V14",0.9395,14,1,0
"2635",132,"V15",0.0313,15,0,0
"2636",132,"V16",0.8893,16,1,1
"2637",132,"V17",0.8621,17,1,0
"2638",132,"V18",0.8621,18,1,0
"2639",132,"V19",0.0224,19,0,1
"2640",132,"V20",0.0125,20,0,0
"2641",133,"V1",0.0298,1,0,0
"2642",133,"V2",0.0163,2,0,1
"2643",133,"V3",1e-04,3,0,0
"2644",133,"V4",0.2236,4,0,0
"2645",133,"V5",0.3006,5,1,1
"2646",133,"V6",0.9564,6,1,0
"2647",133,"V7",0.8035,7,1,0
"2648",133,"V8",0.8184,8,1,0
"2649",133,"V9",0.7526,9,1,0
"2650",133,"V10",0.029,10,0,0
"2651",133,"V11",0.0656,11,0,0
"2652",133,"V12",0.9594,12,1,0
"2653",133,"V13",0.013,13,0,0
"2654",133,"V14",0.9395,14,0,0
"2655",133,"V15",0.8949,15,1,0
"2656",133,"V16",0.8893,16,0,0
"2657",133,"V17",0.0383,17,0,0
"2658",133,"V18",0.1194,18,0,1
"2659",133,"V19",0.0224,19,0,0
"2660",133,"V20",0.0125,20,0,0
"2661",134,"V1",0.0298,1,0,0
"2662",134,"V2",0.0163,2,0,0
"2663",134,"V3",1e-04,3,0,0
"2664",134,"V4",0.2236,4,0,0
"2665",134,"V5",0.3006,5,0,1
"2666",134,"V6",0.0951,6,0,0
"2667",134,"V7",0.0251,7,0,0
"2668",134,"V8",0.4438,8,1,0
"2669",134,"V9",0.2883,9,0,0
"2670",134,"V10",0.029,10,0,0
"2671",134,"V11",0.0656,11,0,0
"2672",134,"V12",0.1274,12,0,0
"2673",134,"V13",0.013,13,0,0
"2674",134,"V14",0.0615,14,0,0
"2675",134,"V15",0.0313,15,0,1
"2676",134,"V16",0.1086,16,0,0
"2677",134,"V17",0.0383,17,0,0
"2678",134,"V18",0.1194,18,0,0
"2679",134,"V19",0.0224,19,0,0
"2680",134,"V20",0.0125,20,0,1
"2681",135,"V1",0.0298,1,0,0
"2682",135,"V2",0.0163,2,0,0
"2683",135,"V3",1e-04,3,0,0
"2684",135,"V4",0.2236,4,0,0
"2685",135,"V5",0.3006,5,1,0
"2686",135,"V6",0.0951,6,0,0
"2687",135,"V7",0.0251,7,0,0
"2688",135,"V8",0.4438,8,1,0
"2689",135,"V9",0.2883,9,0,0
"2690",135,"V10",0.029,10,0,1
"2691",135,"V11",0.0656,11,0,0
"2692",135,"V12",0.1274,12,0,0
"2693",135,"V13",0.013,13,0,0
"2694",135,"V14",0.0615,14,0,0
"2695",135,"V15",0.0313,15,0,0
"2696",135,"V16",0.1086,16,0,0
"2697",135,"V17",0.0383,17,0,1
"2698",135,"V18",0.1194,18,0,0
"2699",135,"V19",0.0224,19,0,0
"2700",135,"V20",0.0125,20,0,0
"2701",136,"V1",0.9108,1,1,0
"2702",136,"V2",0.9586,2,1,0
"2703",136,"V3",0.8661,3,1,0
"2704",136,"V4",0.8901,4,1,0
"2705",136,"V5",0.828,5,1,0
"2706",136,"V6",0.9564,6,1,0
"2707",136,"V7",0.8035,7,1,0
"2708",136,"V8",0.8184,8,1,0
"2709",136,"V9",0.7526,9,1,0
"2710",136,"V10",0.7864,10,1,1
"2711",136,"V11",0.9181,11,1,1
"2712",136,"V12",0.9594,12,1,0
"2713",136,"V13",0.6652,13,1,0
"2714",136,"V14",0.9395,14,1,0
"2715",136,"V15",0.8949,15,1,1
"2716",136,"V16",0.8893,16,1,0
"2717",136,"V17",0.8621,17,1,0
"2718",136,"V18",0.8621,18,0,0
"2719",136,"V19",0.7596,19,1,1
"2720",136,"V20",0.843,20,1,1
"2721",137,"V1",0.0298,1,0,0
"2722",137,"V2",0.9586,2,1,0
"2723",137,"V3",0.8661,3,1,1
"2724",137,"V4",0.2236,4,0,0
"2725",137,"V5",0.3006,5,0,0
"2726",137,"V6",0.9564,6,1,0
"2727",137,"V7",0.8035,7,0,0
"2728",137,"V8",0.8184,8,1,0
"2729",137,"V9",0.7526,9,0,0
"2730",137,"V10",0.029,10,0,0
"2731",137,"V11",0.9181,11,1,0
"2732",137,"V12",0.1274,12,0,0
"2733",137,"V13",0.6652,13,0,1
"2734",137,"V14",0.9395,14,1,0
"2735",137,"V15",0.8949,15,1,0
"2736",137,"V16",0.8893,16,1,0
"2737",137,"V17",0.8621,17,1,0
"2738",137,"V18",0.1194,18,1,1
"2739",137,"V19",0.0224,19,0,0
"2740",137,"V20",0.0125,20,1,1
"2741",138,"V1",0.9108,1,1,0
"2742",138,"V2",0.9586,2,1,0
"2743",138,"V3",0.8661,3,1,1
"2744",138,"V4",0.8901,4,1,0
"2745",138,"V5",0.828,5,1,0
"2746",138,"V6",0.9564,6,1,0
"2747",138,"V7",0.8035,7,1,0
"2748",138,"V8",0.8184,8,1,0
"2749",138,"V9",0.7526,9,1,0
"2750",138,"V10",0.7864,10,0,0
"2751",138,"V11",0.9181,11,1,0
"2752",138,"V12",0.9594,12,1,0
"2753",138,"V13",0.6652,13,1,0
"2754",138,"V14",0.9395,14,1,0
"2755",138,"V15",0.8949,15,1,0
"2756",138,"V16",0.8893,16,1,1
"2757",138,"V17",0.8621,17,1,0
"2758",138,"V18",0.8621,18,1,1
"2759",138,"V19",0.7596,19,1,0
"2760",138,"V20",0.843,20,1,0
"2761",139,"V1",0.0298,1,0,1
"2762",139,"V2",0.0163,2,0,0
"2763",139,"V3",1e-04,3,0,0
"2764",139,"V4",0.2236,4,0,0
"2765",139,"V5",0.3006,5,1,0
"2766",139,"V6",0.0951,6,0,0
"2767",139,"V7",0.0251,7,0,0
"2768",139,"V8",0.4438,8,0,0
"2769",139,"V9",0.2883,9,1,0
"2770",139,"V10",0.029,10,0,0
"2771",139,"V11",0.0656,11,0,0
"2772",139,"V12",0.1274,12,0,0
"2773",139,"V13",0.013,13,0,0
"2774",139,"V14",0.0615,14,0,0
"2775",139,"V15",0.0313,15,0,0
"2776",139,"V16",0.1086,16,0,0
"2777",139,"V17",0.0383,17,0,0
"2778",139,"V18",0.1194,18,0,0
"2779",139,"V19",0.0224,19,0,0
"2780",139,"V20",0.0125,20,0,1
"2781",140,"V1",0.9108,1,1,1
"2782",140,"V2",0.9586,2,1,1
"2783",140,"V3",0.8661,3,1,0
"2784",140,"V4",0.8901,4,1,1
"2785",140,"V5",0.828,5,1,0
"2786",140,"V6",0.9564,6,1,0
"2787",140,"V7",0.8035,7,1,1
"2788",140,"V8",0.8184,8,1,0
"2789",140,"V9",0.7526,9,1,0
"2790",140,"V10",0.7864,10,1,1
"2791",140,"V11",0.9181,11,0,1
"2792",140,"V12",0.9594,12,1,0
"2793",140,"V13",0.6652,13,1,0
"2794",140,"V14",0.9395,14,1,0
"2795",140,"V15",0.8949,15,1,1
"2796",140,"V16",0.8893,16,1,0
"2797",140,"V17",0.8621,17,1,1
"2798",140,"V18",0.8621,18,1,0
"2799",140,"V19",0.7596,19,1,0
"2800",140,"V20",0.843,20,1,0
"2801",141,"V1",0.9108,1,1,0
"2802",141,"V2",0.9586,2,1,1
"2803",141,"V3",0.8661,3,1,0
"2804",141,"V4",0.2236,4,1,0
"2805",141,"V5",0.828,5,1,1
"2806",141,"V6",0.9564,6,1,0
"2807",141,"V7",0.8035,7,1,1
"2808",141,"V8",0.8184,8,1,1
"2809",141,"V9",0.7526,9,1,0
"2810",141,"V10",0.029,10,0,0
"2811",141,"V11",0.0656,11,1,0
"2812",141,"V12",0.9594,12,1,1
"2813",141,"V13",0.013,13,0,0
"2814",141,"V14",0.9395,14,0,0
"2815",141,"V15",0.8949,15,1,1
"2816",141,"V16",0.8893,16,1,0
"2817",141,"V17",0.0383,17,0,0
"2818",141,"V18",0.1194,18,0,0
"2819",141,"V19",0.0224,19,0,1
"2820",141,"V20",0.0125,20,0,1
"2821",142,"V1",0.9108,1,1,0
"2822",142,"V2",0.9586,2,1,0
"2823",142,"V3",0.8661,3,0,0
"2824",142,"V4",0.8901,4,1,0
"2825",142,"V5",0.828,5,1,0
"2826",142,"V6",0.9564,6,1,0
"2827",142,"V7",0.8035,7,1,0
"2828",142,"V8",0.8184,8,1,0
"2829",142,"V9",0.7526,9,1,0
"2830",142,"V10",0.7864,10,1,0
"2831",142,"V11",0.9181,11,1,0
"2832",142,"V12",0.9594,12,1,0
"2833",142,"V13",0.6652,13,1,0
"2834",142,"V14",0.9395,14,1,1
"2835",142,"V15",0.8949,15,1,1
"2836",142,"V16",0.8893,16,1,0
"2837",142,"V17",0.8621,17,1,0
"2838",142,"V18",0.8621,18,0,1
"2839",142,"V19",0.7596,19,1,0
"2840",142,"V20",0.843,20,1,0
"2841",143,"V1",0.0298,1,0,0
"2842",143,"V2",0.0163,2,0,0
"2843",143,"V3",1e-04,3,0,1
"2844",143,"V4",0.2236,4,0,0
"2845",143,"V5",0.3006,5,0,1
"2846",143,"V6",0.9564,6,1,0
"2847",143,"V7",0.0251,7,0,0
"2848",143,"V8",0.8184,8,1,0
"2849",143,"V9",0.2883,9,0,1
"2850",143,"V10",0.029,10,0,0
"2851",143,"V11",0.0656,11,0,0
"2852",143,"V12",0.9594,12,1,1
"2853",143,"V13",0.013,13,0,0
"2854",143,"V14",0.0615,14,0,1
"2855",143,"V15",0.0313,15,0,1
"2856",143,"V16",0.1086,16,0,0
"2857",143,"V17",0.0383,17,0,0
"2858",143,"V18",0.1194,18,0,1
"2859",143,"V19",0.0224,19,0,0
"2860",143,"V20",0.0125,20,0,0
"2861",144,"V1",0.0298,1,0,0
"2862",144,"V2",0.0163,2,0,1
"2863",144,"V3",1e-04,3,0,0
"2864",144,"V4",0.2236,4,0,0
"2865",144,"V5",0.3006,5,1,0
"2866",144,"V6",0.0951,6,1,0
"2867",144,"V7",0.0251,7,0,0
"2868",144,"V8",0.4438,8,1,1
"2869",144,"V9",0.2883,9,0,0
"2870",144,"V10",0.029,10,0,1
"2871",144,"V11",0.0656,11,1,1
"2872",144,"V12",0.1274,12,0,0
"2873",144,"V13",0.013,13,0,1
"2874",144,"V14",0.0615,14,0,0
"2875",144,"V15",0.0313,15,0,1
"2876",144,"V16",0.1086,16,0,1
"2877",144,"V17",0.0383,17,0,0
"2878",144,"V18",0.1194,18,0,0
"2879",144,"V19",0.0224,19,0,0
"2880",144,"V20",0.0125,20,0,0
"2881",145,"V1",0.0298,1,0,0
"2882",145,"V2",0.0163,2,0,0
"2883",145,"V3",1e-04,3,0,0
"2884",145,"V4",0.2236,4,0,0
"2885",145,"V5",0.3006,5,0,0
"2886",145,"V6",0.9564,6,1,0
"2887",145,"V7",0.0251,7,0,1
"2888",145,"V8",0.8184,8,0,0
"2889",145,"V9",0.7526,9,0,0
"2890",145,"V10",0.029,10,0,1
"2891",145,"V11",0.0656,11,1,1
"2892",145,"V12",0.9594,12,1,0
"2893",145,"V13",0.013,13,0,0
"2894",145,"V14",0.9395,14,1,0
"2895",145,"V15",0.0313,15,0,1
"2896",145,"V16",0.8893,16,0,1
"2897",145,"V17",0.0383,17,0,0
"2898",145,"V18",0.1194,18,0,0
"2899",145,"V19",0.0224,19,0,0
"2900",145,"V20",0.0125,20,0,1
"2901",146,"V1",0.9108,1,0,0
"2902",146,"V2",0.9586,2,1,0
"2903",146,"V3",0.8661,3,1,0
"2904",146,"V4",0.8901,4,1,0
"2905",146,"V5",0.828,5,1,0
"2906",146,"V6",0.9564,6,1,0
"2907",146,"V7",0.8035,7,0,0
"2908",146,"V8",0.8184,8,1,0
"2909",146,"V9",0.7526,9,0,0
"2910",146,"V10",0.7864,10,1,0
"2911",146,"V11",0.9181,11,0,0
"2912",146,"V12",0.9594,12,1,0
"2913",146,"V13",0.6652,13,1,0
"2914",146,"V14",0.9395,14,1,1
"2915",146,"V15",0.8949,15,1,1
"2916",146,"V16",0.8893,16,1,1
"2917",146,"V17",0.8621,17,1,0
"2918",146,"V18",0.8621,18,1,0
"2919",146,"V19",0.7596,19,1,0
"2920",146,"V20",0.843,20,1,0
"2921",147,"V1",0.9108,1,1,0
"2922",147,"V2",0.9586,2,1,1
"2923",147,"V3",0.8661,3,1,1
"2924",147,"V4",0.8901,4,1,0
"2925",147,"V5",0.828,5,1,1
"2926",147,"V6",0.9564,6,1,0
"2927",147,"V7",0.8035,7,1,0
"2928",147,"V8",0.8184,8,1,0
"2929",147,"V9",0.7526,9,0,1
"2930",147,"V10",0.7864,10,1,0
"2931",147,"V11",0.9181,11,1,1
"2932",147,"V12",0.9594,12,1,0
"2933",147,"V13",0.6652,13,1,1
"2934",147,"V14",0.9395,14,1,0
"2935",147,"V15",0.8949,15,1,1
"2936",147,"V16",0.8893,16,1,0
"2937",147,"V17",0.8621,17,1,0
"2938",147,"V18",0.8621,18,1,0
"2939",147,"V19",0.7596,19,1,0
"2940",147,"V20",0.843,20,0,0
"2941",148,"V1",0.0298,1,0,0
"2942",148,"V2",0.0163,2,0,0
"2943",148,"V3",1e-04,3,0,1
"2944",148,"V4",0.2236,4,0,0
"2945",148,"V5",0.3006,5,0,0
"2946",148,"V6",0.0951,6,0,0
"2947",148,"V7",0.0251,7,0,0
"2948",148,"V8",0.4438,8,0,0
"2949",148,"V9",0.2883,9,0,0
"2950",148,"V10",0.029,10,0,0
"2951",148,"V11",0.0656,11,0,0
"2952",148,"V12",0.1274,12,0,1
"2953",148,"V13",0.013,13,0,1
"2954",148,"V14",0.0615,14,0,1
"2955",148,"V15",0.0313,15,0,0
"2956",148,"V16",0.1086,16,0,1
"2957",148,"V17",0.0383,17,0,1
"2958",148,"V18",0.1194,18,0,0
"2959",148,"V19",0.0224,19,0,0
"2960",148,"V20",0.0125,20,0,0
"2961",149,"V1",0.9108,1,0,0
"2962",149,"V2",0.9586,2,1,0
"2963",149,"V3",0.8661,3,1,1
"2964",149,"V4",0.8901,4,1,0
"2965",149,"V5",0.828,5,1,0
"2966",149,"V6",0.9564,6,1,0
"2967",149,"V7",0.0251,7,0,0
"2968",149,"V8",0.8184,8,1,1
"2969",149,"V9",0.7526,9,1,0
"2970",149,"V10",0.7864,10,1,0
"2971",149,"V11",0.9181,11,0,1
"2972",149,"V12",0.9594,12,1,0
"2973",149,"V13",0.6652,13,1,0
"2974",149,"V14",0.9395,14,1,0
"2975",149,"V15",0.0313,15,0,0
"2976",149,"V16",0.8893,16,1,0
"2977",149,"V17",0.8621,17,1,1
"2978",149,"V18",0.8621,18,1,1
"2979",149,"V19",0.0224,19,0,0
"2980",149,"V20",0.843,20,1,0
"2981",150,"V1",0.9108,1,1,0
"2982",150,"V2",0.9586,2,1,0
"2983",150,"V3",0.8661,3,1,0
"2984",150,"V4",0.8901,4,1,1
"2985",150,"V5",0.828,5,1,0
"2986",150,"V6",0.9564,6,1,0
"2987",150,"V7",0.8035,7,1,0
"2988",150,"V8",0.8184,8,1,0
"2989",150,"V9",0.7526,9,1,1
"2990",150,"V10",0.7864,10,1,1
"2991",150,"V11",0.9181,11,1,0
"2992",150,"V12",0.9594,12,1,0
"2993",150,"V13",0.6652,13,1,0
"2994",150,"V14",0.9395,14,1,0
"2995",150,"V15",0.8949,15,1,1
"2996",150,"V16",0.8893,16,1,0
"2997",150,"V17",0.8621,17,1,0
"2998",150,"V18",0.8621,18,1,0
"2999",150,"V19",0.7596,19,1,0
"3000",150,"V20",0.843,20,1,0
"3001",151,"V1",0.9108,1,1,0
"3002",151,"V2",0.9586,2,1,0
"3003",151,"V3",0.8661,3,1,0
"3004",151,"V4",0.8901,4,1,1
"3005",151,"V5",0.828,5,1,0
"3006",151,"V6",0.9564,6,1,0
"3007",151,"V7",0.8035,7,1,0
"3008",151,"V8",0.8184,8,1,0
"3009",151,"V9",0.7526,9,0,0
"3010",151,"V10",0.7864,10,1,0
"3011",151,"V11",0.9181,11,1,0
"3012",151,"V12",0.9594,12,1,0
"3013",151,"V13",0.6652,13,1,0
"3014",151,"V14",0.9395,14,1,0
"3015",151,"V15",0.8949,15,1,0
"3016",151,"V16",0.8893,16,1,1
"3017",151,"V17",0.8621,17,0,0
"3018",151,"V18",0.8621,18,0,0
"3019",151,"V19",0.7596,19,1,0
"3020",151,"V20",0.843,20,1,1
"3021",152,"V1",0.9108,1,1,0
"3022",152,"V2",0.9586,2,0,0
"3023",152,"V3",0.8661,3,1,0
"3024",152,"V4",0.8901,4,1,0
"3025",152,"V5",0.828,5,1,0
"3026",152,"V6",0.9564,6,1,1
"3027",152,"V7",0.8035,7,1,1
"3028",152,"V8",0.8184,8,1,0
"3029",152,"V9",0.7526,9,1,1
"3030",152,"V10",0.7864,10,1,1
"3031",152,"V11",0.9181,11,1,0
"3032",152,"V12",0.9594,12,1,1
"3033",152,"V13",0.6652,13,1,1
"3034",152,"V14",0.9395,14,1,0
"3035",152,"V15",0.8949,15,1,1
"3036",152,"V16",0.8893,16,1,0
"3037",152,"V17",0.8621,17,1,0
"3038",152,"V18",0.8621,18,1,0
"3039",152,"V19",0.7596,19,1,0
"3040",152,"V20",0.843,20,1,0
"3041",153,"V1",0.9108,1,1,0
"3042",153,"V2",0.9586,2,1,0
"3043",153,"V3",0.8661,3,0,1
"3044",153,"V4",0.8901,4,0,0
"3045",153,"V5",0.828,5,1,0
"3046",153,"V6",0.9564,6,1,0
"3047",153,"V7",0.8035,7,1,0
"3048",153,"V8",0.8184,8,1,1
"3049",153,"V9",0.7526,9,1,0
"3050",153,"V10",0.7864,10,1,0
"3051",153,"V11",0.9181,11,1,0
"3052",153,"V12",0.9594,12,1,0
"3053",153,"V13",0.6652,13,1,0
"3054",153,"V14",0.9395,14,1,0
"3055",153,"V15",0.8949,15,1,0
"3056",153,"V16",0.8893,16,1,0
"3057",153,"V17",0.8621,17,1,0
"3058",153,"V18",0.8621,18,0,0
"3059",153,"V19",0.7596,19,1,1
"3060",153,"V20",0.843,20,1,0
"3061",154,"V1",0.9108,1,1,0
"3062",154,"V2",0.9586,2,1,0
"3063",154,"V3",0.8661,3,1,0
"3064",154,"V4",0.8901,4,0,1
"3065",154,"V5",0.828,5,1,0
"3066",154,"V6",0.9564,6,1,0
"3067",154,"V7",0.8035,7,1,0
"3068",154,"V8",0.8184,8,1,0
"3069",154,"V9",0.7526,9,1,0
"3070",154,"V10",0.7864,10,1,0
"3071",154,"V11",0.9181,11,1,0
"3072",154,"V12",0.9594,12,0,0
"3073",154,"V13",0.6652,13,1,0
"3074",154,"V14",0.9395,14,1,0
"3075",154,"V15",0.8949,15,1,0
"3076",154,"V16",0.8893,16,1,0
"3077",154,"V17",0.8621,17,1,0
"3078",154,"V18",0.8621,18,1,0
"3079",154,"V19",0.7596,19,1,0
"3080",154,"V20",0.843,20,1,0
"3081",155,"V1",0.9108,1,0,1
"3082",155,"V2",0.9586,2,1,0
"3083",155,"V3",0.8661,3,1,0
"3084",155,"V4",0.8901,4,1,0
"3085",155,"V5",0.828,5,1,0
"3086",155,"V6",0.9564,6,1,0
"3087",155,"V7",0.8035,7,1,1
"3088",155,"V8",0.8184,8,1,1
"3089",155,"V9",0.7526,9,1,0
"3090",155,"V10",0.7864,10,1,0
"3091",155,"V11",0.9181,11,1,0
"3092",155,"V12",0.9594,12,1,0
"3093",155,"V13",0.6652,13,1,1
"3094",155,"V14",0.9395,14,0,0
"3095",155,"V15",0.8949,15,1,0
"3096",155,"V16",0.8893,16,1,0
"3097",155,"V17",0.8621,17,0,0
"3098",155,"V18",0.8621,18,1,0
"3099",155,"V19",0.7596,19,1,0
"3100",155,"V20",0.843,20,1,0
"3101",156,"V1",0.9108,1,1,1
"3102",156,"V2",0.9586,2,1,1
"3103",156,"V3",0.8661,3,1,0
"3104",156,"V4",0.8901,4,1,0
"3105",156,"V5",0.828,5,1,0
"3106",156,"V6",0.9564,6,1,1
"3107",156,"V7",0.8035,7,1,0
"3108",156,"V8",0.8184,8,1,0
"3109",156,"V9",0.7526,9,0,1
"3110",156,"V10",0.7864,10,0,0
"3111",156,"V11",0.9181,11,1,1
"3112",156,"V12",0.9594,12,1,0
"3113",156,"V13",0.6652,13,1,0
"3114",156,"V14",0.9395,14,1,1
"3115",156,"V15",0.8949,15,1,1
"3116",156,"V16",0.8893,16,1,0
"3117",156,"V17",0.8621,17,1,0
"3118",156,"V18",0.8621,18,1,0
"3119",156,"V19",0.7596,19,1,0
"3120",156,"V20",0.843,20,1,0
"3121",157,"V1",0.9108,1,0,1
"3122",157,"V2",0.9586,2,1,0
"3123",157,"V3",0.8661,3,1,0
"3124",157,"V4",0.8901,4,1,0
"3125",157,"V5",0.828,5,1,0
"3126",157,"V6",0.9564,6,1,0
"3127",157,"V7",0.8035,7,1,1
"3128",157,"V8",0.8184,8,1,0
"3129",157,"V9",0.7526,9,1,0
"3130",157,"V10",0.7864,10,1,1
"3131",157,"V11",0.9181,11,1,1
"3132",157,"V12",0.9594,12,1,0
"3133",157,"V13",0.6652,13,1,1
"3134",157,"V14",0.9395,14,1,0
"3135",157,"V15",0.8949,15,1,0
"3136",157,"V16",0.8893,16,1,0
"3137",157,"V17",0.8621,17,0,0
"3138",157,"V18",0.8621,18,1,0
"3139",157,"V19",0.7596,19,1,0
"3140",157,"V20",0.843,20,0,0
"3141",158,"V1",0.0298,1,0,0
"3142",158,"V2",0.0163,2,0,1
"3143",158,"V3",1e-04,3,0,0
"3144",158,"V4",0.8901,4,1,0
"3145",158,"V5",0.3006,5,0,0
"3146",158,"V6",0.9564,6,1,0
"3147",158,"V7",0.0251,7,0,0
"3148",158,"V8",0.8184,8,0,0
"3149",158,"V9",0.7526,9,0,0
"3150",158,"V10",0.7864,10,1,0
"3151",158,"V11",0.9181,11,1,1
"3152",158,"V12",0.9594,12,1,0
"3153",158,"V13",0.013,13,0,1
"3154",158,"V14",0.9395,14,1,0
"3155",158,"V15",0.0313,15,0,1
"3156",158,"V16",0.8893,16,0,1
"3157",158,"V17",0.8621,17,1,0
"3158",158,"V18",0.8621,18,1,1
"3159",158,"V19",0.0224,19,0,0
"3160",158,"V20",0.843,20,1,1
"3161",159,"V1",0.9108,1,0,0
"3162",159,"V2",0.9586,2,1,0
"3163",159,"V3",0.8661,3,1,0
"3164",159,"V4",0.2236,4,1,0
"3165",159,"V5",0.828,5,0,0
"3166",159,"V6",0.9564,6,1,0
"3167",159,"V7",0.8035,7,1,1
"3168",159,"V8",0.8184,8,1,0
"3169",159,"V9",0.7526,9,1,0
"3170",159,"V10",0.029,10,0,0
"3171",159,"V11",0.0656,11,0,0
"3172",159,"V12",0.9594,12,1,0
"3173",159,"V13",0.013,13,0,1
"3174",159,"V14",0.9395,14,1,0
"3175",159,"V15",0.8949,15,1,0
"3176",159,"V16",0.8893,16,1,0
"3177",159,"V17",0.0383,17,0,1
"3178",159,"V18",0.1194,18,0,0
"3179",159,"V19",0.0224,19,1,0
"3180",159,"V20",0.0125,20,0,0
"3181",160,"V1",0.9108,1,1,1
"3182",160,"V2",0.9586,2,1,0
"3183",160,"V3",0.8661,3,1,1
"3184",160,"V4",0.8901,4,1,0
"3185",160,"V5",0.828,5,1,0
"3186",160,"V6",0.9564,6,1,0
"3187",160,"V7",0.8035,7,1,0
"3188",160,"V8",0.8184,8,1,0
"3189",160,"V9",0.7526,9,1,0
"3190",160,"V10",0.7864,10,0,1
"3191",160,"V11",0.9181,11,1,0
"3192",160,"V12",0.9594,12,1,0
"3193",160,"V13",0.6652,13,1,1
"3194",160,"V14",0.9395,14,1,0
"3195",160,"V15",0.8949,15,1,0
"3196",160,"V16",0.8893,16,1,1
"3197",160,"V17",0.8621,17,1,1
"3198",160,"V18",0.8621,18,1,0
"3199",160,"V19",0.7596,19,0,0
"3200",160,"V20",0.843,20,1,0
"3201",161,"V1",0.9108,1,1,1
"3202",161,"V2",0.9586,2,1,0
"3203",161,"V3",0.8661,3,1,0
"3204",161,"V4",0.8901,4,1,0
"3205",161,"V5",0.828,5,1,0
"3206",161,"V6",0.9564,6,1,0
"3207",161,"V7",0.8035,7,0,1
"3208",161,"V8",0.8184,8,1,1
"3209",161,"V9",0.7526,9,1,0
"3210",161,"V10",0.7864,10,1,0
"3211",161,"V11",0.9181,11,1,0
"3212",161,"V12",0.9594,12,1,0
"3213",161,"V13",0.6652,13,1,0
"3214",161,"V14",0.9395,14,1,0
"3215",161,"V15",0.8949,15,1,1
"3216",161,"V16",0.8893,16,1,0
"3217",161,"V17",0.8621,17,0,0
"3218",161,"V18",0.8621,18,1,0
"3219",161,"V19",0.7596,19,0,0
"3220",161,"V20",0.843,20,1,0
"3221",162,"V1",0.9108,1,1,1
"3222",162,"V2",0.9586,2,1,0
"3223",162,"V3",0.8661,3,1,1
"3224",162,"V4",0.8901,4,1,0
"3225",162,"V5",0.828,5,0,0
"3226",162,"V6",0.9564,6,0,0
"3227",162,"V7",0.8035,7,1,0
"3228",162,"V8",0.8184,8,1,0
"3229",162,"V9",0.7526,9,1,1
"3230",162,"V10",0.7864,10,1,0
"3231",162,"V11",0.9181,11,1,0
"3232",162,"V12",0.9594,12,1,1
"3233",162,"V13",0.6652,13,1,0
"3234",162,"V14",0.9395,14,1,0
"3235",162,"V15",0.8949,15,1,0
"3236",162,"V16",0.8893,16,1,1
"3237",162,"V17",0.8621,17,1,0
"3238",162,"V18",0.8621,18,1,0
"3239",162,"V19",0.7596,19,1,1
"3240",162,"V20",0.843,20,1,0
"3241",163,"V1",0.9108,1,1,0
"3242",163,"V2",0.9586,2,1,0
"3243",163,"V3",0.8661,3,1,0
"3244",163,"V4",0.8901,4,1,0
"3245",163,"V5",0.828,5,1,0
"3246",163,"V6",0.9564,6,1,0
"3247",163,"V7",0.8035,7,1,1
"3248",163,"V8",0.8184,8,1,0
"3249",163,"V9",0.7526,9,1,1
"3250",163,"V10",0.7864,10,1,1
"3251",163,"V11",0.9181,11,1,0
"3252",163,"V12",0.9594,12,1,0
"3253",163,"V13",0.6652,13,1,0
"3254",163,"V14",0.9395,14,1,0
"3255",163,"V15",0.8949,15,1,0
"3256",163,"V16",0.8893,16,1,0
"3257",163,"V17",0.8621,17,1,1
"3258",163,"V18",0.8621,18,0,0
"3259",163,"V19",0.7596,19,1,0
"3260",163,"V20",0.843,20,1,0
"3261",164,"V1",0.9108,1,1,1
"3262",164,"V2",0.9586,2,1,0
"3263",164,"V3",0.8661,3,1,0
"3264",164,"V4",0.8901,4,1,0
"3265",164,"V5",0.828,5,1,1
"3266",164,"V6",0.9564,6,1,0
"3267",164,"V7",0.8035,7,1,0
"3268",164,"V8",0.8184,8,1,1
"3269",164,"V9",0.7526,9,1,0
"3270",164,"V10",0.7864,10,1,0
"3271",164,"V11",0.9181,11,1,0
"3272",164,"V12",0.9594,12,1,0
"3273",164,"V13",0.6652,13,1,0
"3274",164,"V14",0.9395,14,1,0
"3275",164,"V15",0.8949,15,1,0
"3276",164,"V16",0.8893,16,1,0
"3277",164,"V17",0.8621,17,1,0
"3278",164,"V18",0.8621,18,1,0
"3279",164,"V19",0.7596,19,1,0
"3280",164,"V20",0.843,20,0,0
"3281",165,"V1",0.0298,1,0,0
"3282",165,"V2",0.0163,2,0,0
"3283",165,"V3",1e-04,3,0,0
"3284",165,"V4",0.2236,4,0,0
"3285",165,"V5",0.3006,5,0,0
"3286",165,"V6",0.0951,6,0,1
"3287",165,"V7",0.0251,7,0,0
"3288",165,"V8",0.4438,8,0,1
"3289",165,"V9",0.2883,9,0,0
"3290",165,"V10",0.029,10,0,0
"3291",165,"V11",0.0656,11,0,1
"3292",165,"V12",0.1274,12,0,1
"3293",165,"V13",0.013,13,0,1
"3294",165,"V14",0.0615,14,0,0
"3295",165,"V15",0.0313,15,0,0
"3296",165,"V16",0.1086,16,0,0
"3297",165,"V17",0.0383,17,0,0
"3298",165,"V18",0.1194,18,0,0
"3299",165,"V19",0.0224,19,0,1
"3300",165,"V20",0.0125,20,0,0
"3301",166,"V1",0.0298,1,0,0
"3302",166,"V2",0.0163,2,0,0
"3303",166,"V3",1e-04,3,0,0
"3304",166,"V4",0.2236,4,0,0
"3305",166,"V5",0.3006,5,1,0
"3306",166,"V6",0.0951,6,0,0
"3307",166,"V7",0.0251,7,0,0
"3308",166,"V8",0.4438,8,0,1
"3309",166,"V9",0.2883,9,1,0
"3310",166,"V10",0.029,10,0,0
"3311",166,"V11",0.0656,11,0,1
"3312",166,"V12",0.1274,12,0,0
"3313",166,"V13",0.013,13,0,1
"3314",166,"V14",0.0615,14,0,0
"3315",166,"V15",0.0313,15,0,0
"3316",166,"V16",0.1086,16,0,0
"3317",166,"V17",0.0383,17,0,0
"3318",166,"V18",0.1194,18,0,0
"3319",166,"V19",0.0224,19,0,0
"3320",166,"V20",0.0125,20,0,0
"3321",167,"V1",0.0298,1,0,0
"3322",167,"V2",0.0163,2,0,0
"3323",167,"V3",1e-04,3,0,0
"3324",167,"V4",0.2236,4,0,0
"3325",167,"V5",0.3006,5,0,0
"3326",167,"V6",0.0951,6,0,1
"3327",167,"V7",0.0251,7,0,1
"3328",167,"V8",0.4438,8,0,0
"3329",167,"V9",0.2883,9,1,0
"3330",167,"V10",0.029,10,0,1
"3331",167,"V11",0.0656,11,0,0
"3332",167,"V12",0.1274,12,1,1
"3333",167,"V13",0.013,13,0,0
"3334",167,"V14",0.0615,14,0,1
"3335",167,"V15",0.0313,15,0,0
"3336",167,"V16",0.1086,16,0,0
"3337",167,"V17",0.0383,17,0,0
"3338",167,"V18",0.1194,18,0,0
"3339",167,"V19",0.0224,19,0,0
"3340",167,"V20",0.0125,20,0,1
"3341",168,"V1",0.9108,1,1,0
"3342",168,"V2",0.9586,2,1,0
"3343",168,"V3",0.8661,3,1,0
"3344",168,"V4",0.8901,4,1,0
"3345",168,"V5",0.828,5,1,1
"3346",168,"V6",0.9564,6,1,0
"3347",168,"V7",0.8035,7,1,1
"3348",168,"V8",0.8184,8,1,0
"3349",168,"V9",0.7526,9,1,0
"3350",168,"V10",0.7864,10,1,0
"3351",168,"V11",0.9181,11,1,0
"3352",168,"V12",0.9594,12,1,0
"3353",168,"V13",0.6652,13,1,0
"3354",168,"V14",0.9395,14,1,0
"3355",168,"V15",0.8949,15,1,1
"3356",168,"V16",0.8893,16,1,0
"3357",168,"V17",0.8621,17,1,0
"3358",168,"V18",0.8621,18,1,0
"3359",168,"V19",0.7596,19,1,0
"3360",168,"V20",0.843,20,1,0
"3361",169,"V1",0.9108,1,1,0
"3362",169,"V2",0.9586,2,1,1
"3363",169,"V3",0.8661,3,1,1
"3364",169,"V4",0.8901,4,1,0
"3365",169,"V5",0.828,5,1,0
"3366",169,"V6",0.9564,6,0,0
"3367",169,"V7",0.8035,7,1,1
"3368",169,"V8",0.8184,8,0,0
"3369",169,"V9",0.7526,9,1,1
"3370",169,"V10",0.7864,10,1,0
"3371",169,"V11",0.9181,11,1,1
"3372",169,"V12",0.9594,12,1,0
"3373",169,"V13",0.6652,13,1,0
"3374",169,"V14",0.9395,14,1,0
"3375",169,"V15",0.8949,15,1,1
"3376",169,"V16",0.8893,16,1,1
"3377",169,"V17",0.8621,17,1,0
"3378",169,"V18",0.8621,18,1,0
"3379",169,"V19",0.7596,19,1,0
"3380",169,"V20",0.843,20,1,0
"3381",170,"V1",0.0298,1,0,0
"3382",170,"V2",0.0163,2,0,0
"3383",170,"V3",1e-04,3,0,0
"3384",170,"V4",0.2236,4,0,0
"3385",170,"V5",0.3006,5,0,0
"3386",170,"V6",0.0951,6,0,1
"3387",170,"V7",0.0251,7,0,1
"3388",170,"V8",0.4438,8,0,0
"3389",170,"V9",0.2883,9,0,1
"3390",170,"V10",0.029,10,0,0
"3391",170,"V11",0.0656,11,0,0
"3392",170,"V12",0.1274,12,0,1
"3393",170,"V13",0.013,13,0,0
"3394",170,"V14",0.0615,14,0,0
"3395",170,"V15",0.0313,15,0,1
"3396",170,"V16",0.1086,16,0,1
"3397",170,"V17",0.0383,17,0,0
"3398",170,"V18",0.1194,18,0,0
"3399",170,"V19",0.0224,19,0,0
"3400",170,"V20",0.0125,20,0,0
"3401",171,"V1",0.0298,1,0,0
"3402",171,"V2",0.0163,2,0,0
"3403",171,"V3",1e-04,3,0,0
"3404",171,"V4",0.2236,4,0,0
"3405",171,"V5",0.3006,5,0,1
"3406",171,"V6",0.0951,6,0,0
"3407",171,"V7",0.0251,7,0,0
"3408",171,"V8",0.4438,8,0,0
"3409",171,"V9",0.2883,9,0,0
"3410",171,"V10",0.029,10,0,0
"3411",171,"V11",0.0656,11,0,0
"3412",171,"V12",0.1274,12,1,0
"3413",171,"V13",0.013,13,0,0
"3414",171,"V14",0.0615,14,0,0
"3415",171,"V15",0.0313,15,0,0
"3416",171,"V16",0.1086,16,1,0
"3417",171,"V17",0.0383,17,1,0
"3418",171,"V18",0.1194,18,1,0
"3419",171,"V19",0.0224,19,0,0
"3420",171,"V20",0.0125,20,1,1
"3421",172,"V1",0.9108,1,0,0
"3422",172,"V2",0.9586,2,1,1
"3423",172,"V3",0.8661,3,1,0
"3424",172,"V4",0.8901,4,1,1
"3425",172,"V5",0.828,5,1,1
"3426",172,"V6",0.9564,6,1,1
"3427",172,"V7",0.0251,7,0,0
"3428",172,"V8",0.8184,8,1,0
"3429",172,"V9",0.7526,9,1,1
"3430",172,"V10",0.7864,10,1,0
"3431",172,"V11",0.9181,11,1,0
"3432",172,"V12",0.9594,12,1,0
"3433",172,"V13",0.6652,13,1,0
"3434",172,"V14",0.9395,14,1,0
"3435",172,"V15",0.0313,15,0,0
"3436",172,"V16",0.8893,16,1,0
"3437",172,"V17",0.8621,17,1,0
"3438",172,"V18",0.8621,18,1,0
"3439",172,"V19",0.0224,19,0,0
"3440",172,"V20",0.843,20,1,0
"3441",173,"V1",0.9108,1,1,1
"3442",173,"V2",0.9586,2,1,1
"3443",173,"V3",0.8661,3,1,1
"3444",173,"V4",0.8901,4,1,1
"3445",173,"V5",0.828,5,1,0
"3446",173,"V6",0.9564,6,1,1
"3447",173,"V7",0.8035,7,1,0
"3448",173,"V8",0.8184,8,1,0
"3449",173,"V9",0.7526,9,1,0
"3450",173,"V10",0.7864,10,1,0
"3451",173,"V11",0.9181,11,1,0
"3452",173,"V12",0.9594,12,1,0
"3453",173,"V13",0.6652,13,1,0
"3454",173,"V14",0.9395,14,1,1
"3455",173,"V15",0.8949,15,1,0
"3456",173,"V16",0.8893,16,1,0
"3457",173,"V17",0.8621,17,1,0
"3458",173,"V18",0.8621,18,1,0
"3459",173,"V19",0.7596,19,1,0
"3460",173,"V20",0.843,20,1,0
"3461",174,"V1",0.0298,1,0,0
"3462",174,"V2",0.0163,2,0,1
"3463",174,"V3",1e-04,3,0,0
"3464",174,"V4",0.8901,4,1,0
"3465",174,"V5",0.3006,5,0,0
"3466",174,"V6",0.9564,6,1,0
"3467",174,"V7",0.8035,7,1,0
"3468",174,"V8",0.8184,8,1,0
"3469",174,"V9",0.7526,9,1,0
"3470",174,"V10",0.7864,10,0,1
"3471",174,"V11",0.9181,11,0,0
"3472",174,"V12",0.9594,12,1,0
"3473",174,"V13",0.013,13,0,0
"3474",174,"V14",0.9395,14,1,0
"3475",174,"V15",0.8949,15,1,0
"3476",174,"V16",0.8893,16,0,0
"3477",174,"V17",0.8621,17,1,0
"3478",174,"V18",0.8621,18,1,0
"3479",174,"V19",0.7596,19,0,0
"3480",174,"V20",0.843,20,0,0
"3481",175,"V1",0.0298,1,0,0
"3482",175,"V2",0.0163,2,0,0
"3483",175,"V3",1e-04,3,0,0
"3484",175,"V4",0.2236,4,0,0
"3485",175,"V5",0.3006,5,1,0
"3486",175,"V6",0.9564,6,1,0
"3487",175,"V7",0.0251,7,0,0
"3488",175,"V8",0.8184,8,0,1
"3489",175,"V9",0.2883,9,1,0
"3490",175,"V10",0.029,10,0,0
"3491",175,"V11",0.0656,11,1,0
"3492",175,"V12",0.9594,12,1,0
"3493",175,"V13",0.013,13,0,0
"3494",175,"V14",0.0615,14,0,0
"3495",175,"V15",0.0313,15,0,0
"3496",175,"V16",0.1086,16,1,1
"3497",175,"V17",0.0383,17,0,0
"3498",175,"V18",0.1194,18,0,0
"3499",175,"V19",0.0224,19,0,0
"3500",175,"V20",0.0125,20,0,0
"3501",176,"V1",0.0298,1,0,0
"3502",176,"V2",0.0163,2,0,0
"3503",176,"V3",1e-04,3,0,0
"3504",176,"V4",0.8901,4,1,1
"3505",176,"V5",0.3006,5,0,0
"3506",176,"V6",0.9564,6,1,0
"3507",176,"V7",0.0251,7,0,0
"3508",176,"V8",0.8184,8,1,0
"3509",176,"V9",0.7526,9,0,0
"3510",176,"V10",0.7864,10,0,1
"3511",176,"V11",0.9181,11,1,0
"3512",176,"V12",0.9594,12,1,0
"3513",176,"V13",0.013,13,0,0
"3514",176,"V14",0.9395,14,1,0
"3515",176,"V15",0.0313,15,0,0
"3516",176,"V16",0.8893,16,1,0
"3517",176,"V17",0.8621,17,0,0
"3518",176,"V18",0.8621,18,1,0
"3519",176,"V19",0.0224,19,0,0
"3520",176,"V20",0.843,20,1,0
"3521",177,"V1",0.9108,1,0,1
"3522",177,"V2",0.9586,2,1,0
"3523",177,"V3",0.8661,3,1,0
"3524",177,"V4",0.8901,4,1,0
"3525",177,"V5",0.828,5,0,1
"3526",177,"V6",0.9564,6,1,0
"3527",177,"V7",0.0251,7,0,0
"3528",177,"V8",0.8184,8,1,1
"3529",177,"V9",0.7526,9,0,0
"3530",177,"V10",0.7864,10,0,0
"3531",177,"V11",0.9181,11,1,0
"3532",177,"V12",0.9594,12,1,0
"3533",177,"V13",0.6652,13,0,0
"3534",177,"V14",0.9395,14,1,0
"3535",177,"V15",0.0313,15,0,0
"3536",177,"V16",0.8893,16,1,0
"3537",177,"V17",0.8621,17,1,0
"3538",177,"V18",0.8621,18,1,0
"3539",177,"V19",0.0224,19,0,0
"3540",177,"V20",0.843,20,1,0
"3541",178,"V1",0.9108,1,0,1
"3542",178,"V2",0.9586,2,1,0
"3543",178,"V3",0.8661,3,1,0
"3544",178,"V4",0.2236,4,0,1
"3545",178,"V5",0.3006,5,1,0
"3546",178,"V6",0.9564,6,1,0
"3547",178,"V7",0.0251,7,0,0
"3548",178,"V8",0.8184,8,0,1
"3549",178,"V9",0.2883,9,0,0
"3550",178,"V10",0.029,10,0,0
"3551",178,"V11",0.0656,11,0,1
"3552",178,"V12",0.1274,12,0,0
"3553",178,"V13",0.013,13,0,0
"3554",178,"V14",0.0615,14,1,0
"3555",178,"V15",0.0313,15,0,1
"3556",178,"V16",0.1086,16,0,0
"3557",178,"V17",0.0383,17,0,0
"3558",178,"V18",0.1194,18,0,0
"3559",178,"V19",0.0224,19,0,1
"3560",178,"V20",0.0125,20,0,0
"3561",179,"V1",0.0298,1,0,0
"3562",179,"V2",0.9586,2,1,0
"3563",179,"V3",0.8661,3,1,0
"3564",179,"V4",0.2236,4,1,1
"3565",179,"V5",0.828,5,1,0
"3566",179,"V6",0.9564,6,1,0
"3567",179,"V7",0.0251,7,0,0
"3568",179,"V8",0.8184,8,1,1
"3569",179,"V9",0.7526,9,1,0
"3570",179,"V10",0.7864,10,1,0
"3571",179,"V11",0.9181,11,1,0
"3572",179,"V12",0.9594,12,1,1
"3573",179,"V13",0.6652,13,1,0
"3574",179,"V14",0.9395,14,1,0
"3575",179,"V15",0.0313,15,0,0
"3576",179,"V16",0.8893,16,1,1
"3577",179,"V17",0.8621,17,1,0
"3578",179,"V18",0.1194,18,1,1
"3579",179,"V19",0.0224,19,0,0
"3580",179,"V20",0.0125,20,0,0
"3581",180,"V1",0.9108,1,1,0
"3582",180,"V2",0.9586,2,1,1
"3583",180,"V3",0.8661,3,0,0
"3584",180,"V4",0.8901,4,1,0
"3585",180,"V5",0.828,5,1,0
"3586",180,"V6",0.9564,6,1,0
"3587",180,"V7",0.8035,7,1,0
"3588",180,"V8",0.8184,8,1,0
"3589",180,"V9",0.7526,9,1,1
"3590",180,"V10",0.7864,10,1,0
"3591",180,"V11",0.9181,11,1,0
"3592",180,"V12",0.9594,12,1,0
"3593",180,"V13",0.6652,13,0,0
"3594",180,"V14",0.9395,14,1,0
"3595",180,"V15",0.8949,15,1,0
"3596",180,"V16",0.8893,16,1,0
"3597",180,"V17",0.8621,17,1,0
"3598",180,"V18",0.8621,18,1,0
"3599",180,"V19",0.7596,19,1,0
"3600",180,"V20",0.843,20,1,1
"3601",181,"V1",0.0298,1,0,0
"3602",181,"V2",0.0163,2,0,0
"3603",181,"V3",1e-04,3,0,0
"3604",181,"V4",0.2236,4,1,0
"3605",181,"V5",0.3006,5,0,0
"3606",181,"V6",0.0951,6,0,0
"3607",181,"V7",0.0251,7,0,0
"3608",181,"V8",0.4438,8,1,0
"3609",181,"V9",0.2883,9,0,0
"3610",181,"V10",0.029,10,0,0
"3611",181,"V11",0.0656,11,0,0
"3612",181,"V12",0.1274,12,0,0
"3613",181,"V13",0.013,13,0,0
"3614",181,"V14",0.0615,14,0,0
"3615",181,"V15",0.0313,15,0,1
"3616",181,"V16",0.1086,16,0,0
"3617",181,"V17",0.0383,17,0,1
"3618",181,"V18",0.1194,18,0,0
"3619",181,"V19",0.0224,19,0,0
"3620",181,"V20",0.0125,20,0,0
"3621",182,"V1",0.9108,1,1,0
"3622",182,"V2",0.9586,2,1,1
"3623",182,"V3",0.8661,3,1,0
"3624",182,"V4",0.2236,4,1,1
"3625",182,"V5",0.828,5,1,0
"3626",182,"V6",0.9564,6,1,0
"3627",182,"V7",0.0251,7,0,0
"3628",182,"V8",0.8184,8,1,0
"3629",182,"V9",0.7526,9,1,1
"3630",182,"V10",0.7864,10,0,1
"3631",182,"V11",0.9181,11,1,1
"3632",182,"V12",0.9594,12,1,0
"3633",182,"V13",0.6652,13,0,0
"3634",182,"V14",0.9395,14,1,0
"3635",182,"V15",0.0313,15,0,0
"3636",182,"V16",0.8893,16,1,0
"3637",182,"V17",0.8621,17,1,0
"3638",182,"V18",0.8621,18,1,1
"3639",182,"V19",0.0224,19,0,0
"3640",182,"V20",0.0125,20,0,0
"3641",183,"V1",0.9108,1,1,0
"3642",183,"V2",0.9586,2,1,0
"3643",183,"V3",0.8661,3,1,0
"3644",183,"V4",0.2236,4,1,0
"3645",183,"V5",0.828,5,0,0
"3646",183,"V6",0.9564,6,1,0
"3647",183,"V7",0.8035,7,1,1
"3648",183,"V8",0.8184,8,1,0
"3649",183,"V9",0.7526,9,1,1
"3650",183,"V10",0.029,10,0,0
"3651",183,"V11",0.0656,11,1,0
"3652",183,"V12",0.9594,12,0,1
"3653",183,"V13",0.013,13,0,0
"3654",183,"V14",0.9395,14,1,0
"3655",183,"V15",0.8949,15,0,1
"3656",183,"V16",0.8893,16,1,0
"3657",183,"V17",0.0383,17,1,1
"3658",183,"V18",0.1194,18,0,0
"3659",183,"V19",0.0224,19,0,0
"3660",183,"V20",0.0125,20,0,0
"3661",184,"V1",0.9108,1,1,0
"3662",184,"V2",0.9586,2,1,1
"3663",184,"V3",0.8661,3,1,0
"3664",184,"V4",0.8901,4,0,0
"3665",184,"V5",0.828,5,1,0
"3666",184,"V6",0.9564,6,1,0
"3667",184,"V7",0.8035,7,1,1
"3668",184,"V8",0.8184,8,1,0
"3669",184,"V9",0.7526,9,1,0
"3670",184,"V10",0.7864,10,1,0
"3671",184,"V11",0.9181,11,1,0
"3672",184,"V12",0.9594,12,1,1
"3673",184,"V13",0.6652,13,1,0
"3674",184,"V14",0.9395,14,1,0
"3675",184,"V15",0.8949,15,1,0
"3676",184,"V16",0.8893,16,1,1
"3677",184,"V17",0.8621,17,1,1
"3678",184,"V18",0.8621,18,1,0
"3679",184,"V19",0.7596,19,1,0
"3680",184,"V20",0.843,20,1,1
"3681",185,"V1",0.9108,1,1,0
"3682",185,"V2",0.9586,2,1,0
"3683",185,"V3",0.8661,3,1,1
"3684",185,"V4",0.8901,4,1,1
"3685",185,"V5",0.828,5,1,1
"3686",185,"V6",0.9564,6,1,0
"3687",185,"V7",0.8035,7,0,0
"3688",185,"V8",0.8184,8,1,1
"3689",185,"V9",0.7526,9,1,0
"3690",185,"V10",0.7864,10,1,1
"3691",185,"V11",0.9181,11,1,0
"3692",185,"V12",0.9594,12,1,0
"3693",185,"V13",0.6652,13,1,0
"3694",185,"V14",0.9395,14,1,0
"3695",185,"V15",0.8949,15,1,0
"3696",185,"V16",0.8893,16,1,0
"3697",185,"V17",0.8621,17,1,0
"3698",185,"V18",0.8621,18,1,1
"3699",185,"V19",0.7596,19,1,0
"3700",185,"V20",0.843,20,1,0
"3701",186,"V1",0.9108,1,1,0
"3702",186,"V2",0.9586,2,1,0
"3703",186,"V3",0.8661,3,1,0
"3704",186,"V4",0.8901,4,1,0
"3705",186,"V5",0.828,5,1,0
"3706",186,"V6",0.9564,6,1,0
"3707",186,"V7",0.8035,7,1,0
"3708",186,"V8",0.8184,8,1,0
"3709",186,"V9",0.7526,9,1,0
"3710",186,"V10",0.7864,10,0,0
"3711",186,"V11",0.9181,11,1,0
"3712",186,"V12",0.9594,12,1,1
"3713",186,"V13",0.6652,13,1,0
"3714",186,"V14",0.9395,14,1,0
"3715",186,"V15",0.8949,15,1,0
"3716",186,"V16",0.8893,16,1,0
"3717",186,"V17",0.8621,17,1,0
"3718",186,"V18",0.8621,18,1,0
"3719",186,"V19",0.7596,19,1,0
"3720",186,"V20",0.843,20,0,0
"3721",187,"V1",0.9108,1,1,0
"3722",187,"V2",0.9586,2,1,0
"3723",187,"V3",0.8661,3,0,0
"3724",187,"V4",0.2236,4,0,1
"3725",187,"V5",0.3006,5,1,1
"3726",187,"V6",0.9564,6,1,0
"3727",187,"V7",0.0251,7,0,0
"3728",187,"V8",0.8184,8,0,0
"3729",187,"V9",0.2883,9,1,0
"3730",187,"V10",0.029,10,0,1
"3731",187,"V11",0.0656,11,0,0
"3732",187,"V12",0.1274,12,0,1
"3733",187,"V13",0.013,13,0,0
"3734",187,"V14",0.0615,14,0,0
"3735",187,"V15",0.0313,15,0,0
"3736",187,"V16",0.1086,16,0,0
"3737",187,"V17",0.0383,17,0,0
"3738",187,"V18",0.1194,18,0,1
"3739",187,"V19",0.0224,19,0,1
"3740",187,"V20",0.0125,20,0,1
"3741",188,"V1",0.0298,1,0,1
"3742",188,"V2",0.0163,2,0,0
"3743",188,"V3",1e-04,3,0,0
"3744",188,"V4",0.2236,4,0,1
"3745",188,"V5",0.3006,5,0,1
"3746",188,"V6",0.9564,6,1,0
"3747",188,"V7",0.0251,7,0,0
"3748",188,"V8",0.8184,8,1,0
"3749",188,"V9",0.2883,9,0,0
"3750",188,"V10",0.029,10,0,0
"3751",188,"V11",0.0656,11,1,0
"3752",188,"V12",0.9594,12,1,0
"3753",188,"V13",0.013,13,0,0
"3754",188,"V14",0.0615,14,1,1
"3755",188,"V15",0.0313,15,0,0
"3756",188,"V16",0.1086,16,0,0
"3757",188,"V17",0.0383,17,0,0
"3758",188,"V18",0.1194,18,0,0
"3759",188,"V19",0.0224,19,0,1
"3760",188,"V20",0.0125,20,0,0
"3761",189,"V1",0.9108,1,1,0
"3762",189,"V2",0.9586,2,1,0
"3763",189,"V3",0.8661,3,1,0
"3764",189,"V4",0.8901,4,1,0
"3765",189,"V5",0.828,5,1,0
"3766",189,"V6",0.9564,6,1,1
"3767",189,"V7",0.8035,7,1,0
"3768",189,"V8",0.8184,8,1,0
"3769",189,"V9",0.7526,9,1,0
"3770",189,"V10",0.7864,10,1,0
"3771",189,"V11",0.9181,11,1,1
"3772",189,"V12",0.9594,12,1,0
"3773",189,"V13",0.6652,13,1,0
"3774",189,"V14",0.9395,14,1,1
"3775",189,"V15",0.8949,15,1,0
"3776",189,"V16",0.8893,16,1,0
"3777",189,"V17",0.8621,17,1,1
"3778",189,"V18",0.8621,18,1,0
"3779",189,"V19",0.7596,19,1,0
"3780",189,"V20",0.843,20,1,0
"3781",190,"V1",0.9108,1,1,0
"3782",190,"V2",0.9586,2,1,0
"3783",190,"V3",0.8661,3,1,0
"3784",190,"V4",0.8901,4,1,0
"3785",190,"V5",0.828,5,1,0
"3786",190,"V6",0.9564,6,1,0
"3787",190,"V7",0.8035,7,1,0
"3788",190,"V8",0.8184,8,1,0
"3789",190,"V9",0.7526,9,1,0
"3790",190,"V10",0.7864,10,1,0
"3791",190,"V11",0.9181,11,1,0
"3792",190,"V12",0.9594,12,1,0
"3793",190,"V13",0.6652,13,1,0
"3794",190,"V14",0.9395,14,1,0
"3795",190,"V15",0.8949,15,1,0
"3796",190,"V16",0.8893,16,1,1
"3797",190,"V17",0.8621,17,1,0
"3798",190,"V18",0.8621,18,1,0
"3799",190,"V19",0.7596,19,1,0
"3800",190,"V20",0.843,20,1,0
"3801",191,"V1",0.9108,1,1,0
"3802",191,"V2",0.9586,2,1,0
"3803",191,"V3",0.8661,3,1,0
"3804",191,"V4",0.8901,4,1,1
"3805",191,"V5",0.828,5,1,1
"3806",191,"V6",0.9564,6,1,0
"3807",191,"V7",0.8035,7,1,0
"3808",191,"V8",0.8184,8,1,0
"3809",191,"V9",0.7526,9,1,0
"3810",191,"V10",0.7864,10,1,0
"3811",191,"V11",0.9181,11,1,0
"3812",191,"V12",0.9594,12,1,1
"3813",191,"V13",0.6652,13,1,0
"3814",191,"V14",0.9395,14,1,1
"3815",191,"V15",0.8949,15,1,0
"3816",191,"V16",0.8893,16,0,0
"3817",191,"V17",0.8621,17,1,0
"3818",191,"V18",0.8621,18,0,0
"3819",191,"V19",0.7596,19,1,1
"3820",191,"V20",0.843,20,1,0
"3821",192,"V1",0.9108,1,1,0
"3822",192,"V2",0.9586,2,1,0
"3823",192,"V3",0.8661,3,1,1
"3824",192,"V4",0.8901,4,1,0
"3825",192,"V5",0.828,5,1,0
"3826",192,"V6",0.9564,6,1,0
"3827",192,"V7",0.8035,7,1,0
"3828",192,"V8",0.8184,8,1,0
"3829",192,"V9",0.7526,9,1,0
"3830",192,"V10",0.7864,10,1,0
"3831",192,"V11",0.9181,11,1,0
"3832",192,"V12",0.9594,12,1,0
"3833",192,"V13",0.6652,13,0,1
"3834",192,"V14",0.9395,14,1,0
"3835",192,"V15",0.8949,15,1,1
"3836",192,"V16",0.8893,16,1,0
"3837",192,"V17",0.8621,17,1,0
"3838",192,"V18",0.8621,18,1,0
"3839",192,"V19",0.7596,19,1,1
"3840",192,"V20",0.843,20,1,0
"3841",193,"V1",0.9108,1,1,0
"3842",193,"V2",0.9586,2,1,1
"3843",193,"V3",0.8661,3,1,1
"3844",193,"V4",0.8901,4,0,0
"3845",193,"V5",0.828,5,1,0
"3846",193,"V6",0.9564,6,1,0
"3847",193,"V7",0.8035,7,1,1
"3848",193,"V8",0.8184,8,0,0
"3849",193,"V9",0.7526,9,1,0
"3850",193,"V10",0.7864,10,1,0
"3851",193,"V11",0.9181,11,1,1
"3852",193,"V12",0.9594,12,1,1
"3853",193,"V13",0.6652,13,1,0
"3854",193,"V14",0.9395,14,1,1
"3855",193,"V15",0.8949,15,1,0
"3856",193,"V16",0.8893,16,1,0
"3857",193,"V17",0.8621,17,1,0
"3858",193,"V18",0.8621,18,1,0
"3859",193,"V19",0.7596,19,1,0
"3860",193,"V20",0.843,20,1,0
"3861",194,"V1",0.0298,1,0,1
"3862",194,"V2",0.0163,2,0,0
"3863",194,"V3",1e-04,3,0,0
"3864",194,"V4",0.2236,4,0,0
"3865",194,"V5",0.3006,5,0,0
"3866",194,"V6",0.9564,6,1,0
"3867",194,"V7",0.0251,7,0,0
"3868",194,"V8",0.8184,8,0,0
"3869",194,"V9",0.2883,9,0,0
"3870",194,"V10",0.029,10,0,0
"3871",194,"V11",0.0656,11,0,0
"3872",194,"V12",0.9594,12,1,0
"3873",194,"V13",0.013,13,0,0
"3874",194,"V14",0.0615,14,0,0
"3875",194,"V15",0.0313,15,0,0
"3876",194,"V16",0.1086,16,1,0
"3877",194,"V17",0.0383,17,1,1
"3878",194,"V18",0.1194,18,1,0
"3879",194,"V19",0.0224,19,0,0
"3880",194,"V20",0.0125,20,1,1
"3881",195,"V1",0.0298,1,0,0
"3882",195,"V2",0.0163,2,0,1
"3883",195,"V3",1e-04,3,0,1
"3884",195,"V4",0.2236,4,0,0
"3885",195,"V5",0.3006,5,1,0
"3886",195,"V6",0.0951,6,0,0
"3887",195,"V7",0.0251,7,0,0
"3888",195,"V8",0.4438,8,1,1
"3889",195,"V9",0.2883,9,1,0
"3890",195,"V10",0.029,10,0,1
"3891",195,"V11",0.0656,11,0,1
"3892",195,"V12",0.1274,12,0,0
"3893",195,"V13",0.013,13,0,0
"3894",195,"V14",0.0615,14,0,0
"3895",195,"V15",0.0313,15,0,0
"3896",195,"V16",0.1086,16,1,0
"3897",195,"V17",0.0383,17,0,1
"3898",195,"V18",0.1194,18,0,1
"3899",195,"V19",0.0224,19,0,0
"3900",195,"V20",0.0125,20,0,0
"3901",196,"V1",0.9108,1,1,0
"3902",196,"V2",0.9586,2,1,0
"3903",196,"V3",0.8661,3,1,0
"3904",196,"V4",0.8901,4,1,0
"3905",196,"V5",0.828,5,1,0
"3906",196,"V6",0.9564,6,1,0
"3907",196,"V7",0.8035,7,1,0
"3908",196,"V8",0.8184,8,1,0
"3909",196,"V9",0.7526,9,1,0
"3910",196,"V10",0.7864,10,1,0
"3911",196,"V11",0.9181,11,1,0
"3912",196,"V12",0.9594,12,1,0
"3913",196,"V13",0.6652,13,0,0
"3914",196,"V14",0.9395,14,1,0
"3915",196,"V15",0.8949,15,1,0
"3916",196,"V16",0.8893,16,1,0
"3917",196,"V17",0.8621,17,1,0
"3918",196,"V18",0.8621,18,1,1
"3919",196,"V19",0.7596,19,1,1
"3920",196,"V20",0.843,20,1,0
"3921",197,"V1",0.9108,1,1,1
"3922",197,"V2",0.9586,2,1,0
"3923",197,"V3",0.8661,3,1,0
"3924",197,"V4",0.8901,4,1,0
"3925",197,"V5",0.828,5,1,0
"3926",197,"V6",0.9564,6,1,0
"3927",197,"V7",0.8035,7,1,0
"3928",197,"V8",0.8184,8,1,1
"3929",197,"V9",0.7526,9,1,0
"3930",197,"V10",0.7864,10,1,0
"3931",197,"V11",0.9181,11,1,0
"3932",197,"V12",0.9594,12,1,0
"3933",197,"V13",0.6652,13,1,0
"3934",197,"V14",0.9395,14,1,0
"3935",197,"V15",0.8949,15,0,0
"3936",197,"V16",0.8893,16,1,0
"3937",197,"V17",0.8621,17,1,0
"3938",197,"V18",0.8621,18,1,0
"3939",197,"V19",0.7596,19,1,0
"3940",197,"V20",0.843,20,1,0
"3941",198,"V1",0.9108,1,1,0
"3942",198,"V2",0.9586,2,1,0
"3943",198,"V3",0.8661,3,1,1
"3944",198,"V4",0.8901,4,1,1
"3945",198,"V5",0.828,5,1,0
"3946",198,"V6",0.9564,6,1,0
"3947",198,"V7",0.8035,7,1,0
"3948",198,"V8",0.8184,8,1,0
"3949",198,"V9",0.7526,9,1,0
"3950",198,"V10",0.7864,10,1,0
"3951",198,"V11",0.9181,11,1,0
"3952",198,"V12",0.9594,12,1,0
"3953",198,"V13",0.6652,13,1,0
"3954",198,"V14",0.9395,14,1,1
"3955",198,"V15",0.8949,15,1,1
"3956",198,"V16",0.8893,16,1,0
"3957",198,"V17",0.8621,17,1,0
"3958",198,"V18",0.8621,18,1,0
"3959",198,"V19",0.7596,19,1,0
"3960",198,"V20",0.843,20,1,0
"3961",199,"V1",0.9108,1,1,0
"3962",199,"V2",0.9586,2,1,0
"3963",199,"V3",0.8661,3,1,0
"3964",199,"V4",0.8901,4,1,0
"3965",199,"V5",0.828,5,0,0
"3966",199,"V6",0.9564,6,1,0
"3967",199,"V7",0.8035,7,1,0
"3968",199,"V8",0.8184,8,1,0
"3969",199,"V9",0.7526,9,1,0
"3970",199,"V10",0.7864,10,1,0
"3971",199,"V11",0.9181,11,1,0
"3972",199,"V12",0.9594,12,1,0
"3973",199,"V13",0.6652,13,1,0
"3974",199,"V14",0.9395,14,1,0
"3975",199,"V15",0.8949,15,1,1
"3976",199,"V16",0.8893,16,1,0
"3977",199,"V17",0.8621,17,1,0
"3978",199,"V18",0.8621,18,1,0
"3979",199,"V19",0.7596,19,1,0
"3980",199,"V20",0.843,20,1,0
"3981",200,"V1",0.9108,1,1,1
"3982",200,"V2",0.9586,2,0,0
"3983",200,"V3",0.8661,3,1,0
"3984",200,"V4",0.2236,4,0,0
"3985",200,"V5",0.3006,5,0,0
"3986",200,"V6",0.9564,6,1,0
"3987",200,"V7",0.0251,7,0,0
"3988",200,"V8",0.8184,8,0,0
"3989",200,"V9",0.2883,9,0,0
"3990",200,"V10",0.029,10,0,0
"3991",200,"V11",0.0656,11,0,0
"3992",200,"V12",0.9594,12,1,0
"3993",200,"V13",0.013,13,0,0
"3994",200,"V14",0.0615,14,0,0
"3995",200,"V15",0.0313,15,1,1
"3996",200,"V16",0.1086,16,0,0
"3997",200,"V17",0.0383,17,0,0
"3998",200,"V18",0.1194,18,0,0
"3999",200,"V19",0.0224,19,0,1
"4000",200,"V20",0.0125,20,0,0
"4001",201,"V1",0.9108,1,1,0
"4002",201,"V2",0.9586,2,1,0
"4003",201,"V3",0.8661,3,1,0
"4004",201,"V4",0.8901,4,1,1
"4005",201,"V5",0.828,5,1,0
"4006",201,"V6",0.9564,6,1,0
"4007",201,"V7",0.8035,7,1,0
"4008",201,"V8",0.8184,8,1,1
"4009",201,"V9",0.7526,9,1,0
"4010",201,"V10",0.7864,10,1,1
"4011",201,"V11",0.9181,11,1,0
"4012",201,"V12",0.9594,12,1,0
"4013",201,"V13",0.6652,13,1,0
"4014",201,"V14",0.9395,14,1,0
"4015",201,"V15",0.8949,15,1,0
"4016",201,"V16",0.8893,16,1,0
"4017",201,"V17",0.8621,17,1,0
"4018",201,"V18",0.8621,18,1,0
"4019",201,"V19",0.7596,19,1,1
"4020",201,"V20",0.843,20,1,1
"4021",202,"V1",0.9108,1,0,1
"4022",202,"V2",0.9586,2,1,0
"4023",202,"V3",0.8661,3,1,0
"4024",202,"V4",0.8901,4,1,1
"4025",202,"V5",0.828,5,1,0
"4026",202,"V6",0.9564,6,1,0
"4027",202,"V7",0.8035,7,1,1
"4028",202,"V8",0.8184,8,1,1
"4029",202,"V9",0.7526,9,1,0
"4030",202,"V10",0.7864,10,1,1
"4031",202,"V11",0.9181,11,1,0
"4032",202,"V12",0.9594,12,1,0
"4033",202,"V13",0.6652,13,1,0
"4034",202,"V14",0.9395,14,1,0
"4035",202,"V15",0.8949,15,1,0
"4036",202,"V16",0.8893,16,1,0
"4037",202,"V17",0.8621,17,1,0
"4038",202,"V18",0.8621,18,0,0
"4039",202,"V19",0.7596,19,1,0
"4040",202,"V20",0.843,20,1,0
"4041",203,"V1",0.9108,1,1,0
"4042",203,"V2",0.9586,2,1,0
"4043",203,"V3",0.8661,3,1,0
"4044",203,"V4",0.8901,4,0,0
"4045",203,"V5",0.828,5,1,0
"4046",203,"V6",0.9564,6,1,1
"4047",203,"V7",0.8035,7,1,1
"4048",203,"V8",0.8184,8,1,0
"4049",203,"V9",0.7526,9,0,0
"4050",203,"V10",0.7864,10,1,0
"4051",203,"V11",0.9181,11,1,0
"4052",203,"V12",0.9594,12,1,0
"4053",203,"V13",0.6652,13,0,0
"4054",203,"V14",0.9395,14,1,0
"4055",203,"V15",0.8949,15,1,0
"4056",203,"V16",0.8893,16,1,0
"4057",203,"V17",0.8621,17,0,0
"4058",203,"V18",0.8621,18,0,0
"4059",203,"V19",0.7596,19,1,0
"4060",203,"V20",0.843,20,1,0
"4061",204,"V1",0.9108,1,1,1
"4062",204,"V2",0.9586,2,1,1
"4063",204,"V3",0.8661,3,0,1
"4064",204,"V4",0.8901,4,1,0
"4065",204,"V5",0.828,5,1,0
"4066",204,"V6",0.9564,6,1,0
"4067",204,"V7",0.8035,7,1,0
"4068",204,"V8",0.8184,8,1,0
"4069",204,"V9",0.7526,9,1,1
"4070",204,"V10",0.7864,10,1,0
"4071",204,"V11",0.9181,11,1,0
"4072",204,"V12",0.9594,12,1,0
"4073",204,"V13",0.6652,13,1,0
"4074",204,"V14",0.9395,14,1,0
"4075",204,"V15",0.8949,15,1,0
"4076",204,"V16",0.8893,16,1,0
"4077",204,"V17",0.8621,17,1,0
"4078",204,"V18",0.8621,18,1,0
"4079",204,"V19",0.7596,19,1,0
"4080",204,"V20",0.843,20,1,0
"4081",205,"V1",0.0298,1,0,0
"4082",205,"V2",0.0163,2,0,0
"4083",205,"V3",1e-04,3,0,1
"4084",205,"V4",0.8901,4,1,0
"4085",205,"V5",0.3006,5,0,0
"4086",205,"V6",0.9564,6,1,0
"4087",205,"V7",0.0251,7,0,0
"4088",205,"V8",0.8184,8,1,0
"4089",205,"V9",0.7526,9,0,0
"4090",205,"V10",0.7864,10,0,0
"4091",205,"V11",0.9181,11,1,1
"4092",205,"V12",0.9594,12,1,0
"4093",205,"V13",0.013,13,0,0
"4094",205,"V14",0.9395,14,1,1
"4095",205,"V15",0.0313,15,0,0
"4096",205,"V16",0.8893,16,1,0
"4097",205,"V17",0.8621,17,1,0
"4098",205,"V18",0.8621,18,1,0
"4099",205,"V19",0.0224,19,0,0
"4100",205,"V20",0.843,20,0,0
"4101",206,"V1",0.0298,1,0,0
"4102",206,"V2",0.0163,2,0,0
"4103",206,"V3",1e-04,3,0,0
"4104",206,"V4",0.8901,4,0,0
"4105",206,"V5",0.3006,5,1,1
"4106",206,"V6",0.9564,6,1,1
"4107",206,"V7",0.8035,7,0,0
"4108",206,"V8",0.8184,8,1,0
"4109",206,"V9",0.7526,9,1,0
"4110",206,"V10",0.7864,10,1,0
"4111",206,"V11",0.9181,11,1,0
"4112",206,"V12",0.9594,12,1,0
"4113",206,"V13",0.013,13,0,1
"4114",206,"V14",0.9395,14,1,0
"4115",206,"V15",0.8949,15,1,0
"4116",206,"V16",0.8893,16,1,0
"4117",206,"V17",0.8621,17,1,0
"4118",206,"V18",0.8621,18,1,0
"4119",206,"V19",0.7596,19,0,0
"4120",206,"V20",0.843,20,1,0
"4121",207,"V1",0.9108,1,1,0
"4122",207,"V2",0.9586,2,1,1
"4123",207,"V3",0.8661,3,1,0
"4124",207,"V4",0.8901,4,1,1
"4125",207,"V5",0.828,5,0,0
"4126",207,"V6",0.9564,6,1,0
"4127",207,"V7",0.8035,7,0,0
"4128",207,"V8",0.8184,8,1,0
"4129",207,"V9",0.7526,9,0,0
"4130",207,"V10",0.7864,10,0,0
"4131",207,"V11",0.9181,11,1,0
"4132",207,"V12",0.9594,12,1,1
"4133",207,"V13",0.6652,13,1,0
"4134",207,"V14",0.9395,14,1,0
"4135",207,"V15",0.8949,15,1,0
"4136",207,"V16",0.8893,16,1,0
"4137",207,"V17",0.8621,17,0,0
"4138",207,"V18",0.8621,18,1,0
"4139",207,"V19",0.7596,19,0,0
"4140",207,"V20",0.843,20,1,1
"4141",208,"V1",0.9108,1,1,0
"4142",208,"V2",0.9586,2,1,0
"4143",208,"V3",0.8661,3,1,0
"4144",208,"V4",0.2236,4,1,1
"4145",208,"V5",0.3006,5,1,0
"4146",208,"V6",0.9564,6,1,0
"4147",208,"V7",0.0251,7,1,0
"4148",208,"V8",0.8184,8,1,0
"4149",208,"V9",0.2883,9,1,0
"4150",208,"V10",0.029,10,0,0
"4151",208,"V11",0.0656,11,0,0
"4152",208,"V12",0.1274,12,0,0
"4153",208,"V13",0.013,13,0,0
"4154",208,"V14",0.0615,14,0,0
"4155",208,"V15",0.0313,15,0,0
"4156",208,"V16",0.1086,16,0,0
"4157",208,"V17",0.0383,17,0,0
"4158",208,"V18",0.1194,18,0,0
"4159",208,"V19",0.0224,19,0,0
"4160",208,"V20",0.0125,20,0,0
"4161",209,"V1",0.9108,1,1,0
"4162",209,"V2",0.9586,2,1,0
"4163",209,"V3",0.8661,3,1,1
"4164",209,"V4",0.8901,4,1,0
"4165",209,"V5",0.828,5,1,0
"4166",209,"V6",0.9564,6,1,0
"4167",209,"V7",0.8035,7,1,1
"4168",209,"V8",0.8184,8,1,0
"4169",209,"V9",0.7526,9,1,0
"4170",209,"V10",0.7864,10,1,0
"4171",209,"V11",0.9181,11,1,0
"4172",209,"V12",0.9594,12,1,0
"4173",209,"V13",0.6652,13,0,0
"4174",209,"V14",0.9395,14,1,0
"4175",209,"V15",0.8949,15,1,0
"4176",209,"V16",0.8893,16,0,0
"4177",209,"V17",0.8621,17,1,0
"4178",209,"V18",0.8621,18,1,0
"4179",209,"V19",0.7596,19,1,0
"4180",209,"V20",0.843,20,1,1
"4181",210,"V1",0.9108,1,1,1
"4182",210,"V2",0.9586,2,1,1
"4183",210,"V3",0.8661,3,1,0
"4184",210,"V4",0.8901,4,1,0
"4185",210,"V5",0.828,5,1,0
"4186",210,"V6",0.9564,6,1,0
"4187",210,"V7",0.8035,7,1,0
"4188",210,"V8",0.8184,8,1,0
"4189",210,"V9",0.7526,9,1,0
"4190",210,"V10",0.7864,10,1,1
"4191",210,"V11",0.9181,11,1,0
"4192",210,"V12",0.9594,12,1,0
"4193",210,"V13",0.6652,13,1,1
"4194",210,"V14",0.9395,14,1,1
"4195",210,"V15",0.8949,15,1,0
"4196",210,"V16",0.8893,16,1,0
"4197",210,"V17",0.8621,17,1,0
"4198",210,"V18",0.8621,18,1,0
"4199",210,"V19",0.7596,19,1,0
"4200",210,"V20",0.843,20,1,0
"4201",211,"V1",0.0298,1,0,0
"4202",211,"V2",0.0163,2,0,0
"4203",211,"V3",1e-04,3,0,0
"4204",211,"V4",0.2236,4,1,0
"4205",211,"V5",0.3006,5,0,1
"4206",211,"V6",0.9564,6,0,1
"4207",211,"V7",0.0251,7,0,0
"4208",211,"V8",0.8184,8,1,0
"4209",211,"V9",0.7526,9,1,0
"4210",211,"V10",0.029,10,0,0
"4211",211,"V11",0.0656,11,0,0
"4212",211,"V12",0.1274,12,0,0
"4213",211,"V13",0.013,13,0,0
"4214",211,"V14",0.9395,14,1,0
"4215",211,"V15",0.0313,15,0,1
"4216",211,"V16",0.8893,16,1,0
"4217",211,"V17",0.0383,17,0,0
"4218",211,"V18",0.1194,18,0,1
"4219",211,"V19",0.0224,19,0,1
"4220",211,"V20",0.0125,20,0,0
"4221",212,"V1",0.0298,1,0,0
"4222",212,"V2",0.9586,2,1,0
"4223",212,"V3",0.8661,3,1,0
"4224",212,"V4",0.2236,4,1,0
"4225",212,"V5",0.828,5,1,0
"4226",212,"V6",0.9564,6,1,0
"4227",212,"V7",0.0251,7,0,1
"4228",212,"V8",0.8184,8,1,1
"4229",212,"V9",0.7526,9,0,0
"4230",212,"V10",0.029,10,0,1
"4231",212,"V11",0.0656,11,0,0
"4232",212,"V12",0.9594,12,1,0
"4233",212,"V13",0.013,13,0,0
"4234",212,"V14",0.9395,14,1,1
"4235",212,"V15",0.0313,15,1,1
"4236",212,"V16",0.8893,16,1,1
"4237",212,"V17",0.0383,17,0,0
"4238",212,"V18",0.1194,18,0,0
"4239",212,"V19",0.0224,19,1,1
"4240",212,"V20",0.0125,20,0,0
"4241",213,"V1",0.9108,1,1,1
"4242",213,"V2",0.9586,2,1,0
"4243",213,"V3",0.8661,3,1,0
"4244",213,"V4",0.8901,4,1,0
"4245",213,"V5",0.828,5,1,0
"4246",213,"V6",0.9564,6,1,0
"4247",213,"V7",0.8035,7,1,0
"4248",213,"V8",0.8184,8,1,0
"4249",213,"V9",0.7526,9,1,1
"4250",213,"V10",0.7864,10,1,0
"4251",213,"V11",0.9181,11,1,0
"4252",213,"V12",0.9594,12,1,0
"4253",213,"V13",0.6652,13,1,0
"4254",213,"V14",0.9395,14,1,1
"4255",213,"V15",0.8949,15,1,0
"4256",213,"V16",0.8893,16,1,1
"4257",213,"V17",0.8621,17,1,0
"4258",213,"V18",0.8621,18,1,1
"4259",213,"V19",0.7596,19,1,0
"4260",213,"V20",0.843,20,1,0
"4261",214,"V1",0.9108,1,0,1
"4262",214,"V2",0.9586,2,1,0
"4263",214,"V3",0.8661,3,1,0
"4264",214,"V4",0.8901,4,1,0
"4265",214,"V5",0.828,5,1,0
"4266",214,"V6",0.9564,6,1,0
"4267",214,"V7",0.8035,7,1,0
"4268",214,"V8",0.8184,8,1,1
"4269",214,"V9",0.7526,9,1,0
"4270",214,"V10",0.7864,10,1,0
"4271",214,"V11",0.9181,11,1,0
"4272",214,"V12",0.9594,12,1,0
"4273",214,"V13",0.6652,13,1,0
"4274",214,"V14",0.9395,14,1,0
"4275",214,"V15",0.8949,15,1,0
"4276",214,"V16",0.8893,16,1,1
"4277",214,"V17",0.8621,17,1,0
"4278",214,"V18",0.8621,18,1,0
"4279",214,"V19",0.7596,19,1,0
"4280",214,"V20",0.843,20,1,0
"4281",215,"V1",0.9108,1,1,0
"4282",215,"V2",0.9586,2,1,0
"4283",215,"V3",0.8661,3,0,0
"4284",215,"V4",0.2236,4,0,1
"4285",215,"V5",0.3006,5,1,0
"4286",215,"V6",0.9564,6,1,0
"4287",215,"V7",0.0251,7,0,0
"4288",215,"V8",0.8184,8,0,0
"4289",215,"V9",0.2883,9,1,0
"4290",215,"V10",0.029,10,0,0
"4291",215,"V11",0.0656,11,0,0
"4292",215,"V12",0.1274,12,0,0
"4293",215,"V13",0.013,13,0,0
"4294",215,"V14",0.0615,14,0,0
"4295",215,"V15",0.0313,15,0,0
"4296",215,"V16",0.1086,16,0,0
"4297",215,"V17",0.0383,17,0,1
"4298",215,"V18",0.1194,18,0,0
"4299",215,"V19",0.0224,19,0,0
"4300",215,"V20",0.0125,20,0,1
"4301",216,"V1",0.9108,1,1,1
"4302",216,"V2",0.9586,2,1,0
"4303",216,"V3",0.8661,3,1,0
"4304",216,"V4",0.8901,4,1,1
"4305",216,"V5",0.828,5,1,0
"4306",216,"V6",0.9564,6,1,0
"4307",216,"V7",0.8035,7,1,0
"4308",216,"V8",0.8184,8,1,0
"4309",216,"V9",0.7526,9,1,0
"4310",216,"V10",0.7864,10,1,0
"4311",216,"V11",0.9181,11,1,0
"4312",216,"V12",0.9594,12,1,0
"4313",216,"V13",0.6652,13,1,0
"4314",216,"V14",0.9395,14,1,0
"4315",216,"V15",0.8949,15,1,1
"4316",216,"V16",0.8893,16,1,0
"4317",216,"V17",0.8621,17,1,0
"4318",216,"V18",0.8621,18,1,0
"4319",216,"V19",0.7596,19,1,0
"4320",216,"V20",0.843,20,1,0
"4321",217,"V1",0.0298,1,0,0
"4322",217,"V2",0.0163,2,0,0
"4323",217,"V3",1e-04,3,0,0
"4324",217,"V4",0.2236,4,0,0
"4325",217,"V5",0.3006,5,0,0
"4326",217,"V6",0.0951,6,0,1
"4327",217,"V7",0.0251,7,0,0
"4328",217,"V8",0.4438,8,1,0
"4329",217,"V9",0.2883,9,0,0
"4330",217,"V10",0.029,10,0,0
"4331",217,"V11",0.0656,11,0,1
"4332",217,"V12",0.1274,12,0,0
"4333",217,"V13",0.013,13,0,0
"4334",217,"V14",0.0615,14,0,1
"4335",217,"V15",0.0313,15,0,0
"4336",217,"V16",0.1086,16,0,0
"4337",217,"V17",0.0383,17,0,0
"4338",217,"V18",0.1194,18,0,0
"4339",217,"V19",0.0224,19,0,0
"4340",217,"V20",0.0125,20,0,0
"4341",218,"V1",0.9108,1,1,1
"4342",218,"V2",0.9586,2,1,0
"4343",218,"V3",0.8661,3,0,0
"4344",218,"V4",0.8901,4,1,1
"4345",218,"V5",0.828,5,1,0
"4346",218,"V6",0.9564,6,1,0
"4347",218,"V7",0.8035,7,1,1
"4348",218,"V8",0.8184,8,1,0
"4349",218,"V9",0.7526,9,1,0
"4350",218,"V10",0.7864,10,1,0
"4351",218,"V11",0.9181,11,1,0
"4352",218,"V12",0.9594,12,1,1
"4353",218,"V13",0.6652,13,0,0
"4354",218,"V14",0.9395,14,1,0
"4355",218,"V15",0.8949,15,1,0
"4356",218,"V16",0.8893,16,1,0
"4357",218,"V17",0.8621,17,1,0
"4358",218,"V18",0.8621,18,1,0
"4359",218,"V19",0.7596,19,1,0
"4360",218,"V20",0.843,20,1,1
"4361",219,"V1",0.9108,1,1,0
"4362",219,"V2",0.9586,2,1,0
"4363",219,"V3",0.8661,3,1,0
"4364",219,"V4",0.8901,4,0,1
"4365",219,"V5",0.828,5,1,1
"4366",219,"V6",0.9564,6,0,1
"4367",219,"V7",0.8035,7,1,0
"4368",219,"V8",0.8184,8,0,0
"4369",219,"V9",0.7526,9,1,0
"4370",219,"V10",0.7864,10,1,0
"4371",219,"V11",0.9181,11,0,1
"4372",219,"V12",0.9594,12,1,0
"4373",219,"V13",0.6652,13,1,0
"4374",219,"V14",0.9395,14,1,0
"4375",219,"V15",0.8949,15,1,0
"4376",219,"V16",0.8893,16,0,0
"4377",219,"V17",0.8621,17,0,1
"4378",219,"V18",0.8621,18,0,1
"4379",219,"V19",0.7596,19,0,1
"4380",219,"V20",0.843,20,0,1
"4381",220,"V1",0.9108,1,1,0
"4382",220,"V2",0.9586,2,1,0
"4383",220,"V3",0.8661,3,0,0
"4384",220,"V4",0.8901,4,1,0
"4385",220,"V5",0.828,5,0,0
"4386",220,"V6",0.9564,6,1,0
"4387",220,"V7",0.8035,7,0,0
"4388",220,"V8",0.8184,8,1,0
"4389",220,"V9",0.7526,9,0,0
"4390",220,"V10",0.7864,10,1,1
"4391",220,"V11",0.9181,11,1,0
"4392",220,"V12",0.9594,12,1,0
"4393",220,"V13",0.6652,13,0,1
"4394",220,"V14",0.9395,14,1,0
"4395",220,"V15",0.8949,15,0,0
"4396",220,"V16",0.8893,16,0,0
"4397",220,"V17",0.8621,17,1,1
"4398",220,"V18",0.8621,18,0,0
"4399",220,"V19",0.7596,19,1,0
"4400",220,"V20",0.843,20,1,0
"4401",221,"V1",0.0298,1,0,0
"4402",221,"V2",0.0163,2,0,1
"4403",221,"V3",1e-04,3,0,0
"4404",221,"V4",0.8901,4,1,0
"4405",221,"V5",0.3006,5,0,0
"4406",221,"V6",0.9564,6,1,1
"4407",221,"V7",0.8035,7,1,0
"4408",221,"V8",0.8184,8,1,0
"4409",221,"V9",0.7526,9,0,0
"4410",221,"V10",0.7864,10,0,0
"4411",221,"V11",0.9181,11,1,0
"4412",221,"V12",0.9594,12,1,0
"4413",221,"V13",0.013,13,0,0
"4414",221,"V14",0.9395,14,1,0
"4415",221,"V15",0.8949,15,1,0
"4416",221,"V16",0.8893,16,1,0
"4417",221,"V17",0.8621,17,1,0
"4418",221,"V18",0.8621,18,1,0
"4419",221,"V19",0.7596,19,0,0
"4420",221,"V20",0.843,20,0,0
"4421",222,"V1",0.9108,1,1,0
"4422",222,"V2",0.9586,2,1,0
"4423",222,"V3",0.8661,3,1,0
"4424",222,"V4",0.2236,4,0,0
"4425",222,"V5",0.828,5,0,0
"4426",222,"V6",0.9564,6,1,0
"4427",222,"V7",0.8035,7,1,0
"4428",222,"V8",0.8184,8,1,0
"4429",222,"V9",0.7526,9,1,0
"4430",222,"V10",0.7864,10,1,0
"4431",222,"V11",0.9181,11,1,0
"4432",222,"V12",0.9594,12,1,0
"4433",222,"V13",0.6652,13,0,0
"4434",222,"V14",0.9395,14,1,1
"4435",222,"V15",0.8949,15,1,0
"4436",222,"V16",0.8893,16,1,0
"4437",222,"V17",0.8621,17,1,0
"4438",222,"V18",0.8621,18,1,1
"4439",222,"V19",0.0224,19,0,1
"4440",222,"V20",0.0125,20,0,0
"4441",223,"V1",0.9108,1,1,0
"4442",223,"V2",0.9586,2,1,1
"4443",223,"V3",0.8661,3,1,0
"4444",223,"V4",0.8901,4,1,0
"4445",223,"V5",0.828,5,1,0
"4446",223,"V6",0.9564,6,1,0
"4447",223,"V7",0.8035,7,1,0
"4448",223,"V8",0.8184,8,1,0
"4449",223,"V9",0.7526,9,1,0
"4450",223,"V10",0.7864,10,1,0
"4451",223,"V11",0.9181,11,1,0
"4452",223,"V12",0.9594,12,1,0
"4453",223,"V13",0.6652,13,1,0
"4454",223,"V14",0.9395,14,1,0
"4455",223,"V15",0.8949,15,1,0
"4456",223,"V16",0.8893,16,1,0
"4457",223,"V17",0.8621,17,1,0
"4458",223,"V18",0.8621,18,1,0
"4459",223,"V19",0.7596,19,1,0
"4460",223,"V20",0.843,20,1,0
"4461",224,"V1",0.0298,1,0,0
"4462",224,"V2",0.0163,2,0,0
"4463",224,"V3",1e-04,3,0,0
"4464",224,"V4",0.2236,4,0,0
"4465",224,"V5",0.3006,5,0,0
"4466",224,"V6",0.0951,6,0,0
"4467",224,"V7",0.0251,7,0,1
"4468",224,"V8",0.4438,8,0,0
"4469",224,"V9",0.2883,9,1,0
"4470",224,"V10",0.029,10,0,1
"4471",224,"V11",0.0656,11,0,1
"4472",224,"V12",0.1274,12,0,0
"4473",224,"V13",0.013,13,0,0
"4474",224,"V14",0.0615,14,0,0
"4475",224,"V15",0.0313,15,0,1
"4476",224,"V16",0.1086,16,0,0
"4477",224,"V17",0.0383,17,0,0
"4478",224,"V18",0.1194,18,0,0
"4479",224,"V19",0.0224,19,0,0
"4480",224,"V20",0.0125,20,0,0
"4481",225,"V1",0.9108,1,1,0
"4482",225,"V2",0.9586,2,1,0
"4483",225,"V3",0.8661,3,1,0
"4484",225,"V4",0.8901,4,1,0
"4485",225,"V5",0.828,5,1,0
"4486",225,"V6",0.9564,6,1,0
"4487",225,"V7",0.8035,7,1,0
"4488",225,"V8",0.8184,8,1,0
"4489",225,"V9",0.7526,9,1,0
"4490",225,"V10",0.7864,10,1,0
"4491",225,"V11",0.9181,11,1,0
"4492",225,"V12",0.9594,12,1,1
"4493",225,"V13",0.6652,13,1,0
"4494",225,"V14",0.9395,14,1,0
"4495",225,"V15",0.8949,15,0,0
"4496",225,"V16",0.8893,16,1,1
"4497",225,"V17",0.8621,17,1,0
"4498",225,"V18",0.8621,18,1,0
"4499",225,"V19",0.7596,19,0,0
"4500",225,"V20",0.843,20,1,0
"4501",226,"V1",0.0298,1,0,0
"4502",226,"V2",0.0163,2,0,1
"4503",226,"V3",1e-04,3,0,1
"4504",226,"V4",0.2236,4,1,0
"4505",226,"V5",0.3006,5,0,0
"4506",226,"V6",0.9564,6,1,0
"4507",226,"V7",0.0251,7,0,1
"4508",226,"V8",0.8184,8,1,0
"4509",226,"V9",0.2883,9,0,1
"4510",226,"V10",0.029,10,0,0
"4511",226,"V11",0.0656,11,1,0
"4512",226,"V12",0.9594,12,1,0
"4513",226,"V13",0.013,13,0,0
"4514",226,"V14",0.0615,14,0,0
"4515",226,"V15",0.0313,15,0,0
"4516",226,"V16",0.1086,16,1,1
"4517",226,"V17",0.0383,17,0,0
"4518",226,"V18",0.1194,18,0,0
"4519",226,"V19",0.0224,19,0,0
"4520",226,"V20",0.0125,20,0,1
"4521",227,"V1",0.0298,1,0,0
"4522",227,"V2",0.0163,2,0,1
"4523",227,"V3",1e-04,3,0,0
"4524",227,"V4",0.2236,4,0,0
"4525",227,"V5",0.3006,5,0,0
"4526",227,"V6",0.0951,6,0,0
"4527",227,"V7",0.0251,7,0,0
"4528",227,"V8",0.4438,8,0,0
"4529",227,"V9",0.2883,9,0,0
"4530",227,"V10",0.029,10,0,0
"4531",227,"V11",0.0656,11,0,0
"4532",227,"V12",0.1274,12,0,0
"4533",227,"V13",0.013,13,0,0
"4534",227,"V14",0.0615,14,0,0
"4535",227,"V15",0.0313,15,0,0
"4536",227,"V16",0.1086,16,0,1
"4537",227,"V17",0.0383,17,0,0
"4538",227,"V18",0.1194,18,0,0
"4539",227,"V19",0.0224,19,0,0
"4540",227,"V20",0.0125,20,0,0
"4541",228,"V1",0.0298,1,0,1
"4542",228,"V2",0.0163,2,0,0
"4543",228,"V3",1e-04,3,0,0
"4544",228,"V4",0.2236,4,0,1
"4545",228,"V5",0.3006,5,0,0
"4546",228,"V6",0.0951,6,1,0
"4547",228,"V7",0.0251,7,0,1
"4548",228,"V8",0.4438,8,0,0
"4549",228,"V9",0.2883,9,0,0
"4550",228,"V10",0.029,10,0,0
"4551",228,"V11",0.0656,11,0,0
"4552",228,"V12",0.1274,12,1,1
"4553",228,"V13",0.013,13,0,0
"4554",228,"V14",0.0615,14,0,1
"4555",228,"V15",0.0313,15,0,1
"4556",228,"V16",0.1086,16,0,0
"4557",228,"V17",0.0383,17,0,0
"4558",228,"V18",0.1194,18,1,0
"4559",228,"V19",0.0224,19,0,0
"4560",228,"V20",0.0125,20,0,0
"4561",229,"V1",0.9108,1,1,0
"4562",229,"V2",0.9586,2,1,0
"4563",229,"V3",0.8661,3,1,0
"4564",229,"V4",0.8901,4,1,0
"4565",229,"V5",0.828,5,1,0
"4566",229,"V6",0.9564,6,1,0
"4567",229,"V7",0.8035,7,1,0
"4568",229,"V8",0.8184,8,0,0
"4569",229,"V9",0.7526,9,1,1
"4570",229,"V10",0.7864,10,0,0
"4571",229,"V11",0.9181,11,1,0
"4572",229,"V12",0.9594,12,1,0
"4573",229,"V13",0.6652,13,1,0
"4574",229,"V14",0.9395,14,1,0
"4575",229,"V15",0.8949,15,1,0
"4576",229,"V16",0.8893,16,1,0
"4577",229,"V17",0.8621,17,1,0
"4578",229,"V18",0.8621,18,1,0
"4579",229,"V19",0.7596,19,1,1
"4580",229,"V20",0.843,20,1,0
"4581",230,"V1",0.9108,1,1,1
"4582",230,"V2",0.9586,2,1,0
"4583",230,"V3",0.8661,3,1,0
"4584",230,"V4",0.2236,4,0,0
"4585",230,"V5",0.828,5,1,0
"4586",230,"V6",0.9564,6,1,0
"4587",230,"V7",0.0251,7,1,1
"4588",230,"V8",0.8184,8,1,0
"4589",230,"V9",0.7526,9,1,0
"4590",230,"V10",0.029,10,0,0
"4591",230,"V11",0.0656,11,0,0
"4592",230,"V12",0.9594,12,1,0
"4593",230,"V13",0.013,13,0,0
"4594",230,"V14",0.9395,14,1,0
"4595",230,"V15",0.0313,15,0,0
"4596",230,"V16",0.8893,16,0,1
"4597",230,"V17",0.0383,17,1,0
"4598",230,"V18",0.1194,18,1,1
"4599",230,"V19",0.0224,19,0,0
"4600",230,"V20",0.0125,20,0,0
"4601",231,"V1",0.0298,1,0,0
"4602",231,"V2",0.0163,2,0,0
"4603",231,"V3",1e-04,3,0,0
"4604",231,"V4",0.2236,4,0,0
"4605",231,"V5",0.3006,5,0,0
"4606",231,"V6",0.0951,6,0,0
"4607",231,"V7",0.0251,7,0,1
"4608",231,"V8",0.4438,8,0,0
"4609",231,"V9",0.2883,9,0,0
"4610",231,"V10",0.029,10,0,0
"4611",231,"V11",0.0656,11,0,0
"4612",231,"V12",0.1274,12,0,0
"4613",231,"V13",0.013,13,0,1
"4614",231,"V14",0.0615,14,0,0
"4615",231,"V15",0.0313,15,0,0
"4616",231,"V16",0.1086,16,0,0
"4617",231,"V17",0.0383,17,0,0
"4618",231,"V18",0.1194,18,0,0
"4619",231,"V19",0.0224,19,0,0
"4620",231,"V20",0.0125,20,0,0
"4621",232,"V1",0.9108,1,1,0
"4622",232,"V2",0.9586,2,1,0
"4623",232,"V3",0.8661,3,1,0
"4624",232,"V4",0.2236,4,1,1
"4625",232,"V5",0.828,5,0,0
"4626",232,"V6",0.9564,6,1,0
"4627",232,"V7",0.8035,7,1,0
"4628",232,"V8",0.8184,8,1,0
"4629",232,"V9",0.7526,9,1,0
"4630",232,"V10",0.7864,10,1,0
"4631",232,"V11",0.9181,11,1,0
"4632",232,"V12",0.9594,12,1,0
"4633",232,"V13",0.6652,13,0,0
"4634",232,"V14",0.9395,14,1,0
"4635",232,"V15",0.8949,15,0,0
"4636",232,"V16",0.8893,16,1,0
"4637",232,"V17",0.8621,17,0,1
"4638",232,"V18",0.8621,18,1,0
"4639",232,"V19",0.0224,19,0,0
"4640",232,"V20",0.0125,20,0,0
"4641",233,"V1",0.0298,1,0,0
"4642",233,"V2",0.0163,2,0,0
"4643",233,"V3",1e-04,3,0,1
"4644",233,"V4",0.2236,4,0,0
"4645",233,"V5",0.3006,5,0,0
"4646",233,"V6",0.9564,6,1,0
"4647",233,"V7",0.0251,7,0,0
"4648",233,"V8",0.8184,8,0,0
"4649",233,"V9",0.7526,9,1,0
"4650",233,"V10",0.029,10,0,0
"4651",233,"V11",0.0656,11,0,0
"4652",233,"V12",0.9594,12,1,0
"4653",233,"V13",0.013,13,0,0
"4654",233,"V14",0.9395,14,1,0
"4655",233,"V15",0.0313,15,0,1
"4656",233,"V16",0.8893,16,1,0
"4657",233,"V17",0.0383,17,0,0
"4658",233,"V18",0.1194,18,0,0
"4659",233,"V19",0.0224,19,0,0
"4660",233,"V20",0.0125,20,0,0
"4661",234,"V1",0.9108,1,0,0
"4662",234,"V2",0.9586,2,1,0
"4663",234,"V3",0.8661,3,0,0
"4664",234,"V4",0.8901,4,1,0
"4665",234,"V5",0.828,5,0,0
"4666",234,"V6",0.9564,6,1,0
"4667",234,"V7",0.8035,7,1,0
"4668",234,"V8",0.8184,8,1,1
"4669",234,"V9",0.7526,9,0,0
"4670",234,"V10",0.7864,10,1,0
"4671",234,"V11",0.9181,11,1,0
"4672",234,"V12",0.9594,12,1,0
"4673",234,"V13",0.6652,13,1,0
"4674",234,"V14",0.9395,14,1,0
"4675",234,"V15",0.8949,15,1,0
"4676",234,"V16",0.8893,16,1,0
"4677",234,"V17",0.8621,17,1,0
"4678",234,"V18",0.8621,18,1,1
"4679",234,"V19",0.7596,19,1,0
"4680",234,"V20",0.843,20,1,0
"4681",235,"V1",0.9108,1,1,0
"4682",235,"V2",0.9586,2,1,0
"4683",235,"V3",0.8661,3,0,0
"4684",235,"V4",0.2236,4,0,0
"4685",235,"V5",0.3006,5,0,0
"4686",235,"V6",0.9564,6,1,1
"4687",235,"V7",0.0251,7,0,0
"4688",235,"V8",0.8184,8,0,0
"4689",235,"V9",0.2883,9,1,0
"4690",235,"V10",0.029,10,0,1
"4691",235,"V11",0.0656,11,0,1
"4692",235,"V12",0.1274,12,1,1
"4693",235,"V13",0.013,13,0,1
"4694",235,"V14",0.0615,14,0,0
"4695",235,"V15",0.0313,15,0,0
"4696",235,"V16",0.1086,16,0,1
"4697",235,"V17",0.0383,17,0,0
"4698",235,"V18",0.1194,18,0,0
"4699",235,"V19",0.0224,19,0,0
"4700",235,"V20",0.0125,20,0,1
"4701",236,"V1",0.9108,1,1,0
"4702",236,"V2",0.9586,2,1,0
"4703",236,"V3",0.8661,3,1,0
"4704",236,"V4",0.2236,4,1,0
"4705",236,"V5",0.3006,5,0,1
"4706",236,"V6",0.9564,6,1,0
"4707",236,"V7",0.0251,7,1,0
"4708",236,"V8",0.8184,8,1,0
"4709",236,"V9",0.2883,9,0,0
"4710",236,"V10",0.029,10,1,1
"4711",236,"V11",0.0656,11,0,0
"4712",236,"V12",0.1274,12,0,0
"4713",236,"V13",0.013,13,0,0
"4714",236,"V14",0.0615,14,0,1
"4715",236,"V15",0.0313,15,0,0
"4716",236,"V16",0.1086,16,0,0
"4717",236,"V17",0.0383,17,0,1
"4718",236,"V18",0.1194,18,0,0
"4719",236,"V19",0.0224,19,0,0
"4720",236,"V20",0.0125,20,0,0
"4721",237,"V1",0.9108,1,1,0
"4722",237,"V2",0.9586,2,1,0
"4723",237,"V3",0.8661,3,1,0
"4724",237,"V4",0.2236,4,1,0
"4725",237,"V5",0.828,5,0,0
"4726",237,"V6",0.9564,6,1,1
"4727",237,"V7",0.8035,7,1,0
"4728",237,"V8",0.8184,8,0,0
"4729",237,"V9",0.7526,9,1,0
"4730",237,"V10",0.029,10,0,0
"4731",237,"V11",0.0656,11,0,0
"4732",237,"V12",0.9594,12,1,0
"4733",237,"V13",0.013,13,0,0
"4734",237,"V14",0.9395,14,0,0
"4735",237,"V15",0.8949,15,1,0
"4736",237,"V16",0.8893,16,1,0
"4737",237,"V17",0.0383,17,0,0
"4738",237,"V18",0.1194,18,0,0
"4739",237,"V19",0.0224,19,0,1
"4740",237,"V20",0.0125,20,0,0
"4741",238,"V1",0.9108,1,1,1
"4742",238,"V2",0.9586,2,1,0
"4743",238,"V3",0.8661,3,0,0
"4744",238,"V4",0.8901,4,1,0
"4745",238,"V5",0.828,5,1,1
"4746",238,"V6",0.9564,6,1,0
"4747",238,"V7",0.8035,7,1,1
"4748",238,"V8",0.8184,8,1,0
"4749",238,"V9",0.7526,9,1,0
"4750",238,"V10",0.7864,10,1,0
"4751",238,"V11",0.9181,11,1,0
"4752",238,"V12",0.9594,12,1,0
"4753",238,"V13",0.6652,13,1,0
"4754",238,"V14",0.9395,14,1,0
"4755",238,"V15",0.8949,15,1,0
"4756",238,"V16",0.8893,16,1,0
"4757",238,"V17",0.8621,17,1,0
"4758",238,"V18",0.8621,18,1,1
"4759",238,"V19",0.7596,19,1,0
"4760",238,"V20",0.843,20,1,1
"4761",239,"V1",0.0298,1,0,0
"4762",239,"V2",0.0163,2,0,0
"4763",239,"V3",1e-04,3,0,0
"4764",239,"V4",0.8901,4,1,0
"4765",239,"V5",0.3006,5,0,0
"4766",239,"V6",0.9564,6,0,0
"4767",239,"V7",0.0251,7,0,0
"4768",239,"V8",0.8184,8,0,0
"4769",239,"V9",0.7526,9,0,0
"4770",239,"V10",0.7864,10,1,0
"4771",239,"V11",0.9181,11,1,0
"4772",239,"V12",0.9594,12,1,0
"4773",239,"V13",0.013,13,0,0
"4774",239,"V14",0.9395,14,1,0
"4775",239,"V15",0.0313,15,0,0
"4776",239,"V16",0.8893,16,0,1
"4777",239,"V17",0.8621,17,1,0
"4778",239,"V18",0.8621,18,1,0
"4779",239,"V19",0.0224,19,0,0
"4780",239,"V20",0.843,20,1,0
"4781",240,"V1",0.9108,1,1,1
"4782",240,"V2",0.9586,2,1,0
"4783",240,"V3",0.8661,3,0,0
"4784",240,"V4",0.2236,4,0,0
"4785",240,"V5",0.828,5,0,1
"4786",240,"V6",0.9564,6,1,0
"4787",240,"V7",0.0251,7,0,0
"4788",240,"V8",0.8184,8,1,1
"4789",240,"V9",0.7526,9,1,0
"4790",240,"V10",0.029,10,0,0
"4791",240,"V11",0.0656,11,0,1
"4792",240,"V12",0.9594,12,1,0
"4793",240,"V13",0.013,13,0,0
"4794",240,"V14",0.9395,14,0,1
"4795",240,"V15",0.0313,15,0,1
"4796",240,"V16",0.8893,16,0,0
"4797",240,"V17",0.0383,17,0,1
"4798",240,"V18",0.1194,18,0,1
"4799",240,"V19",0.0224,19,0,1
"4800",240,"V20",0.0125,20,0,0
"4801",241,"V1",0.9108,1,1,0
"4802",241,"V2",0.9586,2,1,0
"4803",241,"V3",0.8661,3,1,1
"4804",241,"V4",0.8901,4,1,1
"4805",241,"V5",0.828,5,1,1
"4806",241,"V6",0.9564,6,1,1
"4807",241,"V7",0.8035,7,0,0
"4808",241,"V8",0.8184,8,1,0
"4809",241,"V9",0.7526,9,1,0
"4810",241,"V10",0.7864,10,1,0
"4811",241,"V11",0.9181,11,1,0
"4812",241,"V12",0.9594,12,0,0
"4813",241,"V13",0.6652,13,1,0
"4814",241,"V14",0.9395,14,1,0
"4815",241,"V15",0.8949,15,1,0
"4816",241,"V16",0.8893,16,1,0
"4817",241,"V17",0.8621,17,1,0
"4818",241,"V18",0.8621,18,1,0
"4819",241,"V19",0.7596,19,0,0
"4820",241,"V20",0.843,20,1,0
"4821",242,"V1",0.9108,1,1,0
"4822",242,"V2",0.9586,2,1,0
"4823",242,"V3",0.8661,3,1,0
"4824",242,"V4",0.2236,4,0,0
"4825",242,"V5",0.828,5,0,1
"4826",242,"V6",0.9564,6,1,0
"4827",242,"V7",0.8035,7,1,0
"4828",242,"V8",0.8184,8,0,1
"4829",242,"V9",0.7526,9,1,0
"4830",242,"V10",0.7864,10,0,0
"4831",242,"V11",0.9181,11,0,0
"4832",242,"V12",0.9594,12,1,0
"4833",242,"V13",0.6652,13,1,0
"4834",242,"V14",0.9395,14,1,1
"4835",242,"V15",0.8949,15,0,0
"4836",242,"V16",0.8893,16,1,1
"4837",242,"V17",0.8621,17,1,1
"4838",242,"V18",0.8621,18,1,0
"4839",242,"V19",0.0224,19,0,0
"4840",242,"V20",0.0125,20,0,0
"4841",243,"V1",0.9108,1,1,0
"4842",243,"V2",0.9586,2,1,0
"4843",243,"V3",0.8661,3,1,0
"4844",243,"V4",0.8901,4,1,0
"4845",243,"V5",0.828,5,0,0
"4846",243,"V6",0.9564,6,1,0
"4847",243,"V7",0.0251,7,0,0
"4848",243,"V8",0.8184,8,1,0
"4849",243,"V9",0.7526,9,0,0
"4850",243,"V10",0.7864,10,1,0
"4851",243,"V11",0.9181,11,1,0
"4852",243,"V12",0.9594,12,1,0
"4853",243,"V13",0.6652,13,0,1
"4854",243,"V14",0.9395,14,1,0
"4855",243,"V15",0.0313,15,0,0
"4856",243,"V16",0.8893,16,1,0
"4857",243,"V17",0.8621,17,1,0
"4858",243,"V18",0.8621,18,1,0
"4859",243,"V19",0.0224,19,0,0
"4860",243,"V20",0.843,20,1,0
"4861",244,"V1",0.0298,1,0,0
"4862",244,"V2",0.0163,2,0,0
"4863",244,"V3",1e-04,3,0,1
"4864",244,"V4",0.2236,4,0,0
"4865",244,"V5",0.3006,5,0,0
"4866",244,"V6",0.9564,6,1,0
"4867",244,"V7",0.0251,7,0,1
"4868",244,"V8",0.8184,8,1,0
"4869",244,"V9",0.7526,9,1,1
"4870",244,"V10",0.029,10,0,0
"4871",244,"V11",0.0656,11,0,0
"4872",244,"V12",0.9594,12,1,0
"4873",244,"V13",0.013,13,0,0
"4874",244,"V14",0.9395,14,1,0
"4875",244,"V15",0.0313,15,0,0
"4876",244,"V16",0.8893,16,1,0
"4877",244,"V17",0.0383,17,0,0
"4878",244,"V18",0.1194,18,0,0
"4879",244,"V19",0.0224,19,0,0
"4880",244,"V20",0.0125,20,0,0
"4881",245,"V1",0.9108,1,1,0
"4882",245,"V2",0.9586,2,1,0
"4883",245,"V3",0.8661,3,1,0
"4884",245,"V4",0.8901,4,1,0
"4885",245,"V5",0.828,5,1,0
"4886",245,"V6",0.9564,6,1,0
"4887",245,"V7",0.8035,7,1,0
"4888",245,"V8",0.8184,8,1,1
"4889",245,"V9",0.7526,9,0,0
"4890",245,"V10",0.7864,10,1,1
"4891",245,"V11",0.9181,11,1,1
"4892",245,"V12",0.9594,12,1,0
"4893",245,"V13",0.6652,13,1,0
"4894",245,"V14",0.9395,14,1,0
"4895",245,"V15",0.8949,15,1,0
"4896",245,"V16",0.8893,16,1,0
"4897",245,"V17",0.8621,17,1,0
"4898",245,"V18",0.8621,18,1,0
"4899",245,"V19",0.7596,19,1,0
"4900",245,"V20",0.843,20,1,0
"4901",246,"V1",0.0298,1,0,0
"4902",246,"V2",0.0163,2,0,0
"4903",246,"V3",1e-04,3,0,0
"4904",246,"V4",0.2236,4,0,0
"4905",246,"V5",0.3006,5,0,0
"4906",246,"V6",0.0951,6,0,0
"4907",246,"V7",0.0251,7,0,0
"4908",246,"V8",0.4438,8,1,0
"4909",246,"V9",0.2883,9,0,0
"4910",246,"V10",0.029,10,0,0
"4911",246,"V11",0.0656,11,0,0
"4912",246,"V12",0.1274,12,0,1
"4913",246,"V13",0.013,13,0,0
"4914",246,"V14",0.0615,14,0,0
"4915",246,"V15",0.0313,15,0,0
"4916",246,"V16",0.1086,16,0,0
"4917",246,"V17",0.0383,17,0,0
"4918",246,"V18",0.1194,18,0,0
"4919",246,"V19",0.0224,19,0,0
"4920",246,"V20",0.0125,20,0,0
"4921",247,"V1",0.9108,1,1,0
"4922",247,"V2",0.9586,2,1,0
"4923",247,"V3",0.8661,3,0,1
"4924",247,"V4",0.8901,4,1,0
"4925",247,"V5",0.828,5,1,1
"4926",247,"V6",0.9564,6,1,0
"4927",247,"V7",0.8035,7,0,0
"4928",247,"V8",0.8184,8,1,0
"4929",247,"V9",0.7526,9,1,0
"4930",247,"V10",0.7864,10,0,0
"4931",247,"V11",0.9181,11,1,1
"4932",247,"V12",0.9594,12,1,0
"4933",247,"V13",0.6652,13,1,0
"4934",247,"V14",0.9395,14,1,0
"4935",247,"V15",0.8949,15,1,0
"4936",247,"V16",0.8893,16,1,0
"4937",247,"V17",0.8621,17,1,0
"4938",247,"V18",0.8621,18,1,1
"4939",247,"V19",0.7596,19,1,1
"4940",247,"V20",0.843,20,1,0
"4941",248,"V1",0.9108,1,1,0
"4942",248,"V2",0.9586,2,1,0
"4943",248,"V3",0.8661,3,1,0
"4944",248,"V4",0.8901,4,1,1
"4945",248,"V5",0.828,5,1,1
"4946",248,"V6",0.9564,6,1,0
"4947",248,"V7",0.8035,7,1,0
"4948",248,"V8",0.8184,8,1,0
"4949",248,"V9",0.7526,9,1,1
"4950",248,"V10",0.7864,10,1,0
"4951",248,"V11",0.9181,11,1,0
"4952",248,"V12",0.9594,12,1,1
"4953",248,"V13",0.6652,13,1,0
"4954",248,"V14",0.9395,14,1,1
"4955",248,"V15",0.8949,15,1,0
"4956",248,"V16",0.8893,16,1,0
"4957",248,"V17",0.8621,17,1,0
"4958",248,"V18",0.8621,18,0,0
"4959",248,"V19",0.7596,19,0,1
"4960",248,"V20",0.843,20,1,1
"4961",249,"V1",0.0298,1,0,0
"4962",249,"V2",0.0163,2,0,0
"4963",249,"V3",1e-04,3,0,0
"4964",249,"V4",0.2236,4,0,0
"4965",249,"V5",0.3006,5,0,1
"4966",249,"V6",0.0951,6,1,0
"4967",249,"V7",0.0251,7,0,0
"4968",249,"V8",0.4438,8,1,0
"4969",249,"V9",0.2883,9,0,0
"4970",249,"V10",0.029,10,0,1
"4971",249,"V11",0.0656,11,0,0
"4972",249,"V12",0.1274,12,0,0
"4973",249,"V13",0.013,13,0,0
"4974",249,"V14",0.0615,14,0,0
"4975",249,"V15",0.0313,15,0,0
"4976",249,"V16",0.1086,16,0,0
"4977",249,"V17",0.0383,17,0,0
"4978",249,"V18",0.1194,18,0,1
"4979",249,"V19",0.0224,19,0,0
"4980",249,"V20",0.0125,20,0,0
"4981",250,"V1",0.0298,1,0,1
"4982",250,"V2",0.0163,2,0,1
"4983",250,"V3",1e-04,3,0,0
"4984",250,"V4",0.2236,4,0,0
"4985",250,"V5",0.3006,5,0,0
"4986",250,"V6",0.9564,6,1,0
"4987",250,"V7",0.0251,7,0,0
"4988",250,"V8",0.8184,8,1,0
"4989",250,"V9",0.2883,9,1,1
"4990",250,"V10",0.029,10,0,0
"4991",250,"V11",0.0656,11,0,0
"4992",250,"V12",0.1274,12,0,0
"4993",250,"V13",0.013,13,0,1
"4994",250,"V14",0.0615,14,0,0
"4995",250,"V15",0.0313,15,0,0
"4996",250,"V16",0.1086,16,1,1
"4997",250,"V17",0.0383,17,0,0
"4998",250,"V18",0.1194,18,0,0
"4999",250,"V19",0.0224,19,0,0
"5000",250,"V20",0.0125,20,0,0
"5001",251,"V1",0.0298,1,0,0
"5002",251,"V2",0.0163,2,0,0
"5003",251,"V3",1e-04,3,0,0
"5004",251,"V4",0.2236,4,1,1
"5005",251,"V5",0.3006,5,0,0
"5006",251,"V6",0.0951,6,0,1
"5007",251,"V7",0.0251,7,0,0
"5008",251,"V8",0.4438,8,1,0
"5009",251,"V9",0.2883,9,0,0
"5010",251,"V10",0.029,10,0,0
"5011",251,"V11",0.0656,11,0,0
"5012",251,"V12",0.1274,12,0,0
"5013",251,"V13",0.013,13,0,0
"5014",251,"V14",0.0615,14,0,1
"5015",251,"V15",0.0313,15,0,0
"5016",251,"V16",0.1086,16,0,0
"5017",251,"V17",0.0383,17,0,0
"5018",251,"V18",0.1194,18,0,0
"5019",251,"V19",0.0224,19,0,0
"5020",251,"V20",0.0125,20,0,0
"5021",252,"V1",0.9108,1,1,0
"5022",252,"V2",0.9586,2,1,1
"5023",252,"V3",0.8661,3,1,0
"5024",252,"V4",0.2236,4,0,0
"5025",252,"V5",0.828,5,1,0
"5026",252,"V6",0.9564,6,1,0
"5027",252,"V7",0.8035,7,0,0
"5028",252,"V8",0.8184,8,1,0
"5029",252,"V9",0.7526,9,0,0
"5030",252,"V10",0.029,10,0,0
"5031",252,"V11",0.0656,11,0,1
"5032",252,"V12",0.9594,12,1,0
"5033",252,"V13",0.013,13,0,0
"5034",252,"V14",0.9395,14,1,0
"5035",252,"V15",0.8949,15,1,0
"5036",252,"V16",0.8893,16,1,0
"5037",252,"V17",0.0383,17,0,0
"5038",252,"V18",0.1194,18,0,0
"5039",252,"V19",0.0224,19,1,0
"5040",252,"V20",0.0125,20,0,0
"5041",253,"V1",0.0298,1,0,0
"5042",253,"V2",0.0163,2,0,1
"5043",253,"V3",1e-04,3,0,0
"5044",253,"V4",0.2236,4,1,0
"5045",253,"V5",0.3006,5,0,1
"5046",253,"V6",0.0951,6,0,0
"5047",253,"V7",0.0251,7,0,1
"5048",253,"V8",0.4438,8,1,0
"5049",253,"V9",0.2883,9,0,1
"5050",253,"V10",0.029,10,0,0
"5051",253,"V11",0.0656,11,0,0
"5052",253,"V12",0.1274,12,0,0
"5053",253,"V13",0.013,13,0,0
"5054",253,"V14",0.0615,14,0,0
"5055",253,"V15",0.0313,15,1,0
"5056",253,"V16",0.1086,16,0,0
"5057",253,"V17",0.0383,17,0,1
"5058",253,"V18",0.1194,18,0,0
"5059",253,"V19",0.0224,19,0,0
"5060",253,"V20",0.0125,20,0,0
"5061",254,"V1",0.9108,1,1,0
"5062",254,"V2",0.9586,2,1,0
"5063",254,"V3",0.8661,3,1,0
"5064",254,"V4",0.8901,4,1,0
"5065",254,"V5",0.828,5,1,0
"5066",254,"V6",0.9564,6,1,0
"5067",254,"V7",0.8035,7,1,1
"5068",254,"V8",0.8184,8,1,0
"5069",254,"V9",0.7526,9,1,0
"5070",254,"V10",0.7864,10,0,0
"5071",254,"V11",0.9181,11,1,0
"5072",254,"V12",0.9594,12,1,0
"5073",254,"V13",0.6652,13,1,1
"5074",254,"V14",0.9395,14,0,0
"5075",254,"V15",0.8949,15,1,0
"5076",254,"V16",0.8893,16,1,1
"5077",254,"V17",0.8621,17,1,0
"5078",254,"V18",0.8621,18,1,0
"5079",254,"V19",0.7596,19,1,0
"5080",254,"V20",0.843,20,1,0
"5081",255,"V1",0.0298,1,1,0
"5082",255,"V2",0.0163,2,0,0
"5083",255,"V3",1e-04,3,0,0
"5084",255,"V4",0.2236,4,0,1
"5085",255,"V5",0.3006,5,0,0
"5086",255,"V6",0.0951,6,0,1
"5087",255,"V7",0.0251,7,0,0
"5088",255,"V8",0.4438,8,0,0
"5089",255,"V9",0.2883,9,1,1
"5090",255,"V10",0.029,10,0,0
"5091",255,"V11",0.0656,11,0,1
"5092",255,"V12",0.1274,12,0,0
"5093",255,"V13",0.013,13,0,0
"5094",255,"V14",0.0615,14,1,0
"5095",255,"V15",0.0313,15,0,0
"5096",255,"V16",0.1086,16,1,1
"5097",255,"V17",0.0383,17,0,1
"5098",255,"V18",0.1194,18,1,0
"5099",255,"V19",0.0224,19,0,0
"5100",255,"V20",0.0125,20,0,0
"5101",256,"V1",0.9108,1,1,1
"5102",256,"V2",0.9586,2,1,0
"5103",256,"V3",0.8661,3,0,0
"5104",256,"V4",0.8901,4,1,0
"5105",256,"V5",0.828,5,1,1
"5106",256,"V6",0.9564,6,1,0
"5107",256,"V7",0.8035,7,1,0
"5108",256,"V8",0.8184,8,1,0
"5109",256,"V9",0.7526,9,1,1
"5110",256,"V10",0.7864,10,1,0
"5111",256,"V11",0.9181,11,1,0
"5112",256,"V12",0.9594,12,1,0
"5113",256,"V13",0.6652,13,1,0
"5114",256,"V14",0.9395,14,1,0
"5115",256,"V15",0.8949,15,0,0
"5116",256,"V16",0.8893,16,1,0
"5117",256,"V17",0.8621,17,0,0
"5118",256,"V18",0.8621,18,1,1
"5119",256,"V19",0.7596,19,1,0
"5120",256,"V20",0.843,20,1,1
"5121",257,"V1",0.9108,1,1,0
"5122",257,"V2",0.9586,2,1,1
"5123",257,"V3",0.8661,3,1,0
"5124",257,"V4",0.8901,4,1,0
"5125",257,"V5",0.828,5,1,1
"5126",257,"V6",0.9564,6,1,0
"5127",257,"V7",0.8035,7,1,1
"5128",257,"V8",0.8184,8,1,0
"5129",257,"V9",0.7526,9,1,1
"5130",257,"V10",0.7864,10,1,1
"5131",257,"V11",0.9181,11,1,1
"5132",257,"V12",0.9594,12,1,0
"5133",257,"V13",0.6652,13,1,0
"5134",257,"V14",0.9395,14,1,0
"5135",257,"V15",0.8949,15,1,1
"5136",257,"V16",0.8893,16,1,0
"5137",257,"V17",0.8621,17,1,0
"5138",257,"V18",0.8621,18,1,0
"5139",257,"V19",0.7596,19,1,0
"5140",257,"V20",0.843,20,1,0
"5141",258,"V1",0.9108,1,1,0
"5142",258,"V2",0.9586,2,1,0
"5143",258,"V3",0.8661,3,1,0
"5144",258,"V4",0.8901,4,1,0
"5145",258,"V5",0.828,5,1,1
"5146",258,"V6",0.9564,6,1,1
"5147",258,"V7",0.8035,7,1,0
"5148",258,"V8",0.8184,8,1,0
"5149",258,"V9",0.7526,9,1,0
"5150",258,"V10",0.7864,10,1,0
"5151",258,"V11",0.9181,11,1,0
"5152",258,"V12",0.9594,12,0,0
"5153",258,"V13",0.6652,13,1,0
"5154",258,"V14",0.9395,14,1,0
"5155",258,"V15",0.8949,15,1,0
"5156",258,"V16",0.8893,16,0,0
"5157",258,"V17",0.8621,17,1,0
"5158",258,"V18",0.8621,18,1,1
"5159",258,"V19",0.7596,19,1,0
"5160",258,"V20",0.843,20,1,0
"5161",259,"V1",0.9108,1,1,0
"5162",259,"V2",0.9586,2,1,1
"5163",259,"V3",0.8661,3,1,0
"5164",259,"V4",0.8901,4,1,0
"5165",259,"V5",0.828,5,0,1
"5166",259,"V6",0.9564,6,1,0
"5167",259,"V7",0.0251,7,0,1
"5168",259,"V8",0.8184,8,1,0
"5169",259,"V9",0.7526,9,0,1
"5170",259,"V10",0.7864,10,0,1
"5171",259,"V11",0.9181,11,1,0
"5172",259,"V12",0.9594,12,1,0
"5173",259,"V13",0.6652,13,0,0
"5174",259,"V14",0.9395,14,1,1
"5175",259,"V15",0.0313,15,0,0
"5176",259,"V16",0.8893,16,0,0
"5177",259,"V17",0.8621,17,1,0
"5178",259,"V18",0.8621,18,1,1
"5179",259,"V19",0.0224,19,0,0
"5180",259,"V20",0.843,20,1,1
"5181",260,"V1",0.9108,1,1,0
"5182",260,"V2",0.9586,2,0,1
"5183",260,"V3",0.8661,3,0,0
"5184",260,"V4",0.8901,4,0,0
"5185",260,"V5",0.828,5,1,0
"5186",260,"V6",0.9564,6,1,0
"5187",260,"V7",0.8035,7,1,0
"5188",260,"V8",0.8184,8,1,1
"5189",260,"V9",0.7526,9,1,1
"5190",260,"V10",0.7864,10,1,0
"5191",260,"V11",0.9181,11,1,0
"5192",260,"V12",0.9594,12,1,0
"5193",260,"V13",0.6652,13,0,1
"5194",260,"V14",0.9395,14,1,0
"5195",260,"V15",0.8949,15,1,1
"5196",260,"V16",0.8893,16,1,0
"5197",260,"V17",0.8621,17,1,0
"5198",260,"V18",0.8621,18,1,1
"5199",260,"V19",0.7596,19,0,0
"5200",260,"V20",0.843,20,1,0
"5201",261,"V1",0.0298,1,0,0
"5202",261,"V2",0.0163,2,0,0
"5203",261,"V3",1e-04,3,0,0
"5204",261,"V4",0.2236,4,0,1
"5205",261,"V5",0.3006,5,0,0
"5206",261,"V6",0.9564,6,1,0
"5207",261,"V7",0.0251,7,0,0
"5208",261,"V8",0.8184,8,0,0
"5209",261,"V9",0.7526,9,1,0
"5210",261,"V10",0.029,10,0,0
"5211",261,"V11",0.0656,11,0,1
"5212",261,"V12",0.1274,12,0,0
"5213",261,"V13",0.013,13,0,1
"5214",261,"V14",0.9395,14,1,0
"5215",261,"V15",0.0313,15,0,0
"5216",261,"V16",0.8893,16,0,0
"5217",261,"V17",0.0383,17,0,0
"5218",261,"V18",0.1194,18,0,0
"5219",261,"V19",0.0224,19,0,0
"5220",261,"V20",0.0125,20,0,0
"5221",262,"V1",0.0298,1,0,0
"5222",262,"V2",0.9586,2,0,0
"5223",262,"V3",0.8661,3,0,1
"5224",262,"V4",0.8901,4,1,1
"5225",262,"V5",0.828,5,1,0
"5226",262,"V6",0.9564,6,1,0
"5227",262,"V7",0.8035,7,1,0
"5228",262,"V8",0.8184,8,1,0
"5229",262,"V9",0.7526,9,1,0
"5230",262,"V10",0.7864,10,1,0
"5231",262,"V11",0.9181,11,1,0
"5232",262,"V12",0.9594,12,1,0
"5233",262,"V13",0.6652,13,1,0
"5234",262,"V14",0.9395,14,1,0
"5235",262,"V15",0.8949,15,1,0
"5236",262,"V16",0.8893,16,1,0
"5237",262,"V17",0.8621,17,1,0
"5238",262,"V18",0.1194,18,0,0
"5239",262,"V19",0.7596,19,1,0
"5240",262,"V20",0.843,20,1,0
"5241",263,"V1",0.0298,1,0,0
"5242",263,"V2",0.0163,2,0,0
"5243",263,"V3",1e-04,3,0,0
"5244",263,"V4",0.2236,4,0,0
"5245",263,"V5",0.3006,5,0,0
"5246",263,"V6",0.9564,6,1,0
"5247",263,"V7",0.0251,7,0,0
"5248",263,"V8",0.8184,8,0,0
"5249",263,"V9",0.7526,9,1,0
"5250",263,"V10",0.029,10,0,0
"5251",263,"V11",0.0656,11,0,0
"5252",263,"V12",0.9594,12,1,0
"5253",263,"V13",0.013,13,0,0
"5254",263,"V14",0.9395,14,1,0
"5255",263,"V15",0.0313,15,0,0
"5256",263,"V16",0.8893,16,1,0
"5257",263,"V17",0.0383,17,0,0
"5258",263,"V18",0.1194,18,1,1
"5259",263,"V19",0.0224,19,0,0
"5260",263,"V20",0.0125,20,0,0
"5261",264,"V1",0.0298,1,0,0
"5262",264,"V2",0.0163,2,0,0
"5263",264,"V3",1e-04,3,0,0
"5264",264,"V4",0.2236,4,0,0
"5265",264,"V5",0.3006,5,0,1
"5266",264,"V6",0.9564,6,1,0
"5267",264,"V7",0.0251,7,0,0
"5268",264,"V8",0.8184,8,0,1
"5269",264,"V9",0.2883,9,0,0
"5270",264,"V10",0.029,10,0,0
"5271",264,"V11",0.0656,11,0,0
"5272",264,"V12",0.9594,12,1,0
"5273",264,"V13",0.013,13,0,0
"5274",264,"V14",0.0615,14,0,0
"5275",264,"V15",0.0313,15,0,0
"5276",264,"V16",0.1086,16,0,0
"5277",264,"V17",0.0383,17,0,0
"5278",264,"V18",0.1194,18,0,0
"5279",264,"V19",0.0224,19,0,0
"5280",264,"V20",0.0125,20,0,0
"5281",265,"V1",0.0298,1,0,0
"5282",265,"V2",0.0163,2,0,0
"5283",265,"V3",1e-04,3,0,0
"5284",265,"V4",0.2236,4,0,1
"5285",265,"V5",0.3006,5,0,0
"5286",265,"V6",0.0951,6,0,0
"5287",265,"V7",0.0251,7,0,0
"5288",265,"V8",0.4438,8,1,0
"5289",265,"V9",0.2883,9,1,0
"5290",265,"V10",0.029,10,0,0
"5291",265,"V11",0.0656,11,0,0
"5292",265,"V12",0.1274,12,0,0
"5293",265,"V13",0.013,13,0,1
"5294",265,"V14",0.0615,14,0,0
"5295",265,"V15",0.0313,15,0,0
"5296",265,"V16",0.1086,16,1,0
"5297",265,"V17",0.0383,17,1,0
"5298",265,"V18",0.1194,18,0,1
"5299",265,"V19",0.0224,19,0,0
"5300",265,"V20",0.0125,20,0,1
"5301",266,"V1",0.9108,1,1,0
"5302",266,"V2",0.9586,2,1,0
"5303",266,"V3",0.8661,3,1,0
"5304",266,"V4",0.8901,4,1,0
"5305",266,"V5",0.828,5,1,0
"5306",266,"V6",0.9564,6,1,0
"5307",266,"V7",0.8035,7,1,0
"5308",266,"V8",0.8184,8,1,1
"5309",266,"V9",0.7526,9,1,0
"5310",266,"V10",0.7864,10,1,0
"5311",266,"V11",0.9181,11,1,0
"5312",266,"V12",0.9594,12,1,0
"5313",266,"V13",0.6652,13,0,0
"5314",266,"V14",0.9395,14,1,0
"5315",266,"V15",0.8949,15,1,1
"5316",266,"V16",0.8893,16,1,0
"5317",266,"V17",0.8621,17,1,0
"5318",266,"V18",0.8621,18,1,0
"5319",266,"V19",0.7596,19,0,0
"5320",266,"V20",0.843,20,1,0
"5321",267,"V1",0.9108,1,1,0
"5322",267,"V2",0.9586,2,1,0
"5323",267,"V3",0.8661,3,1,0
"5324",267,"V4",0.8901,4,1,0
"5325",267,"V5",0.828,5,1,0
"5326",267,"V6",0.9564,6,1,0
"5327",267,"V7",0.8035,7,1,0
"5328",267,"V8",0.8184,8,1,0
"5329",267,"V9",0.7526,9,1,0
"5330",267,"V10",0.7864,10,1,0
"5331",267,"V11",0.9181,11,1,1
"5332",267,"V12",0.9594,12,1,0
"5333",267,"V13",0.6652,13,0,1
"5334",267,"V14",0.9395,14,1,0
"5335",267,"V15",0.8949,15,1,0
"5336",267,"V16",0.8893,16,1,0
"5337",267,"V17",0.8621,17,1,0
"5338",267,"V18",0.8621,18,1,0
"5339",267,"V19",0.7596,19,1,1
"5340",267,"V20",0.843,20,1,0
"5341",268,"V1",0.9108,1,1,1
"5342",268,"V2",0.9586,2,1,1
"5343",268,"V3",0.8661,3,1,0
"5344",268,"V4",0.2236,4,1,0
"5345",268,"V5",0.3006,5,0,1
"5346",268,"V6",0.9564,6,1,1
"5347",268,"V7",0.0251,7,0,0
"5348",268,"V8",0.8184,8,1,0
"5349",268,"V9",0.2883,9,1,0
"5350",268,"V10",0.029,10,0,0
"5351",268,"V11",0.0656,11,0,0
"5352",268,"V12",0.1274,12,0,0
"5353",268,"V13",0.013,13,0,0
"5354",268,"V14",0.0615,14,0,0
"5355",268,"V15",0.0313,15,0,0
"5356",268,"V16",0.1086,16,1,0
"5357",268,"V17",0.0383,17,1,0
"5358",268,"V18",0.1194,18,0,0
"5359",268,"V19",0.0224,19,0,0
"5360",268,"V20",0.0125,20,0,0
"5361",269,"V1",0.9108,1,1,0
"5362",269,"V2",0.9586,2,1,0
"5363",269,"V3",0.8661,3,1,0
"5364",269,"V4",0.2236,4,0,0
"5365",269,"V5",0.828,5,0,0
"5366",269,"V6",0.9564,6,1,1
"5367",269,"V7",0.0251,7,0,0
"5368",269,"V8",0.8184,8,1,0
"5369",269,"V9",0.7526,9,1,0
"5370",269,"V10",0.7864,10,0,1
"5371",269,"V11",0.9181,11,1,1
"5372",269,"V12",0.9594,12,1,0
"5373",269,"V13",0.6652,13,1,0
"5374",269,"V14",0.9395,14,1,0
"5375",269,"V15",0.0313,15,0,0
"5376",269,"V16",0.8893,16,1,0
"5377",269,"V17",0.8621,17,0,0
"5378",269,"V18",0.8621,18,1,0
"5379",269,"V19",0.0224,19,1,1
"5380",269,"V20",0.0125,20,0,0
"5381",270,"V1",0.9108,1,1,1
"5382",270,"V2",0.9586,2,1,0
"5383",270,"V3",0.8661,3,1,0
"5384",270,"V4",0.8901,4,1,0
"5385",270,"V5",0.828,5,1,0
"5386",270,"V6",0.9564,6,1,0
"5387",270,"V7",0.8035,7,1,1
"5388",270,"V8",0.8184,8,1,1
"5389",270,"V9",0.7526,9,1,0
"5390",270,"V10",0.7864,10,0,1
"5391",270,"V11",0.9181,11,1,1
"5392",270,"V12",0.9594,12,0,0
"5393",270,"V13",0.6652,13,0,0
"5394",270,"V14",0.9395,14,1,0
"5395",270,"V15",0.8949,15,1,0
"5396",270,"V16",0.8893,16,1,1
"5397",270,"V17",0.8621,17,1,0
"5398",270,"V18",0.8621,18,1,0
"5399",270,"V19",0.7596,19,1,0
"5400",270,"V20",0.843,20,1,0
"5401",271,"V1",0.0298,1,0,0
"5402",271,"V2",0.0163,2,0,0
"5403",271,"V3",1e-04,3,0,0
"5404",271,"V4",0.2236,4,0,0
"5405",271,"V5",0.3006,5,1,0
"5406",271,"V6",0.9564,6,1,1
"5407",271,"V7",0.0251,7,0,0
"5408",271,"V8",0.8184,8,1,0
"5409",271,"V9",0.7526,9,1,0
"5410",271,"V10",0.029,10,0,0
"5411",271,"V11",0.0656,11,0,1
"5412",271,"V12",0.1274,12,0,0
"5413",271,"V13",0.013,13,0,0
"5414",271,"V14",0.9395,14,1,0
"5415",271,"V15",0.0313,15,0,0
"5416",271,"V16",0.8893,16,1,0
"5417",271,"V17",0.0383,17,0,0
"5418",271,"V18",0.1194,18,0,0
"5419",271,"V19",0.0224,19,0,0
"5420",271,"V20",0.0125,20,0,0
"5421",272,"V1",0.9108,1,1,0
"5422",272,"V2",0.9586,2,1,0
"5423",272,"V3",0.8661,3,0,1
"5424",272,"V4",0.8901,4,1,0
"5425",272,"V5",0.828,5,0,0
"5426",272,"V6",0.9564,6,0,1
"5427",272,"V7",0.8035,7,0,0
"5428",272,"V8",0.8184,8,1,0
"5429",272,"V9",0.7526,9,1,0
"5430",272,"V10",0.7864,10,1,1
"5431",272,"V11",0.9181,11,1,0
"5432",272,"V12",0.9594,12,1,0
"5433",272,"V13",0.6652,13,1,0
"5434",272,"V14",0.9395,14,1,0
"5435",272,"V15",0.8949,15,0,1
"5436",272,"V16",0.8893,16,1,0
"5437",272,"V17",0.8621,17,0,0
"5438",272,"V18",0.8621,18,1,0
"5439",272,"V19",0.7596,19,0,1
"5440",272,"V20",0.843,20,1,0
"5441",273,"V1",0.9108,1,1,0
"5442",273,"V2",0.9586,2,1,0
"5443",273,"V3",0.8661,3,1,0
"5444",273,"V4",0.8901,4,1,0
"5445",273,"V5",0.828,5,1,0
"5446",273,"V6",0.9564,6,1,0
"5447",273,"V7",0.8035,7,1,0
"5448",273,"V8",0.8184,8,1,0
"5449",273,"V9",0.7526,9,1,0
"5450",273,"V10",0.7864,10,1,0
"5451",273,"V11",0.9181,11,1,0
"5452",273,"V12",0.9594,12,1,0
"5453",273,"V13",0.6652,13,1,0
"5454",273,"V14",0.9395,14,1,0
"5455",273,"V15",0.8949,15,1,0
"5456",273,"V16",0.8893,16,1,0
"5457",273,"V17",0.8621,17,1,1
"5458",273,"V18",0.8621,18,1,0
"5459",273,"V19",0.7596,19,1,0
"5460",273,"V20",0.843,20,0,0
"5461",274,"V1",0.0298,1,1,0
"5462",274,"V2",0.0163,2,1,1
"5463",274,"V3",1e-04,3,0,0
"5464",274,"V4",0.2236,4,1,1
"5465",274,"V5",0.3006,5,1,0
"5466",274,"V6",0.0951,6,1,1
"5467",274,"V7",0.0251,7,0,0
"5468",274,"V8",0.4438,8,1,1
"5469",274,"V9",0.2883,9,0,0
"5470",274,"V10",0.029,10,1,0
"5471",274,"V11",0.0656,11,0,0
"5472",274,"V12",0.1274,12,0,0
"5473",274,"V13",0.013,13,0,0
"5474",274,"V14",0.0615,14,0,0
"5475",274,"V15",0.0313,15,0,1
"5476",274,"V16",0.1086,16,0,0
"5477",274,"V17",0.0383,17,0,1
"5478",274,"V18",0.1194,18,0,0
"5479",274,"V19",0.0224,19,0,0
"5480",274,"V20",0.0125,20,0,0
"5481",275,"V1",0.9108,1,1,0
"5482",275,"V2",0.9586,2,1,0
"5483",275,"V3",0.8661,3,1,0
"5484",275,"V4",0.8901,4,1,0
"5485",275,"V5",0.828,5,1,1
"5486",275,"V6",0.9564,6,1,0
"5487",275,"V7",0.8035,7,1,0
"5488",275,"V8",0.8184,8,1,0
"5489",275,"V9",0.7526,9,1,0
"5490",275,"V10",0.7864,10,1,0
"5491",275,"V11",0.9181,11,1,0
"5492",275,"V12",0.9594,12,1,1
"5493",275,"V13",0.6652,13,1,1
"5494",275,"V14",0.9395,14,1,0
"5495",275,"V15",0.8949,15,1,0
"5496",275,"V16",0.8893,16,1,1
"5497",275,"V17",0.8621,17,1,1
"5498",275,"V18",0.8621,18,1,0
"5499",275,"V19",0.7596,19,1,0
"5500",275,"V20",0.843,20,1,1
"5501",276,"V1",0.9108,1,1,0
"5502",276,"V2",0.9586,2,1,0
"5503",276,"V3",0.8661,3,0,0
"5504",276,"V4",0.2236,4,0,0
"5505",276,"V5",0.828,5,1,0
"5506",276,"V6",0.9564,6,1,0
"5507",276,"V7",0.8035,7,1,0
"5508",276,"V8",0.8184,8,0,0
"5509",276,"V9",0.7526,9,0,0
"5510",276,"V10",0.029,10,0,0
"5511",276,"V11",0.0656,11,0,1
"5512",276,"V12",0.9594,12,1,0
"5513",276,"V13",0.013,13,0,1
"5514",276,"V14",0.9395,14,1,0
"5515",276,"V15",0.8949,15,1,0
"5516",276,"V16",0.8893,16,1,0
"5517",276,"V17",0.0383,17,0,0
"5518",276,"V18",0.1194,18,0,0
"5519",276,"V19",0.0224,19,0,0
"5520",276,"V20",0.0125,20,0,0
"5521",277,"V1",0.9108,1,1,0
"5522",277,"V2",0.9586,2,1,1
"5523",277,"V3",0.8661,3,1,0
"5524",277,"V4",0.8901,4,1,0
"5525",277,"V5",0.828,5,1,0
"5526",277,"V6",0.9564,6,1,0
"5527",277,"V7",0.8035,7,0,1
"5528",277,"V8",0.8184,8,1,1
"5529",277,"V9",0.7526,9,1,0
"5530",277,"V10",0.7864,10,1,0
"5531",277,"V11",0.9181,11,1,1
"5532",277,"V12",0.9594,12,1,0
"5533",277,"V13",0.6652,13,1,0
"5534",277,"V14",0.9395,14,1,0
"5535",277,"V15",0.8949,15,1,1
"5536",277,"V16",0.8893,16,1,0
"5537",277,"V17",0.8621,17,1,0
"5538",277,"V18",0.8621,18,1,0
"5539",277,"V19",0.7596,19,0,0
"5540",277,"V20",0.843,20,0,0
"5541",278,"V1",0.9108,1,1,0
"5542",278,"V2",0.9586,2,1,0
"5543",278,"V3",0.8661,3,1,0
"5544",278,"V4",0.8901,4,1,0
"5545",278,"V5",0.828,5,1,1
"5546",278,"V6",0.9564,6,1,0
"5547",278,"V7",0.8035,7,1,0
"5548",278,"V8",0.8184,8,1,0
"5549",278,"V9",0.7526,9,1,0
"5550",278,"V10",0.7864,10,1,0
"5551",278,"V11",0.9181,11,1,0
"5552",278,"V12",0.9594,12,1,0
"5553",278,"V13",0.6652,13,1,0
"5554",278,"V14",0.9395,14,1,1
"5555",278,"V15",0.8949,15,1,1
"5556",278,"V16",0.8893,16,1,0
"5557",278,"V17",0.8621,17,1,0
"5558",278,"V18",0.8621,18,1,0
"5559",278,"V19",0.7596,19,1,0
"5560",278,"V20",0.843,20,1,1
"5561",279,"V1",0.9108,1,1,0
"5562",279,"V2",0.9586,2,1,0
"5563",279,"V3",0.8661,3,1,0
"5564",279,"V4",0.8901,4,1,0
"5565",279,"V5",0.828,5,1,0
"5566",279,"V6",0.9564,6,1,0
"5567",279,"V7",0.8035,7,1,0
"5568",279,"V8",0.8184,8,1,0
"5569",279,"V9",0.7526,9,1,0
"5570",279,"V10",0.7864,10,1,0
"5571",279,"V11",0.9181,11,1,0
"5572",279,"V12",0.9594,12,1,0
"5573",279,"V13",0.6652,13,0,0
"5574",279,"V14",0.9395,14,1,1
"5575",279,"V15",0.8949,15,1,0
"5576",279,"V16",0.8893,16,1,1
"5577",279,"V17",0.8621,17,1,0
"5578",279,"V18",0.8621,18,1,0
"5579",279,"V19",0.7596,19,1,0
"5580",279,"V20",0.843,20,1,0
"5581",280,"V1",0.9108,1,1,1
"5582",280,"V2",0.9586,2,1,0
"5583",280,"V3",0.8661,3,1,0
"5584",280,"V4",0.8901,4,1,1
"5585",280,"V5",0.828,5,1,0
"5586",280,"V6",0.9564,6,1,0
"5587",280,"V7",0.8035,7,1,0
"5588",280,"V8",0.8184,8,1,0
"5589",280,"V9",0.7526,9,1,0
"5590",280,"V10",0.7864,10,1,1
"5591",280,"V11",0.9181,11,1,0
"5592",280,"V12",0.9594,12,1,1
"5593",280,"V13",0.6652,13,1,0
"5594",280,"V14",0.9395,14,1,0
"5595",280,"V15",0.8949,15,1,0
"5596",280,"V16",0.8893,16,1,0
"5597",280,"V17",0.8621,17,1,1
"5598",280,"V18",0.8621,18,1,0
"5599",280,"V19",0.7596,19,1,0
"5600",280,"V20",0.843,20,1,0
"5601",281,"V1",0.9108,1,1,1
"5602",281,"V2",0.9586,2,1,1
"5603",281,"V3",0.8661,3,1,0
"5604",281,"V4",0.8901,4,1,0
"5605",281,"V5",0.828,5,1,0
"5606",281,"V6",0.9564,6,1,0
"5607",281,"V7",0.8035,7,1,0
"5608",281,"V8",0.8184,8,1,0
"5609",281,"V9",0.7526,9,1,1
"5610",281,"V10",0.7864,10,1,0
"5611",281,"V11",0.9181,11,1,1
"5612",281,"V12",0.9594,12,1,0
"5613",281,"V13",0.6652,13,1,0
"5614",281,"V14",0.9395,14,1,1
"5615",281,"V15",0.8949,15,1,0
"5616",281,"V16",0.8893,16,1,0
"5617",281,"V17",0.8621,17,1,0
"5618",281,"V18",0.8621,18,1,0
"5619",281,"V19",0.7596,19,0,0
"5620",281,"V20",0.843,20,1,0
"5621",282,"V1",0.9108,1,1,0
"5622",282,"V2",0.9586,2,1,0
"5623",282,"V3",0.8661,3,1,0
"5624",282,"V4",0.8901,4,1,0
"5625",282,"V5",0.828,5,1,0
"5626",282,"V6",0.9564,6,1,0
"5627",282,"V7",0.8035,7,1,0
"5628",282,"V8",0.8184,8,1,0
"5629",282,"V9",0.7526,9,1,0
"5630",282,"V10",0.7864,10,1,0
"5631",282,"V11",0.9181,11,1,0
"5632",282,"V12",0.9594,12,1,1
"5633",282,"V13",0.6652,13,1,0
"5634",282,"V14",0.9395,14,1,0
"5635",282,"V15",0.8949,15,1,0
"5636",282,"V16",0.8893,16,1,1
"5637",282,"V17",0.8621,17,1,0
"5638",282,"V18",0.8621,18,1,0
"5639",282,"V19",0.7596,19,1,0
"5640",282,"V20",0.843,20,1,0
"5641",283,"V1",0.0298,1,0,1
"5642",283,"V2",0.0163,2,0,0
"5643",283,"V3",1e-04,3,0,0
"5644",283,"V4",0.8901,4,1,0
"5645",283,"V5",0.3006,5,0,0
"5646",283,"V6",0.9564,6,1,1
"5647",283,"V7",0.8035,7,1,0
"5648",283,"V8",0.8184,8,1,0
"5649",283,"V9",0.7526,9,1,0
"5650",283,"V10",0.7864,10,1,0
"5651",283,"V11",0.9181,11,1,0
"5652",283,"V12",0.9594,12,1,0
"5653",283,"V13",0.013,13,0,0
"5654",283,"V14",0.9395,14,1,0
"5655",283,"V15",0.8949,15,1,0
"5656",283,"V16",0.8893,16,1,0
"5657",283,"V17",0.8621,17,0,0
"5658",283,"V18",0.8621,18,1,0
"5659",283,"V19",0.7596,19,1,0
"5660",283,"V20",0.843,20,1,0
"5661",284,"V1",0.9108,1,1,0
"5662",284,"V2",0.9586,2,1,0
"5663",284,"V3",0.8661,3,1,0
"5664",284,"V4",0.8901,4,1,1
"5665",284,"V5",0.828,5,1,0
"5666",284,"V6",0.9564,6,1,0
"5667",284,"V7",0.8035,7,1,1
"5668",284,"V8",0.8184,8,1,0
"5669",284,"V9",0.7526,9,1,0
"5670",284,"V10",0.7864,10,1,0
"5671",284,"V11",0.9181,11,1,0
"5672",284,"V12",0.9594,12,1,0
"5673",284,"V13",0.6652,13,1,0
"5674",284,"V14",0.9395,14,1,0
"5675",284,"V15",0.8949,15,1,0
"5676",284,"V16",0.8893,16,1,0
"5677",284,"V17",0.8621,17,1,0
"5678",284,"V18",0.8621,18,0,0
"5679",284,"V19",0.7596,19,1,0
"5680",284,"V20",0.843,20,1,0
"5681",285,"V1",0.9108,1,0,1
"5682",285,"V2",0.9586,2,1,0
"5683",285,"V3",0.8661,3,1,0
"5684",285,"V4",0.8901,4,0,1
"5685",285,"V5",0.828,5,0,0
"5686",285,"V6",0.9564,6,0,0
"5687",285,"V7",0.8035,7,1,1
"5688",285,"V8",0.8184,8,1,0
"5689",285,"V9",0.7526,9,1,1
"5690",285,"V10",0.7864,10,1,0
"5691",285,"V11",0.9181,11,1,0
"5692",285,"V12",0.9594,12,0,0
"5693",285,"V13",0.6652,13,1,0
"5694",285,"V14",0.9395,14,1,1
"5695",285,"V15",0.8949,15,1,0
"5696",285,"V16",0.8893,16,0,0
"5697",285,"V17",0.8621,17,1,0
"5698",285,"V18",0.8621,18,0,0
"5699",285,"V19",0.7596,19,1,0
"5700",285,"V20",0.843,20,1,0
"5701",286,"V1",0.9108,1,1,0
"5702",286,"V2",0.9586,2,0,0
"5703",286,"V3",0.8661,3,1,0
"5704",286,"V4",0.2236,4,1,0
"5705",286,"V5",0.3006,5,0,1
"5706",286,"V6",0.9564,6,0,1
"5707",286,"V7",0.0251,7,0,0
"5708",286,"V8",0.8184,8,1,0
"5709",286,"V9",0.2883,9,0,0
"5710",286,"V10",0.029,10,0,1
"5711",286,"V11",0.0656,11,0,0
"5712",286,"V12",0.1274,12,0,0
"5713",286,"V13",0.013,13,0,0
"5714",286,"V14",0.0615,14,0,0
"5715",286,"V15",0.0313,15,0,1
"5716",286,"V16",0.1086,16,0,1
"5717",286,"V17",0.0383,17,0,0
"5718",286,"V18",0.1194,18,0,0
"5719",286,"V19",0.0224,19,0,0
"5720",286,"V20",0.0125,20,0,0
"5721",287,"V1",0.9108,1,0,0
"5722",287,"V2",0.9586,2,1,0
"5723",287,"V3",0.8661,3,1,0
"5724",287,"V4",0.8901,4,1,0
"5725",287,"V5",0.828,5,1,0
"5726",287,"V6",0.9564,6,1,0
"5727",287,"V7",0.8035,7,1,0
"5728",287,"V8",0.8184,8,0,0
"5729",287,"V9",0.7526,9,0,0
"5730",287,"V10",0.7864,10,1,0
"5731",287,"V11",0.9181,11,1,0
"5732",287,"V12",0.9594,12,1,0
"5733",287,"V13",0.6652,13,0,1
"5734",287,"V14",0.9395,14,1,0
"5735",287,"V15",0.8949,15,1,0
"5736",287,"V16",0.8893,16,1,0
"5737",287,"V17",0.8621,17,1,0
"5738",287,"V18",0.8621,18,1,0
"5739",287,"V19",0.7596,19,1,0
"5740",287,"V20",0.843,20,0,0
"5741",288,"V1",0.9108,1,1,0
"5742",288,"V2",0.9586,2,1,0
"5743",288,"V3",0.8661,3,0,0
"5744",288,"V4",0.8901,4,1,1
"5745",288,"V5",0.828,5,1,1
"5746",288,"V6",0.9564,6,1,0
"5747",288,"V7",0.8035,7,1,1
"5748",288,"V8",0.8184,8,1,0
"5749",288,"V9",0.7526,9,1,0
"5750",288,"V10",0.7864,10,1,1
"5751",288,"V11",0.9181,11,1,1
"5752",288,"V12",0.9594,12,1,0
"5753",288,"V13",0.6652,13,1,0
"5754",288,"V14",0.9395,14,1,0
"5755",288,"V15",0.8949,15,1,1
"5756",288,"V16",0.8893,16,1,0
"5757",288,"V17",0.8621,17,1,0
"5758",288,"V18",0.8621,18,1,0
"5759",288,"V19",0.7596,19,0,0
"5760",288,"V20",0.843,20,1,0
"5761",289,"V1",0.9108,1,1,0
"5762",289,"V2",0.9586,2,1,0
"5763",289,"V3",0.8661,3,0,0
"5764",289,"V4",0.8901,4,1,0
"5765",289,"V5",0.828,5,1,0
"5766",289,"V6",0.9564,6,1,1
"5767",289,"V7",0.0251,7,0,0
"5768",289,"V8",0.8184,8,1,0
"5769",289,"V9",0.7526,9,0,0
"5770",289,"V10",0.7864,10,0,0
"5771",289,"V11",0.9181,11,1,1
"5772",289,"V12",0.9594,12,1,0
"5773",289,"V13",0.6652,13,1,0
"5774",289,"V14",0.9395,14,1,0
"5775",289,"V15",0.0313,15,0,0
"5776",289,"V16",0.8893,16,1,0
"5777",289,"V17",0.8621,17,1,1
"5778",289,"V18",0.8621,18,1,1
"5779",289,"V19",0.0224,19,0,0
"5780",289,"V20",0.843,20,1,0
"5781",290,"V1",0.9108,1,1,0
"5782",290,"V2",0.9586,2,1,0
"5783",290,"V3",0.8661,3,1,0
"5784",290,"V4",0.8901,4,1,0
"5785",290,"V5",0.828,5,0,0
"5786",290,"V6",0.9564,6,1,0
"5787",290,"V7",0.8035,7,0,0
"5788",290,"V8",0.8184,8,1,1
"5789",290,"V9",0.7526,9,1,0
"5790",290,"V10",0.7864,10,1,0
"5791",290,"V11",0.9181,11,1,0
"5792",290,"V12",0.9594,12,1,0
"5793",290,"V13",0.6652,13,1,0
"5794",290,"V14",0.9395,14,1,0
"5795",290,"V15",0.8949,15,1,0
"5796",290,"V16",0.8893,16,1,1
"5797",290,"V17",0.8621,17,1,0
"5798",290,"V18",0.8621,18,1,1
"5799",290,"V19",0.7596,19,1,0
"5800",290,"V20",0.843,20,1,1
"5801",291,"V1",0.0298,1,0,1
"5802",291,"V2",0.0163,2,0,0
"5803",291,"V3",1e-04,3,0,0
"5804",291,"V4",0.2236,4,0,0
"5805",291,"V5",0.3006,5,0,0
"5806",291,"V6",0.0951,6,0,0
"5807",291,"V7",0.0251,7,0,0
"5808",291,"V8",0.4438,8,0,1
"5809",291,"V9",0.2883,9,0,0
"5810",291,"V10",0.029,10,0,1
"5811",291,"V11",0.0656,11,0,0
"5812",291,"V12",0.1274,12,0,1
"5813",291,"V13",0.013,13,0,0
"5814",291,"V14",0.0615,14,0,0
"5815",291,"V15",0.0313,15,0,1
"5816",291,"V16",0.1086,16,0,1
"5817",291,"V17",0.0383,17,0,0
"5818",291,"V18",0.1194,18,0,0
"5819",291,"V19",0.0224,19,0,0
"5820",291,"V20",0.0125,20,0,0
"5821",292,"V1",0.9108,1,1,1
"5822",292,"V2",0.9586,2,1,0
"5823",292,"V3",0.8661,3,1,0
"5824",292,"V4",0.2236,4,0,0
"5825",292,"V5",0.3006,5,1,1
"5826",292,"V6",0.9564,6,1,0
"5827",292,"V7",0.0251,7,0,0
"5828",292,"V8",0.8184,8,0,1
"5829",292,"V9",0.7526,9,0,0
"5830",292,"V10",0.029,10,0,0
"5831",292,"V11",0.0656,11,0,0
"5832",292,"V12",0.1274,12,0,0
"5833",292,"V13",0.013,13,0,1
"5834",292,"V14",0.9395,14,1,0
"5835",292,"V15",0.0313,15,0,1
"5836",292,"V16",0.8893,16,1,0
"5837",292,"V17",0.0383,17,0,0
"5838",292,"V18",0.1194,18,0,1
"5839",292,"V19",0.0224,19,0,0
"5840",292,"V20",0.0125,20,0,0
"5841",293,"V1",0.0298,1,0,0
"5842",293,"V2",0.0163,2,0,1
"5843",293,"V3",1e-04,3,0,0
"5844",293,"V4",0.8901,4,1,0
"5845",293,"V5",0.3006,5,1,0
"5846",293,"V6",0.9564,6,1,0
"5847",293,"V7",0.8035,7,1,0
"5848",293,"V8",0.8184,8,0,0
"5849",293,"V9",0.7526,9,0,0
"5850",293,"V10",0.7864,10,0,0
"5851",293,"V11",0.9181,11,0,1
"5852",293,"V12",0.9594,12,1,0
"5853",293,"V13",0.013,13,0,0
"5854",293,"V14",0.9395,14,1,1
"5855",293,"V15",0.8949,15,1,1
"5856",293,"V16",0.8893,16,1,0
"5857",293,"V17",0.8621,17,1,0
"5858",293,"V18",0.8621,18,0,0
"5859",293,"V19",0.7596,19,0,0
"5860",293,"V20",0.843,20,0,1
"5861",294,"V1",0.0298,1,0,0
"5862",294,"V2",0.0163,2,0,1
"5863",294,"V3",1e-04,3,0,0
"5864",294,"V4",0.2236,4,0,1
"5865",294,"V5",0.3006,5,0,0
"5866",294,"V6",0.9564,6,1,1
"5867",294,"V7",0.0251,7,0,0
"5868",294,"V8",0.8184,8,0,1
"5869",294,"V9",0.7526,9,1,0
"5870",294,"V10",0.029,10,0,1
"5871",294,"V11",0.0656,11,0,0
"5872",294,"V12",0.9594,12,1,0
"5873",294,"V13",0.013,13,0,0
"5874",294,"V14",0.9395,14,1,0
"5875",294,"V15",0.0313,15,0,0
"5876",294,"V16",0.8893,16,1,0
"5877",294,"V17",0.0383,17,0,0
"5878",294,"V18",0.1194,18,0,0
"5879",294,"V19",0.0224,19,0,0
"5880",294,"V20",0.0125,20,0,0
"5881",295,"V1",0.9108,1,1,0
"5882",295,"V2",0.9586,2,1,0
"5883",295,"V3",0.8661,3,1,1
"5884",295,"V4",0.8901,4,1,1
"5885",295,"V5",0.828,5,1,1
"5886",295,"V6",0.9564,6,1,0
"5887",295,"V7",0.8035,7,0,0
"5888",295,"V8",0.8184,8,1,1
"5889",295,"V9",0.7526,9,1,0
"5890",295,"V10",0.7864,10,1,0
"5891",295,"V11",0.9181,11,1,0
"5892",295,"V12",0.9594,12,1,1
"5893",295,"V13",0.6652,13,1,0
"5894",295,"V14",0.9395,14,1,1
"5895",295,"V15",0.8949,15,1,0
"5896",295,"V16",0.8893,16,1,0
"5897",295,"V17",0.8621,17,1,0
"5898",295,"V18",0.8621,18,1,0
"5899",295,"V19",0.7596,19,1,0
"5900",295,"V20",0.843,20,1,0
"5901",296,"V1",0.0298,1,0,0
"5902",296,"V2",0.0163,2,0,0
"5903",296,"V3",1e-04,3,0,0
"5904",296,"V4",0.2236,4,1,0
"5905",296,"V5",0.3006,5,0,0
"5906",296,"V6",0.0951,6,1,0
"5907",296,"V7",0.0251,7,0,1
"5908",296,"V8",0.4438,8,1,0
"5909",296,"V9",0.2883,9,0,0
"5910",296,"V10",0.029,10,0,0
"5911",296,"V11",0.0656,11,0,0
"5912",296,"V12",0.1274,12,0,0
"5913",296,"V13",0.013,13,0,0
"5914",296,"V14",0.0615,14,0,1
"5915",296,"V15",0.0313,15,0,0
"5916",296,"V16",0.1086,16,0,0
"5917",296,"V17",0.0383,17,0,0
"5918",296,"V18",0.1194,18,0,1
"5919",296,"V19",0.0224,19,0,0
"5920",296,"V20",0.0125,20,0,1
"5921",297,"V1",0.0298,1,0,0
"5922",297,"V2",0.0163,2,0,0
"5923",297,"V3",1e-04,3,0,0
"5924",297,"V4",0.2236,4,0,0
"5925",297,"V5",0.3006,5,0,0
"5926",297,"V6",0.0951,6,0,1
"5927",297,"V7",0.0251,7,0,0
"5928",297,"V8",0.4438,8,1,0
"5929",297,"V9",0.2883,9,0,0
"5930",297,"V10",0.029,10,1,1
"5931",297,"V11",0.0656,11,0,0
"5932",297,"V12",0.1274,12,0,1
"5933",297,"V13",0.013,13,0,0
"5934",297,"V14",0.0615,14,0,0
"5935",297,"V15",0.0313,15,0,0
"5936",297,"V16",0.1086,16,0,0
"5937",297,"V17",0.0383,17,0,0
"5938",297,"V18",0.1194,18,0,0
"5939",297,"V19",0.0224,19,0,0
"5940",297,"V20",0.0125,20,0,0
"5941",298,"V1",0.0298,1,0,0
"5942",298,"V2",0.0163,2,0,0
"5943",298,"V3",1e-04,3,0,0
"5944",298,"V4",0.8901,4,0,0
"5945",298,"V5",0.3006,5,0,1
"5946",298,"V6",0.9564,6,1,0
"5947",298,"V7",0.8035,7,1,0
"5948",298,"V8",0.8184,8,1,1
"5949",298,"V9",0.7526,9,1,0
"5950",298,"V10",0.029,10,0,1
"5951",298,"V11",0.9181,11,1,0
"5952",298,"V12",0.1274,12,0,0
"5953",298,"V13",0.013,13,0,0
"5954",298,"V14",0.9395,14,1,0
"5955",298,"V15",0.8949,15,1,0
"5956",298,"V16",0.8893,16,1,1
"5957",298,"V17",0.8621,17,1,0
"5958",298,"V18",0.8621,18,1,0
"5959",298,"V19",0.7596,19,1,1
"5960",298,"V20",0.843,20,1,0
"5961",299,"V1",0.0298,1,0,0
"5962",299,"V2",0.9586,2,1,0
"5963",299,"V3",0.8661,3,0,0
"5964",299,"V4",0.2236,4,1,0
"5965",299,"V5",0.3006,5,0,0
"5966",299,"V6",0.9564,6,1,0
"5967",299,"V7",0.0251,7,0,0
"5968",299,"V8",0.8184,8,0,1
"5969",299,"V9",0.2883,9,0,0
"5970",299,"V10",0.029,10,0,0
"5971",299,"V11",0.0656,11,0,1
"5972",299,"V12",0.1274,12,0,0
"5973",299,"V13",0.013,13,0,1
"5974",299,"V14",0.0615,14,0,0
"5975",299,"V15",0.0313,15,0,0
"5976",299,"V16",0.1086,16,0,1
"5977",299,"V17",0.0383,17,0,0
"5978",299,"V18",0.1194,18,0,0
"5979",299,"V19",0.0224,19,0,0
"5980",299,"V20",0.0125,20,0,0
"5981",300,"V1",0.9108,1,1,0
"5982",300,"V2",0.9586,2,1,0
"5983",300,"V3",0.8661,3,1,0
"5984",300,"V4",0.8901,4,1,0
"5985",300,"V5",0.828,5,1,0
"5986",300,"V6",0.9564,6,1,0
"5987",300,"V7",0.8035,7,1,0
"5988",300,"V8",0.8184,8,1,0
"5989",300,"V9",0.7526,9,1,0
"5990",300,"V10",0.7864,10,1,1
"5991",300,"V11",0.9181,11,1,1
"5992",300,"V12",0.9594,12,0,0
"5993",300,"V13",0.6652,13,0,0
"5994",300,"V14",0.9395,14,1,0
"5995",300,"V15",0.8949,15,1,1
"5996",300,"V16",0.8893,16,1,0
"5997",300,"V17",0.8621,17,1,0
"5998",300,"V18",0.8621,18,1,0
"5999",300,"V19",0.7596,19,1,0
"6000",300,"V20",0.843,20,1,0
"6001",301,"V1",0.9108,1,1,0
"6002",301,"V2",0.9586,2,1,0
"6003",301,"V3",0.8661,3,1,0
"6004",301,"V4",0.8901,4,1,0
"6005",301,"V5",0.828,5,1,0
"6006",301,"V6",0.9564,6,1,1
"6007",301,"V7",0.8035,7,1,1
"6008",301,"V8",0.8184,8,1,0
"6009",301,"V9",0.7526,9,1,1
"6010",301,"V10",0.7864,10,1,0
"6011",301,"V11",0.9181,11,1,0
"6012",301,"V12",0.9594,12,1,0
"6013",301,"V13",0.6652,13,0,0
"6014",301,"V14",0.9395,14,1,0
"6015",301,"V15",0.8949,15,1,0
"6016",301,"V16",0.8893,16,1,0
"6017",301,"V17",0.8621,17,1,1
"6018",301,"V18",0.8621,18,1,0
"6019",301,"V19",0.7596,19,1,1
"6020",301,"V20",0.843,20,1,0
"6021",302,"V1",0.9108,1,1,0
"6022",302,"V2",0.9586,2,1,0
"6023",302,"V3",0.8661,3,1,0
"6024",302,"V4",0.8901,4,1,1
"6025",302,"V5",0.828,5,1,0
"6026",302,"V6",0.9564,6,1,0
"6027",302,"V7",0.8035,7,1,0
"6028",302,"V8",0.8184,8,1,0
"6029",302,"V9",0.7526,9,1,0
"6030",302,"V10",0.7864,10,1,1
"6031",302,"V11",0.9181,11,1,0
"6032",302,"V12",0.9594,12,1,1
"6033",302,"V13",0.6652,13,1,1
"6034",302,"V14",0.9395,14,1,0
"6035",302,"V15",0.8949,15,0,0
"6036",302,"V16",0.8893,16,1,1
"6037",302,"V17",0.8621,17,1,0
"6038",302,"V18",0.8621,18,1,0
"6039",302,"V19",0.7596,19,1,0
"6040",302,"V20",0.843,20,1,0
"6041",303,"V1",0.9108,1,1,1
"6042",303,"V2",0.9586,2,1,0
"6043",303,"V3",0.8661,3,1,0
"6044",303,"V4",0.8901,4,1,0
"6045",303,"V5",0.828,5,0,0
"6046",303,"V6",0.9564,6,1,0
"6047",303,"V7",0.0251,7,1,1
"6048",303,"V8",0.8184,8,1,0
"6049",303,"V9",0.7526,9,1,0
"6050",303,"V10",0.7864,10,0,1
"6051",303,"V11",0.9181,11,1,0
"6052",303,"V12",0.9594,12,1,1
"6053",303,"V13",0.6652,13,1,0
"6054",303,"V14",0.9395,14,1,0
"6055",303,"V15",0.0313,15,0,0
"6056",303,"V16",0.8893,16,1,0
"6057",303,"V17",0.8621,17,0,1
"6058",303,"V18",0.8621,18,1,0
"6059",303,"V19",0.0224,19,0,0
"6060",303,"V20",0.843,20,0,0
"6061",304,"V1",0.9108,1,1,0
"6062",304,"V2",0.9586,2,1,0
"6063",304,"V3",0.8661,3,1,0
"6064",304,"V4",0.2236,4,0,0
"6065",304,"V5",0.828,5,1,1
"6066",304,"V6",0.9564,6,1,0
"6067",304,"V7",0.8035,7,1,0
"6068",304,"V8",0.8184,8,1,0
"6069",304,"V9",0.7526,9,0,0
"6070",304,"V10",0.029,10,0,1
"6071",304,"V11",0.0656,11,0,0
"6072",304,"V12",0.9594,12,0,1
"6073",304,"V13",0.013,13,0,0
"6074",304,"V14",0.9395,14,0,1
"6075",304,"V15",0.8949,15,0,1
"6076",304,"V16",0.8893,16,0,1
"6077",304,"V17",0.0383,17,0,0
"6078",304,"V18",0.1194,18,0,0
"6079",304,"V19",0.0224,19,0,0
"6080",304,"V20",0.0125,20,0,0
"6081",305,"V1",0.9108,1,1,0
"6082",305,"V2",0.9586,2,1,0
"6083",305,"V3",0.8661,3,1,0
"6084",305,"V4",0.8901,4,1,1
"6085",305,"V5",0.828,5,1,0
"6086",305,"V6",0.9564,6,1,0
"6087",305,"V7",0.8035,7,1,1
"6088",305,"V8",0.8184,8,1,0
"6089",305,"V9",0.7526,9,0,0
"6090",305,"V10",0.7864,10,1,0
"6091",305,"V11",0.9181,11,1,0
"6092",305,"V12",0.9594,12,1,0
"6093",305,"V13",0.6652,13,1,1
"6094",305,"V14",0.9395,14,1,0
"6095",305,"V15",0.8949,15,1,0
"6096",305,"V16",0.8893,16,1,0
"6097",305,"V17",0.8621,17,1,0
"6098",305,"V18",0.8621,18,0,0
"6099",305,"V19",0.7596,19,1,0
"6100",305,"V20",0.843,20,1,0
"6101",306,"V1",0.9108,1,1,0
"6102",306,"V2",0.9586,2,1,0
"6103",306,"V3",0.8661,3,1,1
"6104",306,"V4",0.8901,4,0,0
"6105",306,"V5",0.828,5,1,1
"6106",306,"V6",0.9564,6,1,0
"6107",306,"V7",0.8035,7,0,0
"6108",306,"V8",0.8184,8,0,0
"6109",306,"V9",0.7526,9,1,1
"6110",306,"V10",0.7864,10,1,0
"6111",306,"V11",0.9181,11,0,0
"6112",306,"V12",0.9594,12,1,0
"6113",306,"V13",0.6652,13,1,0
"6114",306,"V14",0.9395,14,1,1
"6115",306,"V15",0.8949,15,1,0
"6116",306,"V16",0.8893,16,1,0
"6117",306,"V17",0.8621,17,1,0
"6118",306,"V18",0.8621,18,0,1
"6119",306,"V19",0.7596,19,0,0
"6120",306,"V20",0.843,20,1,0
"6121",307,"V1",0.9108,1,1,0
"6122",307,"V2",0.9586,2,1,0
"6123",307,"V3",0.8661,3,0,1
"6124",307,"V4",0.2236,4,0,0
"6125",307,"V5",0.3006,5,1,0
"6126",307,"V6",0.9564,6,1,0
"6127",307,"V7",0.0251,7,0,0
"6128",307,"V8",0.8184,8,0,0
"6129",307,"V9",0.2883,9,0,0
"6130",307,"V10",0.029,10,0,1
"6131",307,"V11",0.0656,11,0,0
"6132",307,"V12",0.9594,12,1,0
"6133",307,"V13",0.013,13,0,0
"6134",307,"V14",0.0615,14,1,1
"6135",307,"V15",0.0313,15,0,0
"6136",307,"V16",0.1086,16,0,0
"6137",307,"V17",0.0383,17,0,0
"6138",307,"V18",0.1194,18,0,0
"6139",307,"V19",0.0224,19,0,0
"6140",307,"V20",0.0125,20,0,1
"6141",308,"V1",0.0298,1,1,0
"6142",308,"V2",0.0163,2,0,0
"6143",308,"V3",1e-04,3,0,0
"6144",308,"V4",0.2236,4,0,1
"6145",308,"V5",0.3006,5,0,0
"6146",308,"V6",0.9564,6,1,0
"6147",308,"V7",0.0251,7,0,1
"6148",308,"V8",0.8184,8,1,0
"6149",308,"V9",0.7526,9,1,0
"6150",308,"V10",0.029,10,0,0
"6151",308,"V11",0.0656,11,0,0
"6152",308,"V12",0.9594,12,1,0
"6153",308,"V13",0.013,13,0,0
"6154",308,"V14",0.9395,14,1,0
"6155",308,"V15",0.0313,15,0,1
"6156",308,"V16",0.8893,16,0,1
"6157",308,"V17",0.0383,17,0,0
"6158",308,"V18",0.1194,18,1,0
"6159",308,"V19",0.0224,19,0,0
"6160",308,"V20",0.0125,20,0,0
"6161",309,"V1",0.0298,1,0,0
"6162",309,"V2",0.0163,2,0,0
"6163",309,"V3",1e-04,3,0,0
"6164",309,"V4",0.2236,4,0,0
"6165",309,"V5",0.3006,5,1,1
"6166",309,"V6",0.0951,6,0,0
"6167",309,"V7",0.0251,7,0,0
"6168",309,"V8",0.4438,8,1,0
"6169",309,"V9",0.2883,9,1,0
"6170",309,"V10",0.029,10,0,0
"6171",309,"V11",0.0656,11,0,0
"6172",309,"V12",0.1274,12,0,0
"6173",309,"V13",0.013,13,0,0
"6174",309,"V14",0.0615,14,0,0
"6175",309,"V15",0.0313,15,0,0
"6176",309,"V16",0.1086,16,0,1
"6177",309,"V17",0.0383,17,0,0
"6178",309,"V18",0.1194,18,0,1
"6179",309,"V19",0.0224,19,0,1
"6180",309,"V20",0.0125,20,0,1
"6181",310,"V1",0.0298,1,0,0
"6182",310,"V2",0.0163,2,0,0
"6183",310,"V3",1e-04,3,0,0
"6184",310,"V4",0.2236,4,0,1
"6185",310,"V5",0.3006,5,0,0
"6186",310,"V6",0.9564,6,1,1
"6187",310,"V7",0.0251,7,0,0
"6188",310,"V8",0.8184,8,1,1
"6189",310,"V9",0.7526,9,1,0
"6190",310,"V10",0.029,10,0,0
"6191",310,"V11",0.0656,11,0,1
"6192",310,"V12",0.9594,12,1,0
"6193",310,"V13",0.013,13,0,0
"6194",310,"V14",0.9395,14,1,0
"6195",310,"V15",0.0313,15,0,0
"6196",310,"V16",0.8893,16,0,0
"6197",310,"V17",0.0383,17,0,0
"6198",310,"V18",0.1194,18,1,0
"6199",310,"V19",0.0224,19,0,0
"6200",310,"V20",0.0125,20,0,0
"6201",311,"V1",0.9108,1,1,0
"6202",311,"V2",0.9586,2,1,0
"6203",311,"V3",0.8661,3,1,0
"6204",311,"V4",0.2236,4,0,0
"6205",311,"V5",0.828,5,1,0
"6206",311,"V6",0.9564,6,1,0
"6207",311,"V7",0.8035,7,1,0
"6208",311,"V8",0.8184,8,1,0
"6209",311,"V9",0.7526,9,1,0
"6210",311,"V10",0.029,10,0,1
"6211",311,"V11",0.0656,11,0,0
"6212",311,"V12",0.9594,12,1,0
"6213",311,"V13",0.013,13,0,0
"6214",311,"V14",0.9395,14,1,0
"6215",311,"V15",0.8949,15,1,0
"6216",311,"V16",0.8893,16,1,0
"6217",311,"V17",0.0383,17,0,0
"6218",311,"V18",0.1194,18,0,0
"6219",311,"V19",0.0224,19,0,0
"6220",311,"V20",0.0125,20,0,0
"6221",312,"V1",0.0298,1,0,1
"6222",312,"V2",0.0163,2,0,0
"6223",312,"V3",1e-04,3,0,0
"6224",312,"V4",0.2236,4,0,0
"6225",312,"V5",0.3006,5,1,1
"6226",312,"V6",0.0951,6,0,1
"6227",312,"V7",0.0251,7,0,0
"6228",312,"V8",0.4438,8,0,0
"6229",312,"V9",0.2883,9,1,0
"6230",312,"V10",0.029,10,0,1
"6231",312,"V11",0.0656,11,0,0
"6232",312,"V12",0.1274,12,0,1
"6233",312,"V13",0.013,13,0,0
"6234",312,"V14",0.0615,14,0,0
"6235",312,"V15",0.0313,15,0,0
"6236",312,"V16",0.1086,16,0,0
"6237",312,"V17",0.0383,17,0,1
"6238",312,"V18",0.1194,18,0,0
"6239",312,"V19",0.0224,19,0,0
"6240",312,"V20",0.0125,20,0,1
"6241",313,"V1",0.9108,1,1,0
"6242",313,"V2",0.9586,2,1,0
"6243",313,"V3",0.8661,3,1,0
"6244",313,"V4",0.8901,4,1,0
"6245",313,"V5",0.828,5,0,0
"6246",313,"V6",0.9564,6,1,1
"6247",313,"V7",0.8035,7,0,0
"6248",313,"V8",0.8184,8,1,0
"6249",313,"V9",0.7526,9,1,0
"6250",313,"V10",0.7864,10,0,0
"6251",313,"V11",0.9181,11,1,1
"6252",313,"V12",0.9594,12,1,0
"6253",313,"V13",0.6652,13,1,0
"6254",313,"V14",0.9395,14,1,0
"6255",313,"V15",0.8949,15,1,0
"6256",313,"V16",0.8893,16,1,0
"6257",313,"V17",0.8621,17,1,0
"6258",313,"V18",0.8621,18,1,0
"6259",313,"V19",0.7596,19,0,0
"6260",313,"V20",0.843,20,0,0
"6261",314,"V1",0.0298,1,0,0
"6262",314,"V2",0.9586,2,1,0
"6263",314,"V3",0.8661,3,0,0
"6264",314,"V4",0.2236,4,0,0
"6265",314,"V5",0.828,5,1,0
"6266",314,"V6",0.9564,6,0,0
"6267",314,"V7",0.0251,7,0,0
"6268",314,"V8",0.8184,8,1,0
"6269",314,"V9",0.7526,9,1,0
"6270",314,"V10",0.029,10,0,0
"6271",314,"V11",0.0656,11,0,0
"6272",314,"V12",0.9594,12,1,0
"6273",314,"V13",0.013,13,0,0
"6274",314,"V14",0.9395,14,1,0
"6275",314,"V15",0.0313,15,0,0
"6276",314,"V16",0.8893,16,1,1
"6277",314,"V17",0.0383,17,0,0
"6278",314,"V18",0.1194,18,0,0
"6279",314,"V19",0.0224,19,0,1
"6280",314,"V20",0.0125,20,0,0
"6281",315,"V1",0.9108,1,1,0
"6282",315,"V2",0.9586,2,1,0
"6283",315,"V3",0.8661,3,1,0
"6284",315,"V4",0.8901,4,1,1
"6285",315,"V5",0.828,5,0,1
"6286",315,"V6",0.9564,6,1,0
"6287",315,"V7",0.8035,7,1,0
"6288",315,"V8",0.8184,8,1,0
"6289",315,"V9",0.7526,9,1,0
"6290",315,"V10",0.7864,10,1,0
"6291",315,"V11",0.9181,11,0,1
"6292",315,"V12",0.9594,12,1,0
"6293",315,"V13",0.6652,13,0,0
"6294",315,"V14",0.9395,14,1,0
"6295",315,"V15",0.8949,15,1,0
"6296",315,"V16",0.8893,16,1,0
"6297",315,"V17",0.8621,17,1,0
"6298",315,"V18",0.8621,18,1,0
"6299",315,"V19",0.7596,19,1,1
"6300",315,"V20",0.843,20,1,1
"6301",316,"V1",0.9108,1,1,0
"6302",316,"V2",0.9586,2,1,1
"6303",316,"V3",0.8661,3,1,0
"6304",316,"V4",0.2236,4,0,0
"6305",316,"V5",0.828,5,0,1
"6306",316,"V6",0.9564,6,1,0
"6307",316,"V7",0.0251,7,0,0
"6308",316,"V8",0.8184,8,1,1
"6309",316,"V9",0.7526,9,1,0
"6310",316,"V10",0.029,10,0,0
"6311",316,"V11",0.0656,11,0,0
"6312",316,"V12",0.9594,12,1,0
"6313",316,"V13",0.013,13,0,0
"6314",316,"V14",0.9395,14,1,0
"6315",316,"V15",0.0313,15,0,1
"6316",316,"V16",0.8893,16,0,0
"6317",316,"V17",0.0383,17,0,1
"6318",316,"V18",0.1194,18,0,0
"6319",316,"V19",0.0224,19,0,0
"6320",316,"V20",0.0125,20,0,0
"6321",317,"V1",0.0298,1,0,0
"6322",317,"V2",0.0163,2,0,0
"6323",317,"V3",1e-04,3,0,0
"6324",317,"V4",0.2236,4,0,0
"6325",317,"V5",0.3006,5,0,0
"6326",317,"V6",0.9564,6,1,0
"6327",317,"V7",0.0251,7,0,0
"6328",317,"V8",0.8184,8,1,1
"6329",317,"V9",0.7526,9,1,0
"6330",317,"V10",0.029,10,0,1
"6331",317,"V11",0.0656,11,0,1
"6332",317,"V12",0.9594,12,1,0
"6333",317,"V13",0.013,13,0,1
"6334",317,"V14",0.9395,14,1,0
"6335",317,"V15",0.0313,15,0,0
"6336",317,"V16",0.8893,16,1,0
"6337",317,"V17",0.0383,17,1,0
"6338",317,"V18",0.1194,18,0,1
"6339",317,"V19",0.0224,19,0,0
"6340",317,"V20",0.0125,20,0,0
"6341",318,"V1",0.9108,1,1,0
"6342",318,"V2",0.9586,2,1,0
"6343",318,"V3",0.8661,3,1,1
"6344",318,"V4",0.2236,4,1,1
"6345",318,"V5",0.828,5,1,0
"6346",318,"V6",0.9564,6,1,0
"6347",318,"V7",0.8035,7,1,0
"6348",318,"V8",0.8184,8,1,0
"6349",318,"V9",0.7526,9,0,0
"6350",318,"V10",0.029,10,0,0
"6351",318,"V11",0.0656,11,0,0
"6352",318,"V12",0.9594,12,1,0
"6353",318,"V13",0.013,13,0,0
"6354",318,"V14",0.9395,14,1,0
"6355",318,"V15",0.8949,15,1,0
"6356",318,"V16",0.8893,16,1,0
"6357",318,"V17",0.0383,17,1,1
"6358",318,"V18",0.1194,18,1,1
"6359",318,"V19",0.0224,19,1,0
"6360",318,"V20",0.0125,20,0,1
"6361",319,"V1",0.9108,1,1,0
"6362",319,"V2",0.9586,2,1,0
"6363",319,"V3",0.8661,3,1,0
"6364",319,"V4",0.8901,4,1,0
"6365",319,"V5",0.828,5,1,0
"6366",319,"V6",0.9564,6,1,0
"6367",319,"V7",0.8035,7,1,1
"6368",319,"V8",0.8184,8,1,0
"6369",319,"V9",0.7526,9,1,0
"6370",319,"V10",0.7864,10,0,1
"6371",319,"V11",0.9181,11,1,1
"6372",319,"V12",0.9594,12,1,0
"6373",319,"V13",0.6652,13,0,1
"6374",319,"V14",0.9395,14,1,0
"6375",319,"V15",0.8949,15,1,0
"6376",319,"V16",0.8893,16,0,0
"6377",319,"V17",0.8621,17,1,0
"6378",319,"V18",0.8621,18,1,1
"6379",319,"V19",0.7596,19,1,0
"6380",319,"V20",0.843,20,1,0
"6381",320,"V1",0.0298,1,0,1
"6382",320,"V2",0.0163,2,0,0
"6383",320,"V3",1e-04,3,0,0
"6384",320,"V4",0.2236,4,0,0
"6385",320,"V5",0.3006,5,1,1
"6386",320,"V6",0.9564,6,1,1
"6387",320,"V7",0.0251,7,0,0
"6388",320,"V8",0.8184,8,0,0
"6389",320,"V9",0.7526,9,1,0
"6390",320,"V10",0.029,10,0,0
"6391",320,"V11",0.0656,11,0,0
"6392",320,"V12",0.9594,12,1,1
"6393",320,"V13",0.013,13,0,0
"6394",320,"V14",0.9395,14,1,0
"6395",320,"V15",0.0313,15,0,0
"6396",320,"V16",0.8893,16,1,0
"6397",320,"V17",0.0383,17,0,0
"6398",320,"V18",0.1194,18,0,0
"6399",320,"V19",0.0224,19,0,0
"6400",320,"V20",0.0125,20,0,0
"6401",321,"V1",0.9108,1,1,0
"6402",321,"V2",0.9586,2,1,0
"6403",321,"V3",0.8661,3,1,0
"6404",321,"V4",0.2236,4,0,0
"6405",321,"V5",0.828,5,1,0
"6406",321,"V6",0.9564,6,1,0
"6407",321,"V7",0.0251,7,0,0
"6408",321,"V8",0.8184,8,1,0
"6409",321,"V9",0.7526,9,0,1
"6410",321,"V10",0.029,10,0,1
"6411",321,"V11",0.0656,11,0,0
"6412",321,"V12",0.9594,12,1,0
"6413",321,"V13",0.013,13,0,0
"6414",321,"V14",0.9395,14,0,1
"6415",321,"V15",0.0313,15,0,0
"6416",321,"V16",0.8893,16,1,1
"6417",321,"V17",0.0383,17,0,0
"6418",321,"V18",0.1194,18,0,0
"6419",321,"V19",0.0224,19,0,0
"6420",321,"V20",0.0125,20,0,1
"6421",322,"V1",0.9108,1,1,0
"6422",322,"V2",0.9586,2,1,0
"6423",322,"V3",0.8661,3,1,0
"6424",322,"V4",0.8901,4,1,1
"6425",322,"V5",0.828,5,1,0
"6426",322,"V6",0.9564,6,1,0
"6427",322,"V7",0.8035,7,0,0
"6428",322,"V8",0.8184,8,1,0
"6429",322,"V9",0.7526,9,1,0
"6430",322,"V10",0.7864,10,0,1
"6431",322,"V11",0.9181,11,1,0
"6432",322,"V12",0.9594,12,1,0
"6433",322,"V13",0.6652,13,1,0
"6434",322,"V14",0.9395,14,1,0
"6435",322,"V15",0.8949,15,1,0
"6436",322,"V16",0.8893,16,1,0
"6437",322,"V17",0.8621,17,1,0
"6438",322,"V18",0.8621,18,1,0
"6439",322,"V19",0.7596,19,1,0
"6440",322,"V20",0.843,20,1,0
"6441",323,"V1",0.9108,1,1,0
"6442",323,"V2",0.9586,2,1,0
"6443",323,"V3",0.8661,3,1,0
"6444",323,"V4",0.8901,4,1,0
"6445",323,"V5",0.828,5,1,0
"6446",323,"V6",0.9564,6,1,0
"6447",323,"V7",0.8035,7,1,1
"6448",323,"V8",0.8184,8,1,0
"6449",323,"V9",0.7526,9,1,0
"6450",323,"V10",0.7864,10,1,0
"6451",323,"V11",0.9181,11,1,0
"6452",323,"V12",0.9594,12,1,0
"6453",323,"V13",0.6652,13,0,0
"6454",323,"V14",0.9395,14,1,0
"6455",323,"V15",0.8949,15,1,1
"6456",323,"V16",0.8893,16,1,0
"6457",323,"V17",0.8621,17,1,0
"6458",323,"V18",0.8621,18,1,0
"6459",323,"V19",0.7596,19,1,0
"6460",323,"V20",0.843,20,1,0
"6461",324,"V1",0.9108,1,1,0
"6462",324,"V2",0.9586,2,1,0
"6463",324,"V3",0.8661,3,1,0
"6464",324,"V4",0.8901,4,1,1
"6465",324,"V5",0.828,5,0,0
"6466",324,"V6",0.9564,6,1,0
"6467",324,"V7",0.8035,7,0,0
"6468",324,"V8",0.8184,8,1,0
"6469",324,"V9",0.7526,9,0,1
"6470",324,"V10",0.7864,10,0,0
"6471",324,"V11",0.9181,11,1,1
"6472",324,"V12",0.9594,12,1,0
"6473",324,"V13",0.6652,13,1,1
"6474",324,"V14",0.9395,14,1,1
"6475",324,"V15",0.8949,15,1,0
"6476",324,"V16",0.8893,16,1,0
"6477",324,"V17",0.8621,17,1,0
"6478",324,"V18",0.8621,18,1,1
"6479",324,"V19",0.7596,19,0,1
"6480",324,"V20",0.843,20,1,0
"6481",325,"V1",0.9108,1,1,0
"6482",325,"V2",0.9586,2,1,0
"6483",325,"V3",0.8661,3,1,1
"6484",325,"V4",0.8901,4,1,0
"6485",325,"V5",0.828,5,1,0
"6486",325,"V6",0.9564,6,1,1
"6487",325,"V7",0.8035,7,0,0
"6488",325,"V8",0.8184,8,1,0
"6489",325,"V9",0.7526,9,1,1
"6490",325,"V10",0.7864,10,1,0
"6491",325,"V11",0.9181,11,1,1
"6492",325,"V12",0.9594,12,1,0
"6493",325,"V13",0.6652,13,1,1
"6494",325,"V14",0.9395,14,1,1
"6495",325,"V15",0.8949,15,1,0
"6496",325,"V16",0.8893,16,1,1
"6497",325,"V17",0.8621,17,1,0
"6498",325,"V18",0.8621,18,1,0
"6499",325,"V19",0.7596,19,0,0
"6500",325,"V20",0.843,20,1,0
"6501",326,"V1",0.0298,1,0,1
"6502",326,"V2",0.0163,2,0,0
"6503",326,"V3",1e-04,3,0,1
"6504",326,"V4",0.2236,4,0,1
"6505",326,"V5",0.3006,5,0,0
"6506",326,"V6",0.9564,6,1,0
"6507",326,"V7",0.0251,7,0,0
"6508",326,"V8",0.8184,8,0,0
"6509",326,"V9",0.7526,9,1,0
"6510",326,"V10",0.029,10,0,0
"6511",326,"V11",0.0656,11,0,0
"6512",326,"V12",0.9594,12,1,0
"6513",326,"V13",0.013,13,0,0
"6514",326,"V14",0.9395,14,1,1
"6515",326,"V15",0.0313,15,0,0
"6516",326,"V16",0.8893,16,1,1
"6517",326,"V17",0.0383,17,0,0
"6518",326,"V18",0.1194,18,1,0
"6519",326,"V19",0.0224,19,0,0
"6520",326,"V20",0.0125,20,0,1
"6521",327,"V1",0.0298,1,0,1
"6522",327,"V2",0.0163,2,0,0
"6523",327,"V3",1e-04,3,0,0
"6524",327,"V4",0.2236,4,1,0
"6525",327,"V5",0.3006,5,0,0
"6526",327,"V6",0.0951,6,0,1
"6527",327,"V7",0.0251,7,0,0
"6528",327,"V8",0.4438,8,1,0
"6529",327,"V9",0.2883,9,0,0
"6530",327,"V10",0.029,10,0,0
"6531",327,"V11",0.0656,11,0,0
"6532",327,"V12",0.1274,12,0,0
"6533",327,"V13",0.013,13,0,1
"6534",327,"V14",0.0615,14,0,1
"6535",327,"V15",0.0313,15,0,0
"6536",327,"V16",0.1086,16,0,0
"6537",327,"V17",0.0383,17,0,0
"6538",327,"V18",0.1194,18,0,0
"6539",327,"V19",0.0224,19,0,1
"6540",327,"V20",0.0125,20,0,0
"6541",328,"V1",0.9108,1,1,1
"6542",328,"V2",0.9586,2,1,0
"6543",328,"V3",0.8661,3,1,0
"6544",328,"V4",0.8901,4,1,0
"6545",328,"V5",0.828,5,1,0
"6546",328,"V6",0.9564,6,1,0
"6547",328,"V7",0.8035,7,0,0
"6548",328,"V8",0.8184,8,1,0
"6549",328,"V9",0.7526,9,1,0
"6550",328,"V10",0.7864,10,0,1
"6551",328,"V11",0.9181,11,1,0
"6552",328,"V12",0.9594,12,1,0
"6553",328,"V13",0.6652,13,0,0
"6554",328,"V14",0.9395,14,1,1
"6555",328,"V15",0.8949,15,1,0
"6556",328,"V16",0.8893,16,0,1
"6557",328,"V17",0.8621,17,1,0
"6558",328,"V18",0.8621,18,1,1
"6559",328,"V19",0.7596,19,0,1
"6560",328,"V20",0.843,20,1,0
"6561",329,"V1",0.9108,1,1,0
"6562",329,"V2",0.9586,2,1,0
"6563",329,"V3",0.8661,3,1,1
"6564",329,"V4",0.2236,4,0,0
"6565",329,"V5",0.828,5,1,0
"6566",329,"V6",0.9564,6,1,1
"6567",329,"V7",0.8035,7,0,0
"6568",329,"V8",0.8184,8,0,0
"6569",329,"V9",0.7526,9,0,1
"6570",329,"V10",0.029,10,0,0
"6571",329,"V11",0.0656,11,0,0
"6572",329,"V12",0.9594,12,1,0
"6573",329,"V13",0.013,13,0,0
"6574",329,"V14",0.9395,14,1,0
"6575",329,"V15",0.8949,15,1,0
"6576",329,"V16",0.8893,16,0,0
"6577",329,"V17",0.0383,17,0,0
"6578",329,"V18",0.1194,18,1,0
"6579",329,"V19",0.0224,19,0,1
"6580",329,"V20",0.0125,20,0,1
"6581",330,"V1",0.9108,1,1,0
"6582",330,"V2",0.9586,2,0,1
"6583",330,"V3",0.8661,3,1,0
"6584",330,"V4",0.2236,4,0,0
"6585",330,"V5",0.828,5,1,0
"6586",330,"V6",0.9564,6,1,0
"6587",330,"V7",0.0251,7,0,0
"6588",330,"V8",0.8184,8,1,0
"6589",330,"V9",0.7526,9,1,1
"6590",330,"V10",0.029,10,0,0
"6591",330,"V11",0.0656,11,0,0
"6592",330,"V12",0.9594,12,1,0
"6593",330,"V13",0.013,13,0,0
"6594",330,"V14",0.9395,14,1,1
"6595",330,"V15",0.0313,15,0,0
"6596",330,"V16",0.8893,16,0,1
"6597",330,"V17",0.0383,17,0,0
"6598",330,"V18",0.1194,18,0,0
"6599",330,"V19",0.0224,19,0,0
"6600",330,"V20",0.0125,20,0,0
"6601",331,"V1",0.0298,1,0,0
"6602",331,"V2",0.0163,2,1,1
"6603",331,"V3",1e-04,3,0,0
"6604",331,"V4",0.2236,4,0,0
"6605",331,"V5",0.3006,5,1,1
"6606",331,"V6",0.9564,6,1,0
"6607",331,"V7",0.0251,7,0,0
"6608",331,"V8",0.8184,8,1,1
"6609",331,"V9",0.7526,9,1,0
"6610",331,"V10",0.029,10,0,1
"6611",331,"V11",0.0656,11,0,1
"6612",331,"V12",0.9594,12,1,0
"6613",331,"V13",0.013,13,0,0
"6614",331,"V14",0.9395,14,1,0
"6615",331,"V15",0.0313,15,0,0
"6616",331,"V16",0.8893,16,1,0
"6617",331,"V17",0.0383,17,0,0
"6618",331,"V18",0.1194,18,1,0
"6619",331,"V19",0.0224,19,0,0
"6620",331,"V20",0.0125,20,0,0
"6621",332,"V1",0.9108,1,1,0
"6622",332,"V2",0.9586,2,1,0
"6623",332,"V3",0.8661,3,1,1
"6624",332,"V4",0.2236,4,0,0
"6625",332,"V5",0.3006,5,0,1
"6626",332,"V6",0.9564,6,1,0
"6627",332,"V7",0.0251,7,1,1
"6628",332,"V8",0.8184,8,1,0
"6629",332,"V9",0.2883,9,0,0
"6630",332,"V10",0.029,10,0,0
"6631",332,"V11",0.0656,11,0,0
"6632",332,"V12",0.9594,12,1,1
"6633",332,"V13",0.013,13,0,0
"6634",332,"V14",0.0615,14,1,1
"6635",332,"V15",0.8949,15,1,0
"6636",332,"V16",0.1086,16,0,0
"6637",332,"V17",0.0383,17,0,0
"6638",332,"V18",0.1194,18,1,1
"6639",332,"V19",0.0224,19,0,0
"6640",332,"V20",0.0125,20,0,0
"6641",333,"V1",0.0298,1,0,0
"6642",333,"V2",0.0163,2,0,0
"6643",333,"V3",1e-04,3,0,0
"6644",333,"V4",0.2236,4,0,0
"6645",333,"V5",0.3006,5,0,1
"6646",333,"V6",0.9564,6,1,0
"6647",333,"V7",0.0251,7,0,0
"6648",333,"V8",0.8184,8,1,0
"6649",333,"V9",0.7526,9,1,0
"6650",333,"V10",0.029,10,0,0
"6651",333,"V11",0.0656,11,0,0
"6652",333,"V12",0.9594,12,1,0
"6653",333,"V13",0.013,13,0,0
"6654",333,"V14",0.9395,14,1,0
"6655",333,"V15",0.0313,15,0,0
"6656",333,"V16",0.8893,16,1,0
"6657",333,"V17",0.0383,17,0,1
"6658",333,"V18",0.1194,18,0,0
"6659",333,"V19",0.0224,19,0,0
"6660",333,"V20",0.0125,20,0,1
"6661",334,"V1",0.0298,1,0,0
"6662",334,"V2",0.0163,2,0,0
"6663",334,"V3",1e-04,3,0,1
"6664",334,"V4",0.2236,4,0,0
"6665",334,"V5",0.3006,5,0,1
"6666",334,"V6",0.0951,6,0,0
"6667",334,"V7",0.0251,7,0,0
"6668",334,"V8",0.4438,8,0,0
"6669",334,"V9",0.2883,9,1,0
"6670",334,"V10",0.029,10,0,0
"6671",334,"V11",0.0656,11,0,0
"6672",334,"V12",0.1274,12,0,0
"6673",334,"V13",0.013,13,0,0
"6674",334,"V14",0.0615,14,0,1
"6675",334,"V15",0.0313,15,0,0
"6676",334,"V16",0.1086,16,0,1
"6677",334,"V17",0.0383,17,0,0
"6678",334,"V18",0.1194,18,0,0
"6679",334,"V19",0.0224,19,0,0
"6680",334,"V20",0.0125,20,0,0
"6681",335,"V1",0.9108,1,1,0
"6682",335,"V2",0.9586,2,1,0
"6683",335,"V3",0.8661,3,1,0
"6684",335,"V4",0.8901,4,1,1
"6685",335,"V5",0.828,5,1,0
"6686",335,"V6",0.9564,6,1,1
"6687",335,"V7",0.8035,7,0,0
"6688",335,"V8",0.8184,8,1,0
"6689",335,"V9",0.7526,9,0,0
"6690",335,"V10",0.7864,10,0,0
"6691",335,"V11",0.9181,11,1,0
"6692",335,"V12",0.9594,12,1,0
"6693",335,"V13",0.6652,13,0,0
"6694",335,"V14",0.9395,14,1,0
"6695",335,"V15",0.8949,15,0,0
"6696",335,"V16",0.8893,16,1,0
"6697",335,"V17",0.8621,17,1,0
"6698",335,"V18",0.8621,18,1,1
"6699",335,"V19",0.7596,19,1,0
"6700",335,"V20",0.843,20,1,1
"6701",336,"V1",0.9108,1,1,0
"6702",336,"V2",0.9586,2,1,0
"6703",336,"V3",0.8661,3,1,0
"6704",336,"V4",0.2236,4,0,0
"6705",336,"V5",0.828,5,0,1
"6706",336,"V6",0.9564,6,1,1
"6707",336,"V7",0.0251,7,0,1
"6708",336,"V8",0.8184,8,1,0
"6709",336,"V9",0.7526,9,1,0
"6710",336,"V10",0.029,10,0,0
"6711",336,"V11",0.0656,11,0,0
"6712",336,"V12",0.9594,12,0,1
"6713",336,"V13",0.013,13,0,1
"6714",336,"V14",0.9395,14,1,1
"6715",336,"V15",0.0313,15,0,0
"6716",336,"V16",0.8893,16,1,1
"6717",336,"V17",0.0383,17,1,0
"6718",336,"V18",0.1194,18,1,0
"6719",336,"V19",0.0224,19,0,1
"6720",336,"V20",0.0125,20,0,0
"6721",337,"V1",0.0298,1,0,0
"6722",337,"V2",0.0163,2,0,0
"6723",337,"V3",1e-04,3,0,0
"6724",337,"V4",0.2236,4,0,1
"6725",337,"V5",0.3006,5,1,0
"6726",337,"V6",0.9564,6,1,0
"6727",337,"V7",0.0251,7,0,0
"6728",337,"V8",0.8184,8,1,1
"6729",337,"V9",0.2883,9,1,1
"6730",337,"V10",0.029,10,0,0
"6731",337,"V11",0.0656,11,0,1
"6732",337,"V12",0.1274,12,0,0
"6733",337,"V13",0.013,13,0,0
"6734",337,"V14",0.0615,14,1,1
"6735",337,"V15",0.0313,15,0,0
"6736",337,"V16",0.1086,16,0,1
"6737",337,"V17",0.0383,17,0,0
"6738",337,"V18",0.1194,18,0,0
"6739",337,"V19",0.0224,19,0,1
"6740",337,"V20",0.0125,20,0,0
"6741",338,"V1",0.0298,1,0,0
"6742",338,"V2",0.0163,2,0,0
"6743",338,"V3",1e-04,3,0,0
"6744",338,"V4",0.2236,4,0,1
"6745",338,"V5",0.3006,5,0,1
"6746",338,"V6",0.9564,6,1,1
"6747",338,"V7",0.0251,7,0,0
"6748",338,"V8",0.8184,8,1,0
"6749",338,"V9",0.7526,9,1,0
"6750",338,"V10",0.029,10,0,1
"6751",338,"V11",0.0656,11,0,1
"6752",338,"V12",0.9594,12,1,0
"6753",338,"V13",0.013,13,0,0
"6754",338,"V14",0.9395,14,1,0
"6755",338,"V15",0.0313,15,0,1
"6756",338,"V16",0.8893,16,0,0
"6757",338,"V17",0.0383,17,0,0
"6758",338,"V18",0.1194,18,0,0
"6759",338,"V19",0.0224,19,0,0
"6760",338,"V20",0.0125,20,0,0
"6761",339,"V1",0.9108,1,1,1
"6762",339,"V2",0.9586,2,1,0
"6763",339,"V3",0.8661,3,1,0
"6764",339,"V4",0.8901,4,1,0
"6765",339,"V5",0.828,5,0,0
"6766",339,"V6",0.9564,6,1,0
"6767",339,"V7",0.0251,7,0,0
"6768",339,"V8",0.8184,8,1,0
"6769",339,"V9",0.7526,9,0,0
"6770",339,"V10",0.7864,10,1,0
"6771",339,"V11",0.9181,11,1,0
"6772",339,"V12",0.9594,12,1,0
"6773",339,"V13",0.6652,13,0,0
"6774",339,"V14",0.9395,14,1,1
"6775",339,"V15",0.0313,15,0,0
"6776",339,"V16",0.8893,16,1,0
"6777",339,"V17",0.8621,17,0,0
"6778",339,"V18",0.8621,18,1,0
"6779",339,"V19",0.0224,19,0,0
"6780",339,"V20",0.843,20,0,0
"6781",340,"V1",0.9108,1,1,0
"6782",340,"V2",0.9586,2,1,1
"6783",340,"V3",0.8661,3,1,0
"6784",340,"V4",0.8901,4,1,0
"6785",340,"V5",0.828,5,1,0
"6786",340,"V6",0.9564,6,1,0
"6787",340,"V7",0.8035,7,1,0
"6788",340,"V8",0.8184,8,1,0
"6789",340,"V9",0.7526,9,1,1
"6790",340,"V10",0.7864,10,1,0
"6791",340,"V11",0.9181,11,1,1
"6792",340,"V12",0.9594,12,1,0
"6793",340,"V13",0.6652,13,0,0
"6794",340,"V14",0.9395,14,1,0
"6795",340,"V15",0.8949,15,1,0
"6796",340,"V16",0.8893,16,1,0
"6797",340,"V17",0.8621,17,1,0
"6798",340,"V18",0.8621,18,1,0
"6799",340,"V19",0.7596,19,1,0
"6800",340,"V20",0.843,20,1,0
"6801",341,"V1",0.9108,1,1,1
"6802",341,"V2",0.9586,2,1,1
"6803",341,"V3",0.8661,3,1,1
"6804",341,"V4",0.8901,4,1,1
"6805",341,"V5",0.828,5,1,1
"6806",341,"V6",0.9564,6,1,0
"6807",341,"V7",0.8035,7,1,0
"6808",341,"V8",0.8184,8,1,0
"6809",341,"V9",0.7526,9,1,0
"6810",341,"V10",0.7864,10,1,0
"6811",341,"V11",0.9181,11,1,1
"6812",341,"V12",0.9594,12,1,0
"6813",341,"V13",0.6652,13,0,0
"6814",341,"V14",0.9395,14,1,0
"6815",341,"V15",0.8949,15,1,0
"6816",341,"V16",0.8893,16,1,0
"6817",341,"V17",0.8621,17,1,0
"6818",341,"V18",0.8621,18,1,0
"6819",341,"V19",0.7596,19,1,1
"6820",341,"V20",0.843,20,1,0
"6821",342,"V1",0.0298,1,0,0
"6822",342,"V2",0.0163,2,0,0
"6823",342,"V3",1e-04,3,0,0
"6824",342,"V4",0.2236,4,0,0
"6825",342,"V5",0.3006,5,0,0
"6826",342,"V6",0.0951,6,0,0
"6827",342,"V7",0.0251,7,0,0
"6828",342,"V8",0.4438,8,0,0
"6829",342,"V9",0.2883,9,1,0
"6830",342,"V10",0.029,10,0,0
"6831",342,"V11",0.0656,11,0,0
"6832",342,"V12",0.1274,12,0,0
"6833",342,"V13",0.013,13,0,0
"6834",342,"V14",0.0615,14,0,0
"6835",342,"V15",0.0313,15,0,0
"6836",342,"V16",0.1086,16,0,0
"6837",342,"V17",0.0383,17,0,0
"6838",342,"V18",0.1194,18,0,0
"6839",342,"V19",0.0224,19,0,0
"6840",342,"V20",0.0125,20,0,0
"6841",343,"V1",0.0298,1,0,0
"6842",343,"V2",0.0163,2,0,0
"6843",343,"V3",1e-04,3,0,1
"6844",343,"V4",0.2236,4,0,0
"6845",343,"V5",0.3006,5,1,0
"6846",343,"V6",0.0951,6,0,0
"6847",343,"V7",0.0251,7,0,0
"6848",343,"V8",0.4438,8,1,0
"6849",343,"V9",0.2883,9,1,0
"6850",343,"V10",0.029,10,0,0
"6851",343,"V11",0.0656,11,0,0
"6852",343,"V12",0.1274,12,0,0
"6853",343,"V13",0.013,13,0,0
"6854",343,"V14",0.0615,14,0,1
"6855",343,"V15",0.0313,15,0,0
"6856",343,"V16",0.1086,16,0,0
"6857",343,"V17",0.0383,17,0,0
"6858",343,"V18",0.1194,18,0,0
"6859",343,"V19",0.0224,19,0,1
"6860",343,"V20",0.0125,20,0,0
"6861",344,"V1",0.9108,1,1,0
"6862",344,"V2",0.9586,2,1,0
"6863",344,"V3",0.8661,3,0,1
"6864",344,"V4",0.8901,4,1,0
"6865",344,"V5",0.828,5,1,0
"6866",344,"V6",0.9564,6,1,0
"6867",344,"V7",0.8035,7,1,0
"6868",344,"V8",0.8184,8,1,0
"6869",344,"V9",0.7526,9,0,0
"6870",344,"V10",0.7864,10,1,0
"6871",344,"V11",0.9181,11,1,0
"6872",344,"V12",0.9594,12,1,0
"6873",344,"V13",0.6652,13,0,0
"6874",344,"V14",0.9395,14,1,0
"6875",344,"V15",0.8949,15,1,0
"6876",344,"V16",0.8893,16,1,1
"6877",344,"V17",0.8621,17,1,0
"6878",344,"V18",0.8621,18,1,0
"6879",344,"V19",0.7596,19,1,0
"6880",344,"V20",0.843,20,1,0
"6881",345,"V1",0.0298,1,0,0
"6882",345,"V2",0.0163,2,0,1
"6883",345,"V3",1e-04,3,0,0
"6884",345,"V4",0.2236,4,0,0
"6885",345,"V5",0.3006,5,1,0
"6886",345,"V6",0.0951,6,0,1
"6887",345,"V7",0.0251,7,0,0
"6888",345,"V8",0.4438,8,1,0
"6889",345,"V9",0.2883,9,1,1
"6890",345,"V10",0.029,10,0,0
"6891",345,"V11",0.0656,11,0,0
"6892",345,"V12",0.1274,12,0,0
"6893",345,"V13",0.013,13,0,0
"6894",345,"V14",0.0615,14,0,0
"6895",345,"V15",0.0313,15,0,1
"6896",345,"V16",0.1086,16,0,0
"6897",345,"V17",0.0383,17,0,0
"6898",345,"V18",0.1194,18,0,0
"6899",345,"V19",0.0224,19,0,0
"6900",345,"V20",0.0125,20,0,0
"6901",346,"V1",0.9108,1,1,0
"6902",346,"V2",0.9586,2,1,0
"6903",346,"V3",0.8661,3,1,1
"6904",346,"V4",0.8901,4,1,0
"6905",346,"V5",0.828,5,1,0
"6906",346,"V6",0.9564,6,1,0
"6907",346,"V7",0.8035,7,1,1
"6908",346,"V8",0.8184,8,1,0
"6909",346,"V9",0.7526,9,1,0
"6910",346,"V10",0.7864,10,0,0
"6911",346,"V11",0.9181,11,1,0
"6912",346,"V12",0.9594,12,1,1
"6913",346,"V13",0.6652,13,0,1
"6914",346,"V14",0.9395,14,1,0
"6915",346,"V15",0.8949,15,1,1
"6916",346,"V16",0.8893,16,1,1
"6917",346,"V17",0.8621,17,1,0
"6918",346,"V18",0.8621,18,1,0
"6919",346,"V19",0.7596,19,1,0
"6920",346,"V20",0.843,20,1,0
"6921",347,"V1",0.0298,1,0,0
"6922",347,"V2",0.9586,2,1,1
"6923",347,"V3",0.8661,3,1,0
"6924",347,"V4",0.2236,4,0,0
"6925",347,"V5",0.3006,5,1,0
"6926",347,"V6",0.9564,6,1,0
"6927",347,"V7",0.0251,7,1,0
"6928",347,"V8",0.8184,8,1,1
"6929",347,"V9",0.2883,9,0,0
"6930",347,"V10",0.029,10,0,0
"6931",347,"V11",0.0656,11,1,0
"6932",347,"V12",0.1274,12,0,0
"6933",347,"V13",0.013,13,0,0
"6934",347,"V14",0.0615,14,0,0
"6935",347,"V15",0.0313,15,0,0
"6936",347,"V16",0.1086,16,0,0
"6937",347,"V17",0.0383,17,0,0
"6938",347,"V18",0.1194,18,0,0
"6939",347,"V19",0.0224,19,0,0
"6940",347,"V20",0.0125,20,0,0
"6941",348,"V1",0.9108,1,1,0
"6942",348,"V2",0.9586,2,1,1
"6943",348,"V3",0.8661,3,1,0
"6944",348,"V4",0.2236,4,0,0
"6945",348,"V5",0.828,5,1,0
"6946",348,"V6",0.9564,6,1,0
"6947",348,"V7",0.8035,7,1,0
"6948",348,"V8",0.8184,8,1,0
"6949",348,"V9",0.7526,9,0,1
"6950",348,"V10",0.029,10,0,0
"6951",348,"V11",0.0656,11,0,0
"6952",348,"V12",0.9594,12,0,0
"6953",348,"V13",0.013,13,0,0
"6954",348,"V14",0.9395,14,1,0
"6955",348,"V15",0.8949,15,1,1
"6956",348,"V16",0.8893,16,1,0
"6957",348,"V17",0.0383,17,0,1
"6958",348,"V18",0.1194,18,1,0
"6959",348,"V19",0.0224,19,0,1
"6960",348,"V20",0.0125,20,0,0
"6961",349,"V1",0.0298,1,1,1
"6962",349,"V2",0.0163,2,0,0
"6963",349,"V3",1e-04,3,1,1
"6964",349,"V4",0.2236,4,1,0
"6965",349,"V5",0.3006,5,0,0
"6966",349,"V6",0.9564,6,1,0
"6967",349,"V7",0.0251,7,0,0
"6968",349,"V8",0.8184,8,1,0
"6969",349,"V9",0.7526,9,0,0
"6970",349,"V10",0.029,10,0,0
"6971",349,"V11",0.0656,11,0,1
"6972",349,"V12",0.9594,12,1,0
"6973",349,"V13",0.013,13,0,0
"6974",349,"V14",0.9395,14,1,1
"6975",349,"V15",0.0313,15,0,0
"6976",349,"V16",0.8893,16,1,0
"6977",349,"V17",0.0383,17,0,0
"6978",349,"V18",0.1194,18,0,1
"6979",349,"V19",0.0224,19,0,0
"6980",349,"V20",0.0125,20,0,0
"6981",350,"V1",0.9108,1,1,1
"6982",350,"V2",0.9586,2,1,0
"6983",350,"V3",0.8661,3,1,1
"6984",350,"V4",0.8901,4,1,1
"6985",350,"V5",0.828,5,1,1
"6986",350,"V6",0.9564,6,1,0
"6987",350,"V7",0.8035,7,1,0
"6988",350,"V8",0.8184,8,1,0
"6989",350,"V9",0.7526,9,1,1
"6990",350,"V10",0.7864,10,0,0
"6991",350,"V11",0.9181,11,1,0
"6992",350,"V12",0.9594,12,1,1
"6993",350,"V13",0.6652,13,0,0
"6994",350,"V14",0.9395,14,1,0
"6995",350,"V15",0.8949,15,1,1
"6996",350,"V16",0.8893,16,1,0
"6997",350,"V17",0.8621,17,1,0
"6998",350,"V18",0.8621,18,1,0
"6999",350,"V19",0.7596,19,1,0
"7000",350,"V20",0.843,20,0,1
"7001",351,"V1",0.9108,1,1,0
"7002",351,"V2",0.9586,2,1,0
"7003",351,"V3",0.8661,3,1,0
"7004",351,"V4",0.8901,4,0,0
"7005",351,"V5",0.828,5,1,0
"7006",351,"V6",0.9564,6,1,0
"7007",351,"V7",0.8035,7,1,0
"7008",351,"V8",0.8184,8,1,0
"7009",351,"V9",0.7526,9,1,0
"7010",351,"V10",0.7864,10,1,1
"7011",351,"V11",0.9181,11,1,0
"7012",351,"V12",0.9594,12,1,1
"7013",351,"V13",0.6652,13,1,1
"7014",351,"V14",0.9395,14,1,0
"7015",351,"V15",0.8949,15,1,0
"7016",351,"V16",0.8893,16,1,0
"7017",351,"V17",0.8621,17,1,1
"7018",351,"V18",0.8621,18,1,1
"7019",351,"V19",0.7596,19,1,1
"7020",351,"V20",0.843,20,1,0
"7021",352,"V1",0.0298,1,0,0
"7022",352,"V2",0.0163,2,0,0
"7023",352,"V3",1e-04,3,0,0
"7024",352,"V4",0.2236,4,0,0
"7025",352,"V5",0.3006,5,0,0
"7026",352,"V6",0.9564,6,1,0
"7027",352,"V7",0.0251,7,0,1
"7028",352,"V8",0.8184,8,1,0
"7029",352,"V9",0.7526,9,1,0
"7030",352,"V10",0.029,10,0,0
"7031",352,"V11",0.0656,11,0,0
"7032",352,"V12",0.9594,12,1,1
"7033",352,"V13",0.013,13,0,0
"7034",352,"V14",0.9395,14,1,0
"7035",352,"V15",0.0313,15,0,1
"7036",352,"V16",0.8893,16,1,0
"7037",352,"V17",0.0383,17,0,0
"7038",352,"V18",0.1194,18,0,0
"7039",352,"V19",0.0224,19,0,0
"7040",352,"V20",0.0125,20,0,0
"7041",353,"V1",0.0298,1,0,1
"7042",353,"V2",0.0163,2,0,0
"7043",353,"V3",1e-04,3,0,0
"7044",353,"V4",0.2236,4,0,0
"7045",353,"V5",0.3006,5,1,0
"7046",353,"V6",0.0951,6,0,1
"7047",353,"V7",0.0251,7,0,0
"7048",353,"V8",0.4438,8,1,0
"7049",353,"V9",0.2883,9,1,0
"7050",353,"V10",0.029,10,0,0
"7051",353,"V11",0.0656,11,0,0
"7052",353,"V12",0.1274,12,0,0
"7053",353,"V13",0.013,13,0,0
"7054",353,"V14",0.0615,14,0,0
"7055",353,"V15",0.0313,15,0,1
"7056",353,"V16",0.1086,16,0,1
"7057",353,"V17",0.0383,17,0,0
"7058",353,"V18",0.1194,18,0,1
"7059",353,"V19",0.0224,19,0,0
"7060",353,"V20",0.0125,20,0,0
"7061",354,"V1",0.9108,1,1,0
"7062",354,"V2",0.9586,2,1,1
"7063",354,"V3",0.8661,3,1,0
"7064",354,"V4",0.8901,4,1,0
"7065",354,"V5",0.828,5,1,0
"7066",354,"V6",0.9564,6,1,0
"7067",354,"V7",0.8035,7,1,0
"7068",354,"V8",0.8184,8,1,0
"7069",354,"V9",0.7526,9,1,0
"7070",354,"V10",0.7864,10,1,0
"7071",354,"V11",0.9181,11,1,0
"7072",354,"V12",0.9594,12,1,0
"7073",354,"V13",0.6652,13,0,0
"7074",354,"V14",0.9395,14,1,1
"7075",354,"V15",0.8949,15,1,0
"7076",354,"V16",0.8893,16,1,0
"7077",354,"V17",0.8621,17,1,0
"7078",354,"V18",0.8621,18,1,0
"7079",354,"V19",0.7596,19,1,0
"7080",354,"V20",0.843,20,1,0
"7081",355,"V1",0.9108,1,1,0
"7082",355,"V2",0.9586,2,1,0
"7083",355,"V3",0.8661,3,1,0
"7084",355,"V4",0.2236,4,0,0
"7085",355,"V5",0.828,5,0,1
"7086",355,"V6",0.9564,6,1,0
"7087",355,"V7",0.0251,7,0,0
"7088",355,"V8",0.8184,8,1,1
"7089",355,"V9",0.7526,9,0,0
"7090",355,"V10",0.029,10,0,0
"7091",355,"V11",0.0656,11,0,0
"7092",355,"V12",0.9594,12,1,0
"7093",355,"V13",0.013,13,0,0
"7094",355,"V14",0.9395,14,1,0
"7095",355,"V15",0.0313,15,0,0
"7096",355,"V16",0.8893,16,1,0
"7097",355,"V17",0.0383,17,0,1
"7098",355,"V18",0.1194,18,0,1
"7099",355,"V19",0.0224,19,0,0
"7100",355,"V20",0.0125,20,0,0
"7101",356,"V1",0.9108,1,1,0
"7102",356,"V2",0.9586,2,1,0
"7103",356,"V3",0.8661,3,1,0
"7104",356,"V4",0.8901,4,1,0
"7105",356,"V5",0.828,5,1,0
"7106",356,"V6",0.9564,6,1,0
"7107",356,"V7",0.8035,7,1,0
"7108",356,"V8",0.8184,8,1,0
"7109",356,"V9",0.7526,9,1,0
"7110",356,"V10",0.7864,10,0,0
"7111",356,"V11",0.9181,11,1,0
"7112",356,"V12",0.9594,12,1,0
"7113",356,"V13",0.6652,13,0,0
"7114",356,"V14",0.9395,14,1,0
"7115",356,"V15",0.8949,15,1,0
"7116",356,"V16",0.8893,16,1,1
"7117",356,"V17",0.8621,17,1,1
"7118",356,"V18",0.8621,18,0,0
"7119",356,"V19",0.7596,19,1,1
"7120",356,"V20",0.843,20,1,1
"7121",357,"V1",0.9108,1,1,0
"7122",357,"V2",0.9586,2,1,0
"7123",357,"V3",0.8661,3,0,0
"7124",357,"V4",0.2236,4,0,0
"7125",357,"V5",0.828,5,1,0
"7126",357,"V6",0.9564,6,1,0
"7127",357,"V7",0.8035,7,1,0
"7128",357,"V8",0.8184,8,1,0
"7129",357,"V9",0.7526,9,1,0
"7130",357,"V10",0.029,10,0,1
"7131",357,"V11",0.0656,11,0,1
"7132",357,"V12",0.9594,12,1,1
"7133",357,"V13",0.013,13,0,0
"7134",357,"V14",0.9395,14,1,0
"7135",357,"V15",0.8949,15,0,0
"7136",357,"V16",0.8893,16,0,0
"7137",357,"V17",0.0383,17,0,0
"7138",357,"V18",0.1194,18,1,1
"7139",357,"V19",0.0224,19,0,0
"7140",357,"V20",0.0125,20,0,0
"7141",358,"V1",0.9108,1,1,0
"7142",358,"V2",0.9586,2,1,0
"7143",358,"V3",0.8661,3,1,0
"7144",358,"V4",0.8901,4,1,1
"7145",358,"V5",0.828,5,1,0
"7146",358,"V6",0.9564,6,1,0
"7147",358,"V7",0.8035,7,1,0
"7148",358,"V8",0.8184,8,1,1
"7149",358,"V9",0.7526,9,1,0
"7150",358,"V10",0.7864,10,1,0
"7151",358,"V11",0.9181,11,1,0
"7152",358,"V12",0.9594,12,1,1
"7153",358,"V13",0.6652,13,1,0
"7154",358,"V14",0.9395,14,1,0
"7155",358,"V15",0.8949,15,1,0
"7156",358,"V16",0.8893,16,1,0
"7157",358,"V17",0.8621,17,1,0
"7158",358,"V18",0.8621,18,1,0
"7159",358,"V19",0.7596,19,1,1
"7160",358,"V20",0.843,20,1,0
"7161",359,"V1",0.9108,1,1,0
"7162",359,"V2",0.9586,2,1,1
"7163",359,"V3",0.8661,3,1,0
"7164",359,"V4",0.8901,4,1,1
"7165",359,"V5",0.828,5,1,0
"7166",359,"V6",0.9564,6,1,0
"7167",359,"V7",0.8035,7,1,0
"7168",359,"V8",0.8184,8,1,0
"7169",359,"V9",0.7526,9,1,0
"7170",359,"V10",0.7864,10,0,0
"7171",359,"V11",0.9181,11,1,0
"7172",359,"V12",0.9594,12,1,0
"7173",359,"V13",0.6652,13,1,0
"7174",359,"V14",0.9395,14,1,0
"7175",359,"V15",0.8949,15,1,0
"7176",359,"V16",0.8893,16,1,0
"7177",359,"V17",0.8621,17,1,0
"7178",359,"V18",0.8621,18,0,0
"7179",359,"V19",0.7596,19,1,0
"7180",359,"V20",0.843,20,1,0
"7181",360,"V1",0.9108,1,1,0
"7182",360,"V2",0.9586,2,1,0
"7183",360,"V3",0.8661,3,1,0
"7184",360,"V4",0.2236,4,0,0
"7185",360,"V5",0.828,5,1,0
"7186",360,"V6",0.9564,6,1,0
"7187",360,"V7",0.8035,7,1,0
"7188",360,"V8",0.8184,8,1,1
"7189",360,"V9",0.7526,9,0,0
"7190",360,"V10",0.029,10,0,0
"7191",360,"V11",0.0656,11,0,0
"7192",360,"V12",0.9594,12,1,0
"7193",360,"V13",0.013,13,0,0
"7194",360,"V14",0.9395,14,1,0
"7195",360,"V15",0.8949,15,0,0
"7196",360,"V16",0.8893,16,1,1
"7197",360,"V17",0.0383,17,0,1
"7198",360,"V18",0.1194,18,1,0
"7199",360,"V19",0.0224,19,0,0
"7200",360,"V20",0.0125,20,0,0
"7201",361,"V1",0.0298,1,0,0
"7202",361,"V2",0.9586,2,1,0
"7203",361,"V3",0.8661,3,1,1
"7204",361,"V4",0.8901,4,1,0
"7205",361,"V5",0.828,5,1,0
"7206",361,"V6",0.9564,6,1,0
"7207",361,"V7",0.8035,7,1,1
"7208",361,"V8",0.8184,8,1,0
"7209",361,"V9",0.7526,9,1,0
"7210",361,"V10",0.7864,10,1,0
"7211",361,"V11",0.9181,11,1,0
"7212",361,"V12",0.9594,12,1,0
"7213",361,"V13",0.6652,13,1,0
"7214",361,"V14",0.9395,14,1,0
"7215",361,"V15",0.8949,15,1,0
"7216",361,"V16",0.8893,16,1,0
"7217",361,"V17",0.8621,17,1,0
"7218",361,"V18",0.1194,18,0,0
"7219",361,"V19",0.7596,19,1,0
"7220",361,"V20",0.843,20,0,0
"7221",362,"V1",0.9108,1,1,0
"7222",362,"V2",0.9586,2,1,0
"7223",362,"V3",0.8661,3,1,0
"7224",362,"V4",0.8901,4,1,0
"7225",362,"V5",0.828,5,1,0
"7226",362,"V6",0.9564,6,1,0
"7227",362,"V7",0.8035,7,0,0
"7228",362,"V8",0.8184,8,1,0
"7229",362,"V9",0.7526,9,1,0
"7230",362,"V10",0.7864,10,1,0
"7231",362,"V11",0.9181,11,0,1
"7232",362,"V12",0.9594,12,1,0
"7233",362,"V13",0.6652,13,0,0
"7234",362,"V14",0.9395,14,1,0
"7235",362,"V15",0.8949,15,1,1
"7236",362,"V16",0.8893,16,1,0
"7237",362,"V17",0.8621,17,0,0
"7238",362,"V18",0.8621,18,0,0
"7239",362,"V19",0.7596,19,1,0
"7240",362,"V20",0.843,20,0,1
"7241",363,"V1",0.9108,1,1,0
"7242",363,"V2",0.9586,2,1,0
"7243",363,"V3",0.8661,3,1,0
"7244",363,"V4",0.8901,4,1,1
"7245",363,"V5",0.828,5,1,0
"7246",363,"V6",0.9564,6,1,0
"7247",363,"V7",0.8035,7,1,0
"7248",363,"V8",0.8184,8,1,0
"7249",363,"V9",0.7526,9,1,0
"7250",363,"V10",0.7864,10,0,0
"7251",363,"V11",0.9181,11,1,0
"7252",363,"V12",0.9594,12,1,0
"7253",363,"V13",0.6652,13,1,0
"7254",363,"V14",0.9395,14,1,0
"7255",363,"V15",0.8949,15,1,0
"7256",363,"V16",0.8893,16,1,0
"7257",363,"V17",0.8621,17,1,0
"7258",363,"V18",0.8621,18,1,0
"7259",363,"V19",0.7596,19,0,0
"7260",363,"V20",0.843,20,1,1
"7261",364,"V1",0.0298,1,0,0
"7262",364,"V2",0.0163,2,0,0
"7263",364,"V3",1e-04,3,0,0
"7264",364,"V4",0.2236,4,0,0
"7265",364,"V5",0.3006,5,1,0
"7266",364,"V6",0.9564,6,1,0
"7267",364,"V7",0.0251,7,0,0
"7268",364,"V8",0.8184,8,1,0
"7269",364,"V9",0.7526,9,1,0
"7270",364,"V10",0.029,10,0,1
"7271",364,"V11",0.0656,11,0,0
"7272",364,"V12",0.9594,12,1,0
"7273",364,"V13",0.013,13,0,0
"7274",364,"V14",0.9395,14,0,0
"7275",364,"V15",0.0313,15,0,0
"7276",364,"V16",0.8893,16,1,0
"7277",364,"V17",0.0383,17,0,1
"7278",364,"V18",0.1194,18,0,0
"7279",364,"V19",0.0224,19,0,1
"7280",364,"V20",0.0125,20,0,0
"7281",365,"V1",0.9108,1,1,1
"7282",365,"V2",0.9586,2,1,0
"7283",365,"V3",0.8661,3,0,0
"7284",365,"V4",0.8901,4,1,0
"7285",365,"V5",0.828,5,0,0
"7286",365,"V6",0.9564,6,1,1
"7287",365,"V7",0.8035,7,1,0
"7288",365,"V8",0.8184,8,1,0
"7289",365,"V9",0.7526,9,1,0
"7290",365,"V10",0.7864,10,0,0
"7291",365,"V11",0.9181,11,1,0
"7292",365,"V12",0.9594,12,1,0
"7293",365,"V13",0.6652,13,0,0
"7294",365,"V14",0.9395,14,1,1
"7295",365,"V15",0.8949,15,1,1
"7296",365,"V16",0.8893,16,1,0
"7297",365,"V17",0.8621,17,1,0
"7298",365,"V18",0.8621,18,1,0
"7299",365,"V19",0.7596,19,1,0
"7300",365,"V20",0.843,20,1,0
"7301",366,"V1",0.9108,1,1,0
"7302",366,"V2",0.9586,2,1,0
"7303",366,"V3",0.8661,3,1,0
"7304",366,"V4",0.8901,4,0,1
"7305",366,"V5",0.828,5,1,0
"7306",366,"V6",0.9564,6,1,0
"7307",366,"V7",0.8035,7,0,0
"7308",366,"V8",0.8184,8,1,1
"7309",366,"V9",0.7526,9,0,0
"7310",366,"V10",0.7864,10,0,1
"7311",366,"V11",0.9181,11,0,1
"7312",366,"V12",0.9594,12,1,0
"7313",366,"V13",0.6652,13,0,0
"7314",366,"V14",0.9395,14,1,1
"7315",366,"V15",0.8949,15,1,0
"7316",366,"V16",0.8893,16,1,0
"7317",366,"V17",0.8621,17,1,0
"7318",366,"V18",0.8621,18,1,0
"7319",366,"V19",0.7596,19,0,0
"7320",366,"V20",0.843,20,0,1
"7321",367,"V1",0.0298,1,0,0
"7322",367,"V2",0.0163,2,0,1
"7323",367,"V3",1e-04,3,0,0
"7324",367,"V4",0.2236,4,0,0
"7325",367,"V5",0.3006,5,0,1
"7326",367,"V6",0.9564,6,1,1
"7327",367,"V7",0.0251,7,0,0
"7328",367,"V8",0.8184,8,0,0
"7329",367,"V9",0.7526,9,1,0
"7330",367,"V10",0.029,10,0,0
"7331",367,"V11",0.0656,11,0,0
"7332",367,"V12",0.9594,12,1,0
"7333",367,"V13",0.013,13,0,0
"7334",367,"V14",0.9395,14,1,0
"7335",367,"V15",0.0313,15,0,0
"7336",367,"V16",0.8893,16,1,0
"7337",367,"V17",0.0383,17,0,0
"7338",367,"V18",0.1194,18,0,0
"7339",367,"V19",0.0224,19,0,1
"7340",367,"V20",0.0125,20,0,0
"7341",368,"V1",0.9108,1,1,0
"7342",368,"V2",0.9586,2,1,0
"7343",368,"V3",0.8661,3,1,0
"7344",368,"V4",0.8901,4,1,1
"7345",368,"V5",0.828,5,1,0
"7346",368,"V6",0.9564,6,1,0
"7347",368,"V7",0.8035,7,1,0
"7348",368,"V8",0.8184,8,1,1
"7349",368,"V9",0.7526,9,1,0
"7350",368,"V10",0.7864,10,1,0
"7351",368,"V11",0.9181,11,1,0
"7352",368,"V12",0.9594,12,1,0
"7353",368,"V13",0.6652,13,1,1
"7354",368,"V14",0.9395,14,1,1
"7355",368,"V15",0.8949,15,1,0
"7356",368,"V16",0.8893,16,1,0
"7357",368,"V17",0.8621,17,1,0
"7358",368,"V18",0.8621,18,0,1
"7359",368,"V19",0.7596,19,1,0
"7360",368,"V20",0.843,20,0,0
"7361",369,"V1",0.9108,1,1,1
"7362",369,"V2",0.9586,2,1,0
"7363",369,"V3",0.8661,3,1,0
"7364",369,"V4",0.8901,4,1,0
"7365",369,"V5",0.828,5,1,0
"7366",369,"V6",0.9564,6,1,0
"7367",369,"V7",0.8035,7,1,0
"7368",369,"V8",0.8184,8,1,0
"7369",369,"V9",0.7526,9,1,0
"7370",369,"V10",0.7864,10,1,1
"7371",369,"V11",0.9181,11,1,0
"7372",369,"V12",0.9594,12,1,1
"7373",369,"V13",0.6652,13,1,0
"7374",369,"V14",0.9395,14,1,0
"7375",369,"V15",0.8949,15,1,0
"7376",369,"V16",0.8893,16,1,1
"7377",369,"V17",0.8621,17,1,0
"7378",369,"V18",0.8621,18,1,0
"7379",369,"V19",0.7596,19,1,0
"7380",369,"V20",0.843,20,0,0
"7381",370,"V1",0.9108,1,1,0
"7382",370,"V2",0.9586,2,1,0
"7383",370,"V3",0.8661,3,1,1
"7384",370,"V4",0.8901,4,1,0
"7385",370,"V5",0.828,5,1,0
"7386",370,"V6",0.9564,6,1,1
"7387",370,"V7",0.8035,7,1,1
"7388",370,"V8",0.8184,8,1,0
"7389",370,"V9",0.7526,9,1,0
"7390",370,"V10",0.7864,10,1,0
"7391",370,"V11",0.9181,11,1,0
"7392",370,"V12",0.9594,12,1,0
"7393",370,"V13",0.6652,13,0,0
"7394",370,"V14",0.9395,14,1,0
"7395",370,"V15",0.8949,15,1,0
"7396",370,"V16",0.8893,16,1,1
"7397",370,"V17",0.8621,17,1,0
"7398",370,"V18",0.8621,18,1,1
"7399",370,"V19",0.7596,19,1,0
"7400",370,"V20",0.843,20,1,0
"7401",371,"V1",0.9108,1,1,0
"7402",371,"V2",0.9586,2,0,0
"7403",371,"V3",0.8661,3,1,0
"7404",371,"V4",0.2236,4,0,0
"7405",371,"V5",0.828,5,0,0
"7406",371,"V6",0.9564,6,1,0
"7407",371,"V7",0.0251,7,0,0
"7408",371,"V8",0.8184,8,1,0
"7409",371,"V9",0.7526,9,1,0
"7410",371,"V10",0.029,10,0,0
"7411",371,"V11",0.0656,11,0,0
"7412",371,"V12",0.9594,12,1,0
"7413",371,"V13",0.013,13,0,0
"7414",371,"V14",0.9395,14,0,0
"7415",371,"V15",0.0313,15,0,0
"7416",371,"V16",0.8893,16,1,0
"7417",371,"V17",0.0383,17,0,0
"7418",371,"V18",0.1194,18,0,1
"7419",371,"V19",0.0224,19,0,0
"7420",371,"V20",0.0125,20,0,0
"7421",372,"V1",0.0298,1,0,1
"7422",372,"V2",0.0163,2,0,0
"7423",372,"V3",1e-04,3,0,0
"7424",372,"V4",0.2236,4,0,1
"7425",372,"V5",0.3006,5,1,0
"7426",372,"V6",0.9564,6,1,0
"7427",372,"V7",0.0251,7,0,0
"7428",372,"V8",0.8184,8,0,0
"7429",372,"V9",0.7526,9,1,0
"7430",372,"V10",0.029,10,0,0
"7431",372,"V11",0.0656,11,0,0
"7432",372,"V12",0.9594,12,1,1
"7433",372,"V13",0.013,13,0,0
"7434",372,"V14",0.9395,14,1,1
"7435",372,"V15",0.0313,15,0,1
"7436",372,"V16",0.8893,16,1,0
"7437",372,"V17",0.0383,17,0,0
"7438",372,"V18",0.1194,18,0,0
"7439",372,"V19",0.0224,19,0,0
"7440",372,"V20",0.0125,20,0,0
"7441",373,"V1",0.0298,1,0,0
"7442",373,"V2",0.9586,2,1,0
"7443",373,"V3",0.8661,3,1,0
"7444",373,"V4",0.2236,4,0,1
"7445",373,"V5",0.3006,5,0,1
"7446",373,"V6",0.9564,6,1,0
"7447",373,"V7",0.0251,7,0,1
"7448",373,"V8",0.8184,8,1,0
"7449",373,"V9",0.7526,9,1,0
"7450",373,"V10",0.029,10,0,0
"7451",373,"V11",0.0656,11,0,0
"7452",373,"V12",0.1274,12,0,0
"7453",373,"V13",0.013,13,0,0
"7454",373,"V14",0.9395,14,1,0
"7455",373,"V15",0.0313,15,0,0
"7456",373,"V16",0.8893,16,1,0
"7457",373,"V17",0.0383,17,0,0
"7458",373,"V18",0.1194,18,1,0
"7459",373,"V19",0.0224,19,0,0
"7460",373,"V20",0.0125,20,0,0
"7461",374,"V1",0.9108,1,1,0
"7462",374,"V2",0.9586,2,1,1
"7463",374,"V3",0.8661,3,1,0
"7464",374,"V4",0.8901,4,1,0
"7465",374,"V5",0.828,5,1,0
"7466",374,"V6",0.9564,6,1,1
"7467",374,"V7",0.8035,7,0,1
"7468",374,"V8",0.8184,8,1,0
"7469",374,"V9",0.7526,9,1,0
"7470",374,"V10",0.7864,10,1,1
"7471",374,"V11",0.9181,11,1,0
"7472",374,"V12",0.9594,12,1,1
"7473",374,"V13",0.6652,13,1,0
"7474",374,"V14",0.9395,14,1,1
"7475",374,"V15",0.8949,15,1,1
"7476",374,"V16",0.8893,16,1,1
"7477",374,"V17",0.8621,17,1,1
"7478",374,"V18",0.8621,18,0,0
"7479",374,"V19",0.7596,19,0,0
"7480",374,"V20",0.843,20,1,1
"7481",375,"V1",0.9108,1,1,1
"7482",375,"V2",0.9586,2,1,0
"7483",375,"V3",0.8661,3,1,1
"7484",375,"V4",0.8901,4,0,0
"7485",375,"V5",0.828,5,1,0
"7486",375,"V6",0.9564,6,1,0
"7487",375,"V7",0.8035,7,1,0
"7488",375,"V8",0.8184,8,1,0
"7489",375,"V9",0.7526,9,1,0
"7490",375,"V10",0.7864,10,1,0
"7491",375,"V11",0.9181,11,1,0
"7492",375,"V12",0.9594,12,1,0
"7493",375,"V13",0.6652,13,0,1
"7494",375,"V14",0.9395,14,1,1
"7495",375,"V15",0.8949,15,1,0
"7496",375,"V16",0.8893,16,1,0
"7497",375,"V17",0.8621,17,1,0
"7498",375,"V18",0.8621,18,1,0
"7499",375,"V19",0.7596,19,0,0
"7500",375,"V20",0.843,20,1,0
"7501",376,"V1",0.9108,1,1,1
"7502",376,"V2",0.9586,2,1,0
"7503",376,"V3",0.8661,3,1,1
"7504",376,"V4",0.8901,4,1,1
"7505",376,"V5",0.828,5,1,0
"7506",376,"V6",0.9564,6,1,0
"7507",376,"V7",0.8035,7,0,0
"7508",376,"V8",0.8184,8,1,0
"7509",376,"V9",0.7526,9,1,0
"7510",376,"V10",0.7864,10,1,0
"7511",376,"V11",0.9181,11,0,1
"7512",376,"V12",0.9594,12,1,0
"7513",376,"V13",0.6652,13,1,0
"7514",376,"V14",0.9395,14,1,1
"7515",376,"V15",0.8949,15,1,0
"7516",376,"V16",0.8893,16,1,0
"7517",376,"V17",0.8621,17,1,0
"7518",376,"V18",0.8621,18,1,0
"7519",376,"V19",0.7596,19,0,0
"7520",376,"V20",0.843,20,1,0
"7521",377,"V1",0.0298,1,0,0
"7522",377,"V2",0.0163,2,0,0
"7523",377,"V3",1e-04,3,0,0
"7524",377,"V4",0.2236,4,0,1
"7525",377,"V5",0.3006,5,1,1
"7526",377,"V6",0.9564,6,1,0
"7527",377,"V7",0.0251,7,0,1
"7528",377,"V8",0.8184,8,0,0
"7529",377,"V9",0.7526,9,1,0
"7530",377,"V10",0.029,10,0,0
"7531",377,"V11",0.0656,11,0,0
"7532",377,"V12",0.9594,12,1,1
"7533",377,"V13",0.013,13,0,0
"7534",377,"V14",0.9395,14,1,1
"7535",377,"V15",0.0313,15,0,0
"7536",377,"V16",0.8893,16,1,0
"7537",377,"V17",0.0383,17,0,0
"7538",377,"V18",0.1194,18,0,0
"7539",377,"V19",0.0224,19,0,0
"7540",377,"V20",0.0125,20,0,1
"7541",378,"V1",0.9108,1,1,0
"7542",378,"V2",0.9586,2,1,0
"7543",378,"V3",0.8661,3,1,0
"7544",378,"V4",0.2236,4,0,0
"7545",378,"V5",0.828,5,1,0
"7546",378,"V6",0.9564,6,1,0
"7547",378,"V7",0.0251,7,0,0
"7548",378,"V8",0.8184,8,0,0
"7549",378,"V9",0.7526,9,1,1
"7550",378,"V10",0.029,10,0,1
"7551",378,"V11",0.0656,11,1,1
"7552",378,"V12",0.9594,12,1,0
"7553",378,"V13",0.013,13,0,1
"7554",378,"V14",0.9395,14,1,0
"7555",378,"V15",0.0313,15,0,0
"7556",378,"V16",0.8893,16,1,1
"7557",378,"V17",0.0383,17,0,0
"7558",378,"V18",0.1194,18,1,0
"7559",378,"V19",0.0224,19,0,0
"7560",378,"V20",0.0125,20,0,0
"7561",379,"V1",0.9108,1,1,1
"7562",379,"V2",0.9586,2,1,1
"7563",379,"V3",0.8661,3,1,1
"7564",379,"V4",0.2236,4,0,0
"7565",379,"V5",0.828,5,1,0
"7566",379,"V6",0.9564,6,1,0
"7567",379,"V7",0.8035,7,0,1
"7568",379,"V8",0.8184,8,1,1
"7569",379,"V9",0.7526,9,1,1
"7570",379,"V10",0.029,10,0,0
"7571",379,"V11",0.0656,11,0,0
"7572",379,"V12",0.9594,12,1,0
"7573",379,"V13",0.013,13,0,0
"7574",379,"V14",0.9395,14,1,0
"7575",379,"V15",0.8949,15,1,0
"7576",379,"V16",0.8893,16,1,0
"7577",379,"V17",0.0383,17,0,1
"7578",379,"V18",0.1194,18,1,0
"7579",379,"V19",0.0224,19,0,0
"7580",379,"V20",0.0125,20,0,0
"7581",380,"V1",0.0298,1,1,0
"7582",380,"V2",0.0163,2,0,0
"7583",380,"V3",1e-04,3,0,1
"7584",380,"V4",0.2236,4,0,0
"7585",380,"V5",0.3006,5,0,0
"7586",380,"V6",0.9564,6,1,0
"7587",380,"V7",0.0251,7,0,0
"7588",380,"V8",0.8184,8,1,0
"7589",380,"V9",0.7526,9,1,0
"7590",380,"V10",0.029,10,0,0
"7591",380,"V11",0.0656,11,0,0
"7592",380,"V12",0.1274,12,0,0
"7593",380,"V13",0.013,13,0,0
"7594",380,"V14",0.9395,14,1,0
"7595",380,"V15",0.0313,15,0,1
"7596",380,"V16",0.8893,16,1,0
"7597",380,"V17",0.0383,17,0,0
"7598",380,"V18",0.1194,18,0,0
"7599",380,"V19",0.0224,19,0,1
"7600",380,"V20",0.0125,20,0,0
"7601",381,"V1",0.9108,1,1,0
"7602",381,"V2",0.9586,2,1,1
"7603",381,"V3",0.8661,3,1,0
"7604",381,"V4",0.2236,4,0,0
"7605",381,"V5",0.828,5,0,0
"7606",381,"V6",0.9564,6,1,0
"7607",381,"V7",0.0251,7,0,1
"7608",381,"V8",0.8184,8,0,1
"7609",381,"V9",0.7526,9,0,0
"7610",381,"V10",0.029,10,0,0
"7611",381,"V11",0.0656,11,0,1
"7612",381,"V12",0.9594,12,1,0
"7613",381,"V13",0.013,13,0,0
"7614",381,"V14",0.9395,14,1,0
"7615",381,"V15",0.0313,15,0,0
"7616",381,"V16",0.8893,16,1,0
"7617",381,"V17",0.0383,17,0,0
"7618",381,"V18",0.1194,18,0,0
"7619",381,"V19",0.0224,19,0,0
"7620",381,"V20",0.0125,20,0,1
"7621",382,"V1",0.0298,1,0,0
"7622",382,"V2",0.9586,2,1,0
"7623",382,"V3",0.8661,3,1,0
"7624",382,"V4",0.2236,4,0,0
"7625",382,"V5",0.828,5,1,0
"7626",382,"V6",0.9564,6,1,0
"7627",382,"V7",0.0251,7,0,0
"7628",382,"V8",0.8184,8,1,1
"7629",382,"V9",0.7526,9,1,0
"7630",382,"V10",0.029,10,0,0
"7631",382,"V11",0.0656,11,0,1
"7632",382,"V12",0.9594,12,1,0
"7633",382,"V13",0.013,13,0,0
"7634",382,"V14",0.9395,14,1,0
"7635",382,"V15",0.0313,15,0,0
"7636",382,"V16",0.8893,16,1,0
"7637",382,"V17",0.0383,17,0,1
"7638",382,"V18",0.1194,18,0,0
"7639",382,"V19",0.0224,19,0,0
"7640",382,"V20",0.0125,20,0,0
"7641",383,"V1",0.9108,1,1,0
"7642",383,"V2",0.9586,2,1,0
"7643",383,"V3",0.8661,3,1,0
"7644",383,"V4",0.8901,4,1,0
"7645",383,"V5",0.828,5,1,0
"7646",383,"V6",0.9564,6,1,1
"7647",383,"V7",0.8035,7,1,0
"7648",383,"V8",0.8184,8,1,0
"7649",383,"V9",0.7526,9,1,0
"7650",383,"V10",0.7864,10,0,1
"7651",383,"V11",0.9181,11,1,0
"7652",383,"V12",0.9594,12,1,0
"7653",383,"V13",0.6652,13,0,0
"7654",383,"V14",0.9395,14,1,0
"7655",383,"V15",0.8949,15,1,0
"7656",383,"V16",0.8893,16,1,0
"7657",383,"V17",0.8621,17,1,0
"7658",383,"V18",0.8621,18,1,0
"7659",383,"V19",0.7596,19,1,0
"7660",383,"V20",0.843,20,1,0
"7661",384,"V1",0.9108,1,1,0
"7662",384,"V2",0.9586,2,1,0
"7663",384,"V3",0.8661,3,1,0
"7664",384,"V4",0.8901,4,1,0
"7665",384,"V5",0.828,5,1,0
"7666",384,"V6",0.9564,6,1,0
"7667",384,"V7",0.8035,7,1,0
"7668",384,"V8",0.8184,8,1,0
"7669",384,"V9",0.7526,9,1,1
"7670",384,"V10",0.7864,10,1,1
"7671",384,"V11",0.9181,11,0,1
"7672",384,"V12",0.9594,12,1,1
"7673",384,"V13",0.6652,13,1,0
"7674",384,"V14",0.9395,14,1,0
"7675",384,"V15",0.8949,15,1,0
"7676",384,"V16",0.8893,16,1,0
"7677",384,"V17",0.8621,17,1,0
"7678",384,"V18",0.8621,18,1,0
"7679",384,"V19",0.7596,19,0,0
"7680",384,"V20",0.843,20,0,0
"7681",385,"V1",0.9108,1,1,0
"7682",385,"V2",0.9586,2,1,1
"7683",385,"V3",0.8661,3,1,1
"7684",385,"V4",0.8901,4,1,0
"7685",385,"V5",0.828,5,1,0
"7686",385,"V6",0.9564,6,1,0
"7687",385,"V7",0.8035,7,0,0
"7688",385,"V8",0.8184,8,1,0
"7689",385,"V9",0.7526,9,0,0
"7690",385,"V10",0.7864,10,0,0
"7691",385,"V11",0.9181,11,1,0
"7692",385,"V12",0.9594,12,1,0
"7693",385,"V13",0.6652,13,1,1
"7694",385,"V14",0.9395,14,1,0
"7695",385,"V15",0.8949,15,1,1
"7696",385,"V16",0.8893,16,1,0
"7697",385,"V17",0.8621,17,1,0
"7698",385,"V18",0.8621,18,1,0
"7699",385,"V19",0.7596,19,1,1
"7700",385,"V20",0.843,20,1,0
"7701",386,"V1",0.9108,1,1,0
"7702",386,"V2",0.9586,2,1,0
"7703",386,"V3",0.8661,3,1,1
"7704",386,"V4",0.2236,4,0,0
"7705",386,"V5",0.828,5,1,1
"7706",386,"V6",0.9564,6,1,0
"7707",386,"V7",0.0251,7,0,0
"7708",386,"V8",0.8184,8,0,0
"7709",386,"V9",0.7526,9,1,0
"7710",386,"V10",0.029,10,1,0
"7711",386,"V11",0.0656,11,0,0
"7712",386,"V12",0.9594,12,1,0
"7713",386,"V13",0.013,13,0,0
"7714",386,"V14",0.9395,14,1,0
"7715",386,"V15",0.0313,15,0,1
"7716",386,"V16",0.8893,16,1,0
"7717",386,"V17",0.0383,17,0,0
"7718",386,"V18",0.1194,18,0,0
"7719",386,"V19",0.0224,19,0,1
"7720",386,"V20",0.0125,20,0,1
"7721",387,"V1",0.0298,1,0,0
"7722",387,"V2",0.0163,2,0,0
"7723",387,"V3",1e-04,3,0,0
"7724",387,"V4",0.2236,4,0,0
"7725",387,"V5",0.3006,5,1,0
"7726",387,"V6",0.9564,6,1,1
"7727",387,"V7",0.0251,7,0,0
"7728",387,"V8",0.8184,8,0,0
"7729",387,"V9",0.7526,9,1,0
"7730",387,"V10",0.029,10,0,0
"7731",387,"V11",0.0656,11,0,0
"7732",387,"V12",0.9594,12,1,0
"7733",387,"V13",0.013,13,0,0
"7734",387,"V14",0.9395,14,1,1
"7735",387,"V15",0.0313,15,0,1
"7736",387,"V16",0.8893,16,1,1
"7737",387,"V17",0.0383,17,0,0
"7738",387,"V18",0.1194,18,0,0
"7739",387,"V19",0.0224,19,0,0
"7740",387,"V20",0.0125,20,0,0
"7741",388,"V1",0.9108,1,1,1
"7742",388,"V2",0.9586,2,1,0
"7743",388,"V3",0.8661,3,1,1
"7744",388,"V4",0.2236,4,0,0
"7745",388,"V5",0.828,5,1,0
"7746",388,"V6",0.9564,6,1,0
"7747",388,"V7",0.0251,7,0,0
"7748",388,"V8",0.8184,8,1,0
"7749",388,"V9",0.7526,9,0,0
"7750",388,"V10",0.029,10,0,0
"7751",388,"V11",0.0656,11,0,0
"7752",388,"V12",0.9594,12,1,1
"7753",388,"V13",0.013,13,0,0
"7754",388,"V14",0.9395,14,1,0
"7755",388,"V15",0.0313,15,0,0
"7756",388,"V16",0.8893,16,1,0
"7757",388,"V17",0.0383,17,0,0
"7758",388,"V18",0.1194,18,0,0
"7759",388,"V19",0.0224,19,0,1
"7760",388,"V20",0.0125,20,0,0
"7761",389,"V1",0.9108,1,1,1
"7762",389,"V2",0.9586,2,1,0
"7763",389,"V3",0.8661,3,1,0
"7764",389,"V4",0.8901,4,1,0
"7765",389,"V5",0.828,5,1,0
"7766",389,"V6",0.9564,6,1,0
"7767",389,"V7",0.8035,7,1,0
"7768",389,"V8",0.8184,8,1,0
"7769",389,"V9",0.7526,9,1,0
"7770",389,"V10",0.7864,10,1,0
"7771",389,"V11",0.9181,11,1,0
"7772",389,"V12",0.9594,12,1,0
"7773",389,"V13",0.6652,13,0,0
"7774",389,"V14",0.9395,14,1,0
"7775",389,"V15",0.8949,15,1,1
"7776",389,"V16",0.8893,16,1,0
"7777",389,"V17",0.8621,17,1,0
"7778",389,"V18",0.8621,18,1,0
"7779",389,"V19",0.7596,19,1,0
"7780",389,"V20",0.843,20,1,1
"7781",390,"V1",0.0298,1,0,0
"7782",390,"V2",0.0163,2,0,1
"7783",390,"V3",1e-04,3,0,0
"7784",390,"V4",0.2236,4,0,0
"7785",390,"V5",0.3006,5,1,0
"7786",390,"V6",0.9564,6,1,0
"7787",390,"V7",0.0251,7,0,1
"7788",390,"V8",0.8184,8,1,0
"7789",390,"V9",0.7526,9,1,1
"7790",390,"V10",0.029,10,0,1
"7791",390,"V11",0.0656,11,0,0
"7792",390,"V12",0.9594,12,1,1
"7793",390,"V13",0.013,13,0,0
"7794",390,"V14",0.9395,14,1,0
"7795",390,"V15",0.0313,15,0,0
"7796",390,"V16",0.8893,16,1,0
"7797",390,"V17",0.0383,17,0,1
"7798",390,"V18",0.1194,18,1,0
"7799",390,"V19",0.0224,19,0,0
"7800",390,"V20",0.0125,20,0,1
"7801",391,"V1",0.9108,1,0,1
"7802",391,"V2",0.9586,2,1,0
"7803",391,"V3",0.8661,3,1,0
"7804",391,"V4",0.2236,4,0,1
"7805",391,"V5",0.828,5,1,0
"7806",391,"V6",0.9564,6,1,0
"7807",391,"V7",0.0251,7,0,1
"7808",391,"V8",0.8184,8,1,0
"7809",391,"V9",0.7526,9,0,0
"7810",391,"V10",0.029,10,0,0
"7811",391,"V11",0.0656,11,0,0
"7812",391,"V12",0.9594,12,1,0
"7813",391,"V13",0.013,13,0,0
"7814",391,"V14",0.9395,14,1,0
"7815",391,"V15",0.0313,15,0,0
"7816",391,"V16",0.8893,16,1,1
"7817",391,"V17",0.0383,17,0,0
"7818",391,"V18",0.1194,18,0,0
"7819",391,"V19",0.0224,19,0,0
"7820",391,"V20",0.0125,20,0,0
"7821",392,"V1",0.0298,1,0,0
"7822",392,"V2",0.0163,2,0,0
"7823",392,"V3",1e-04,3,0,0
"7824",392,"V4",0.2236,4,0,0
"7825",392,"V5",0.3006,5,0,0
"7826",392,"V6",0.9564,6,1,0
"7827",392,"V7",0.0251,7,0,0
"7828",392,"V8",0.8184,8,0,0
"7829",392,"V9",0.7526,9,0,0
"7830",392,"V10",0.029,10,0,0
"7831",392,"V11",0.0656,11,0,0
"7832",392,"V12",0.9594,12,1,0
"7833",392,"V13",0.013,13,0,1
"7834",392,"V14",0.9395,14,1,0
"7835",392,"V15",0.0313,15,0,0
"7836",392,"V16",0.8893,16,1,0
"7837",392,"V17",0.0383,17,0,0
"7838",392,"V18",0.1194,18,0,0
"7839",392,"V19",0.0224,19,0,0
"7840",392,"V20",0.0125,20,0,0
"7841",393,"V1",0.0298,1,0,1
"7842",393,"V2",0.0163,2,0,0
"7843",393,"V3",1e-04,3,0,0
"7844",393,"V4",0.2236,4,0,0
"7845",393,"V5",0.3006,5,1,0
"7846",393,"V6",0.9564,6,1,1
"7847",393,"V7",0.0251,7,0,0
"7848",393,"V8",0.8184,8,0,0
"7849",393,"V9",0.7526,9,0,0
"7850",393,"V10",0.029,10,0,0
"7851",393,"V11",0.0656,11,0,0
"7852",393,"V12",0.9594,12,1,0
"7853",393,"V13",0.013,13,0,0
"7854",393,"V14",0.9395,14,1,1
"7855",393,"V15",0.0313,15,0,0
"7856",393,"V16",0.8893,16,1,0
"7857",393,"V17",0.0383,17,0,0
"7858",393,"V18",0.1194,18,0,0
"7859",393,"V19",0.0224,19,0,0
"7860",393,"V20",0.0125,20,0,0
"7861",394,"V1",0.9108,1,1,0
"7862",394,"V2",0.9586,2,1,0
"7863",394,"V3",0.8661,3,1,0
"7864",394,"V4",0.8901,4,1,0
"7865",394,"V5",0.828,5,1,0
"7866",394,"V6",0.9564,6,1,0
"7867",394,"V7",0.8035,7,1,0
"7868",394,"V8",0.8184,8,1,1
"7869",394,"V9",0.7526,9,1,0
"7870",394,"V10",0.7864,10,1,0
"7871",394,"V11",0.9181,11,1,1
"7872",394,"V12",0.9594,12,1,0
"7873",394,"V13",0.6652,13,1,0
"7874",394,"V14",0.9395,14,1,0
"7875",394,"V15",0.8949,15,1,0
"7876",394,"V16",0.8893,16,1,0
"7877",394,"V17",0.8621,17,1,0
"7878",394,"V18",0.8621,18,1,1
"7879",394,"V19",0.7596,19,1,0
"7880",394,"V20",0.843,20,1,0
"7881",395,"V1",0.0298,1,0,0
"7882",395,"V2",0.0163,2,0,1
"7883",395,"V3",1e-04,3,0,0
"7884",395,"V4",0.2236,4,0,1
"7885",395,"V5",0.3006,5,1,0
"7886",395,"V6",0.0951,6,0,0
"7887",395,"V7",0.0251,7,0,0
"7888",395,"V8",0.4438,8,1,1
"7889",395,"V9",0.2883,9,1,0
"7890",395,"V10",0.029,10,0,0
"7891",395,"V11",0.0656,11,0,0
"7892",395,"V12",0.1274,12,0,1
"7893",395,"V13",0.013,13,0,0
"7894",395,"V14",0.0615,14,0,1
"7895",395,"V15",0.0313,15,0,0
"7896",395,"V16",0.1086,16,0,0
"7897",395,"V17",0.0383,17,0,0
"7898",395,"V18",0.1194,18,0,1
"7899",395,"V19",0.0224,19,0,0
"7900",395,"V20",0.0125,20,0,0
"7901",396,"V1",0.9108,1,1,0
"7902",396,"V2",0.9586,2,1,1
"7903",396,"V3",0.8661,3,1,0
"7904",396,"V4",0.8901,4,1,0
"7905",396,"V5",0.828,5,1,0
"7906",396,"V6",0.9564,6,1,0
"7907",396,"V7",0.8035,7,1,0
"7908",396,"V8",0.8184,8,1,0
"7909",396,"V9",0.7526,9,1,0
"7910",396,"V10",0.7864,10,1,0
"7911",396,"V11",0.9181,11,1,0
"7912",396,"V12",0.9594,12,1,0
"7913",396,"V13",0.6652,13,1,0
"7914",396,"V14",0.9395,14,1,1
"7915",396,"V15",0.8949,15,1,0
"7916",396,"V16",0.8893,16,1,1
"7917",396,"V17",0.8621,17,1,0
"7918",396,"V18",0.8621,18,1,0
"7919",396,"V19",0.7596,19,1,0
"7920",396,"V20",0.843,20,1,1
"7921",397,"V1",0.0298,1,0,1
"7922",397,"V2",0.0163,2,0,0
"7923",397,"V3",1e-04,3,0,0
"7924",397,"V4",0.2236,4,0,0
"7925",397,"V5",0.3006,5,1,1
"7926",397,"V6",0.0951,6,0,0
"7927",397,"V7",0.0251,7,0,1
"7928",397,"V8",0.4438,8,1,0
"7929",397,"V9",0.2883,9,1,1
"7930",397,"V10",0.029,10,0,0
"7931",397,"V11",0.0656,11,0,1
"7932",397,"V12",0.1274,12,0,1
"7933",397,"V13",0.013,13,0,0
"7934",397,"V14",0.0615,14,0,0
"7935",397,"V15",0.0313,15,0,0
"7936",397,"V16",0.1086,16,0,1
"7937",397,"V17",0.0383,17,0,0
"7938",397,"V18",0.1194,18,0,0
"7939",397,"V19",0.0224,19,0,0
"7940",397,"V20",0.0125,20,0,0
"7941",398,"V1",0.9108,1,1,0
"7942",398,"V2",0.9586,2,1,0
"7943",398,"V3",0.8661,3,1,0
"7944",398,"V4",0.2236,4,0,0
"7945",398,"V5",0.828,5,1,0
"7946",398,"V6",0.9564,6,1,0
"7947",398,"V7",0.0251,7,0,0
"7948",398,"V8",0.8184,8,1,0
"7949",398,"V9",0.7526,9,1,0
"7950",398,"V10",0.029,10,0,0
"7951",398,"V11",0.0656,11,0,1
"7952",398,"V12",0.9594,12,1,1
"7953",398,"V13",0.013,13,0,0
"7954",398,"V14",0.9395,14,1,0
"7955",398,"V15",0.0313,15,0,0
"7956",398,"V16",0.8893,16,1,0
"7957",398,"V17",0.0383,17,0,0
"7958",398,"V18",0.1194,18,0,0
"7959",398,"V19",0.0224,19,0,0
"7960",398,"V20",0.0125,20,0,0
"7961",399,"V1",0.0298,1,0,0
"7962",399,"V2",0.0163,2,0,0
"7963",399,"V3",1e-04,3,0,0
"7964",399,"V4",0.2236,4,0,0
"7965",399,"V5",0.3006,5,0,0
"7966",399,"V6",0.0951,6,0,0
"7967",399,"V7",0.0251,7,0,0
"7968",399,"V8",0.4438,8,1,1
"7969",399,"V9",0.2883,9,0,0
"7970",399,"V10",0.029,10,0,1
"7971",399,"V11",0.0656,11,0,0
"7972",399,"V12",0.1274,12,0,0
"7973",399,"V13",0.013,13,0,0
"7974",399,"V14",0.0615,14,0,0
"7975",399,"V15",0.0313,15,0,1
"7976",399,"V16",0.1086,16,0,1
"7977",399,"V17",0.0383,17,0,0
"7978",399,"V18",0.1194,18,0,0
"7979",399,"V19",0.0224,19,0,0
"7980",399,"V20",0.0125,20,0,0
"7981",400,"V1",0.9108,1,0,1
"7982",400,"V2",0.9586,2,1,0
"7983",400,"V3",0.8661,3,1,0
"7984",400,"V4",0.8901,4,1,0
"7985",400,"V5",0.828,5,0,0
"7986",400,"V6",0.9564,6,1,0
"7987",400,"V7",0.8035,7,1,0
"7988",400,"V8",0.8184,8,1,0
"7989",400,"V9",0.7526,9,1,0
"7990",400,"V10",0.7864,10,1,0
"7991",400,"V11",0.9181,11,1,0
"7992",400,"V12",0.9594,12,1,0
"7993",400,"V13",0.6652,13,1,0
"7994",400,"V14",0.9395,14,1,0
"7995",400,"V15",0.8949,15,1,0
"7996",400,"V16",0.8893,16,1,0
"7997",400,"V17",0.8621,17,1,0
"7998",400,"V18",0.8621,18,1,0
"7999",400,"V19",0.7596,19,1,0
"8000",400,"V20",0.843,20,1,0
"8001",401,"V1",0.9108,1,1,0
"8002",401,"V2",0.9586,2,1,0
"8003",401,"V3",0.8661,3,1,1
"8004",401,"V4",0.2236,4,0,1
"8005",401,"V5",0.828,5,0,0
"8006",401,"V6",0.9564,6,1,0
"8007",401,"V7",0.8035,7,1,0
"8008",401,"V8",0.8184,8,1,0
"8009",401,"V9",0.7526,9,0,0
"8010",401,"V10",0.029,10,0,0
"8011",401,"V11",0.0656,11,0,0
"8012",401,"V12",0.9594,12,0,1
"8013",401,"V13",0.013,13,0,0
"8014",401,"V14",0.9395,14,1,0
"8015",401,"V15",0.8949,15,1,0
"8016",401,"V16",0.8893,16,1,0
"8017",401,"V17",0.0383,17,0,0
"8018",401,"V18",0.1194,18,0,0
"8019",401,"V19",0.0224,19,0,0
"8020",401,"V20",0.0125,20,0,1
"8021",402,"V1",0.9108,1,1,0
"8022",402,"V2",0.9586,2,1,0
"8023",402,"V3",0.8661,3,1,0
"8024",402,"V4",0.8901,4,1,0
"8025",402,"V5",0.828,5,1,0
"8026",402,"V6",0.9564,6,1,0
"8027",402,"V7",0.0251,7,0,1
"8028",402,"V8",0.8184,8,1,0
"8029",402,"V9",0.7526,9,1,0
"8030",402,"V10",0.7864,10,1,1
"8031",402,"V11",0.9181,11,1,0
"8032",402,"V12",0.9594,12,0,0
"8033",402,"V13",0.6652,13,1,0
"8034",402,"V14",0.9395,14,1,0
"8035",402,"V15",0.0313,15,0,0
"8036",402,"V16",0.8893,16,1,0
"8037",402,"V17",0.8621,17,0,0
"8038",402,"V18",0.8621,18,1,0
"8039",402,"V19",0.0224,19,0,0
"8040",402,"V20",0.843,20,1,0
"8041",403,"V1",0.9108,1,1,0
"8042",403,"V2",0.9586,2,1,1
"8043",403,"V3",0.8661,3,1,0
"8044",403,"V4",0.8901,4,1,1
"8045",403,"V5",0.828,5,1,0
"8046",403,"V6",0.9564,6,1,0
"8047",403,"V7",0.8035,7,1,0
"8048",403,"V8",0.8184,8,1,1
"8049",403,"V9",0.7526,9,0,0
"8050",403,"V10",0.7864,10,0,0
"8051",403,"V11",0.9181,11,1,0
"8052",403,"V12",0.9594,12,1,0
"8053",403,"V13",0.6652,13,1,0
"8054",403,"V14",0.9395,14,1,0
"8055",403,"V15",0.8949,15,0,0
"8056",403,"V16",0.8893,16,1,0
"8057",403,"V17",0.8621,17,1,1
"8058",403,"V18",0.8621,18,1,1
"8059",403,"V19",0.7596,19,1,0
"8060",403,"V20",0.843,20,1,0
"8061",404,"V1",0.0298,1,0,0
"8062",404,"V2",0.0163,2,0,0
"8063",404,"V3",1e-04,3,0,0
"8064",404,"V4",0.2236,4,1,0
"8065",404,"V5",0.3006,5,0,0
"8066",404,"V6",0.9564,6,1,0
"8067",404,"V7",0.0251,7,0,0
"8068",404,"V8",0.8184,8,1,0
"8069",404,"V9",0.7526,9,1,0
"8070",404,"V10",0.029,10,0,0
"8071",404,"V11",0.0656,11,0,0
"8072",404,"V12",0.9594,12,1,1
"8073",404,"V13",0.013,13,0,0
"8074",404,"V14",0.9395,14,1,1
"8075",404,"V15",0.0313,15,1,1
"8076",404,"V16",0.8893,16,1,0
"8077",404,"V17",0.0383,17,0,0
"8078",404,"V18",0.1194,18,0,0
"8079",404,"V19",0.0224,19,0,0
"8080",404,"V20",0.0125,20,0,1
"8081",405,"V1",0.9108,1,1,0
"8082",405,"V2",0.9586,2,1,1
"8083",405,"V3",0.8661,3,1,0
"8084",405,"V4",0.8901,4,1,0
"8085",405,"V5",0.828,5,1,0
"8086",405,"V6",0.9564,6,1,0
"8087",405,"V7",0.0251,7,0,1
"8088",405,"V8",0.8184,8,1,0
"8089",405,"V9",0.7526,9,1,0
"8090",405,"V10",0.7864,10,1,0
"8091",405,"V11",0.9181,11,1,0
"8092",405,"V12",0.9594,12,1,1
"8093",405,"V13",0.6652,13,1,0
"8094",405,"V14",0.9395,14,1,0
"8095",405,"V15",0.0313,15,0,0
"8096",405,"V16",0.8893,16,1,0
"8097",405,"V17",0.8621,17,1,0
"8098",405,"V18",0.8621,18,1,0
"8099",405,"V19",0.0224,19,0,0
"8100",405,"V20",0.843,20,1,1
"8101",406,"V1",0.0298,1,0,0
"8102",406,"V2",0.0163,2,0,0
"8103",406,"V3",1e-04,3,0,0
"8104",406,"V4",0.2236,4,1,0
"8105",406,"V5",0.3006,5,0,0
"8106",406,"V6",0.0951,6,0,1
"8107",406,"V7",0.0251,7,0,1
"8108",406,"V8",0.4438,8,1,0
"8109",406,"V9",0.2883,9,0,0
"8110",406,"V10",0.029,10,0,0
"8111",406,"V11",0.0656,11,0,0
"8112",406,"V12",0.1274,12,0,0
"8113",406,"V13",0.013,13,0,0
"8114",406,"V14",0.0615,14,0,0
"8115",406,"V15",0.0313,15,0,1
"8116",406,"V16",0.1086,16,0,0
"8117",406,"V17",0.0383,17,0,1
"8118",406,"V18",0.1194,18,0,0
"8119",406,"V19",0.0224,19,0,0
"8120",406,"V20",0.0125,20,0,0
"8121",407,"V1",0.0298,1,0,1
"8122",407,"V2",0.0163,2,0,0
"8123",407,"V3",1e-04,3,0,0
"8124",407,"V4",0.2236,4,0,0
"8125",407,"V5",0.3006,5,0,0
"8126",407,"V6",0.9564,6,1,0
"8127",407,"V7",0.0251,7,0,0
"8128",407,"V8",0.8184,8,1,1
"8129",407,"V9",0.7526,9,1,1
"8130",407,"V10",0.029,10,0,0
"8131",407,"V11",0.0656,11,0,0
"8132",407,"V12",0.9594,12,1,0
"8133",407,"V13",0.013,13,0,0
"8134",407,"V14",0.9395,14,1,0
"8135",407,"V15",0.0313,15,1,0
"8136",407,"V16",0.8893,16,1,0
"8137",407,"V17",0.0383,17,0,0
"8138",407,"V18",0.1194,18,0,0
"8139",407,"V19",0.0224,19,0,1
"8140",407,"V20",0.0125,20,0,1
"8141",408,"V1",0.0298,1,0,0
"8142",408,"V2",0.0163,2,0,0
"8143",408,"V3",1e-04,3,0,0
"8144",408,"V4",0.2236,4,1,1
"8145",408,"V5",0.3006,5,0,0
"8146",408,"V6",0.0951,6,0,1
"8147",408,"V7",0.0251,7,0,0
"8148",408,"V8",0.4438,8,1,0
"8149",408,"V9",0.2883,9,0,0
"8150",408,"V10",0.029,10,0,0
"8151",408,"V11",0.0656,11,0,0
"8152",408,"V12",0.1274,12,0,0
"8153",408,"V13",0.013,13,0,0
"8154",408,"V14",0.0615,14,0,0
"8155",408,"V15",0.0313,15,0,0
"8156",408,"V16",0.1086,16,0,0
"8157",408,"V17",0.0383,17,0,1
"8158",408,"V18",0.1194,18,0,1
"8159",408,"V19",0.0224,19,0,0
"8160",408,"V20",0.0125,20,0,1
"8161",409,"V1",0.9108,1,1,0
"8162",409,"V2",0.9586,2,1,0
"8163",409,"V3",0.8661,3,1,1
"8164",409,"V4",0.8901,4,1,0
"8165",409,"V5",0.828,5,1,0
"8166",409,"V6",0.9564,6,1,0
"8167",409,"V7",0.8035,7,1,0
"8168",409,"V8",0.8184,8,1,0
"8169",409,"V9",0.7526,9,0,0
"8170",409,"V10",0.7864,10,0,0
"8171",409,"V11",0.9181,11,1,0
"8172",409,"V12",0.9594,12,1,0
"8173",409,"V13",0.6652,13,1,0
"8174",409,"V14",0.9395,14,1,0
"8175",409,"V15",0.8949,15,1,0
"8176",409,"V16",0.8893,16,1,0
"8177",409,"V17",0.8621,17,1,1
"8178",409,"V18",0.8621,18,0,1
"8179",409,"V19",0.7596,19,1,0
"8180",409,"V20",0.843,20,0,0
"8181",410,"V1",0.9108,1,1,0
"8182",410,"V2",0.9586,2,1,0
"8183",410,"V3",0.8661,3,1,0
"8184",410,"V4",0.8901,4,0,0
"8185",410,"V5",0.828,5,1,1
"8186",410,"V6",0.9564,6,1,0
"8187",410,"V7",0.8035,7,1,0
"8188",410,"V8",0.8184,8,1,0
"8189",410,"V9",0.7526,9,1,0
"8190",410,"V10",0.7864,10,1,0
"8191",410,"V11",0.9181,11,0,0
"8192",410,"V12",0.9594,12,1,1
"8193",410,"V13",0.6652,13,1,0
"8194",410,"V14",0.9395,14,1,0
"8195",410,"V15",0.8949,15,1,0
"8196",410,"V16",0.8893,16,1,0
"8197",410,"V17",0.8621,17,1,1
"8198",410,"V18",0.8621,18,1,1
"8199",410,"V19",0.7596,19,1,0
"8200",410,"V20",0.843,20,1,1
"8201",411,"V1",0.9108,1,1,1
"8202",411,"V2",0.9586,2,0,0
"8203",411,"V3",0.8661,3,1,0
"8204",411,"V4",0.2236,4,0,1
"8205",411,"V5",0.828,5,1,0
"8206",411,"V6",0.9564,6,1,0
"8207",411,"V7",0.0251,7,0,0
"8208",411,"V8",0.8184,8,0,0
"8209",411,"V9",0.7526,9,1,0
"8210",411,"V10",0.029,10,0,0
"8211",411,"V11",0.0656,11,0,0
"8212",411,"V12",0.9594,12,1,0
"8213",411,"V13",0.013,13,0,0
"8214",411,"V14",0.9395,14,1,0
"8215",411,"V15",0.0313,15,0,0
"8216",411,"V16",0.8893,16,1,0
"8217",411,"V17",0.0383,17,0,0
"8218",411,"V18",0.1194,18,0,0
"8219",411,"V19",0.0224,19,0,0
"8220",411,"V20",0.0125,20,0,1
"8221",412,"V1",0.0298,1,0,1
"8222",412,"V2",0.0163,2,0,0
"8223",412,"V3",1e-04,3,0,1
"8224",412,"V4",0.2236,4,0,0
"8225",412,"V5",0.3006,5,0,0
"8226",412,"V6",0.9564,6,1,0
"8227",412,"V7",0.0251,7,0,0
"8228",412,"V8",0.8184,8,1,0
"8229",412,"V9",0.7526,9,1,0
"8230",412,"V10",0.029,10,0,0
"8231",412,"V11",0.0656,11,0,0
"8232",412,"V12",0.9594,12,1,0
"8233",412,"V13",0.013,13,0,1
"8234",412,"V14",0.9395,14,1,1
"8235",412,"V15",0.0313,15,0,0
"8236",412,"V16",0.8893,16,1,0
"8237",412,"V17",0.0383,17,0,0
"8238",412,"V18",0.1194,18,0,0
"8239",412,"V19",0.0224,19,0,0
"8240",412,"V20",0.0125,20,0,0
"8241",413,"V1",0.9108,1,1,0
"8242",413,"V2",0.9586,2,1,0
"8243",413,"V3",0.8661,3,1,0
"8244",413,"V4",0.8901,4,0,0
"8245",413,"V5",0.828,5,1,1
"8246",413,"V6",0.9564,6,1,0
"8247",413,"V7",0.8035,7,1,0
"8248",413,"V8",0.8184,8,1,0
"8249",413,"V9",0.7526,9,1,0
"8250",413,"V10",0.7864,10,1,0
"8251",413,"V11",0.9181,11,1,0
"8252",413,"V12",0.9594,12,1,1
"8253",413,"V13",0.6652,13,1,0
"8254",413,"V14",0.9395,14,1,1
"8255",413,"V15",0.8949,15,1,0
"8256",413,"V16",0.8893,16,1,1
"8257",413,"V17",0.8621,17,1,0
"8258",413,"V18",0.8621,18,1,1
"8259",413,"V19",0.7596,19,1,0
"8260",413,"V20",0.843,20,1,0
"8261",414,"V1",0.0298,1,0,0
"8262",414,"V2",0.0163,2,0,0
"8263",414,"V3",1e-04,3,0,0
"8264",414,"V4",0.2236,4,0,0
"8265",414,"V5",0.3006,5,0,0
"8266",414,"V6",0.0951,6,0,0
"8267",414,"V7",0.0251,7,0,0
"8268",414,"V8",0.4438,8,0,0
"8269",414,"V9",0.2883,9,0,0
"8270",414,"V10",0.029,10,0,0
"8271",414,"V11",0.0656,11,0,0
"8272",414,"V12",0.1274,12,1,1
"8273",414,"V13",0.013,13,0,1
"8274",414,"V14",0.0615,14,1,0
"8275",414,"V15",0.0313,15,0,0
"8276",414,"V16",0.1086,16,1,0
"8277",414,"V17",0.0383,17,0,0
"8278",414,"V18",0.1194,18,0,0
"8279",414,"V19",0.0224,19,0,0
"8280",414,"V20",0.0125,20,0,0
"8281",415,"V1",0.0298,1,0,0
"8282",415,"V2",0.0163,2,0,1
"8283",415,"V3",1e-04,3,0,0
"8284",415,"V4",0.2236,4,0,0
"8285",415,"V5",0.3006,5,1,0
"8286",415,"V6",0.0951,6,0,0
"8287",415,"V7",0.0251,7,0,0
"8288",415,"V8",0.4438,8,0,1
"8289",415,"V9",0.2883,9,1,1
"8290",415,"V10",0.029,10,0,1
"8291",415,"V11",0.0656,11,0,0
"8292",415,"V12",0.1274,12,0,0
"8293",415,"V13",0.013,13,0,0
"8294",415,"V14",0.0615,14,0,1
"8295",415,"V15",0.0313,15,0,1
"8296",415,"V16",0.1086,16,0,1
"8297",415,"V17",0.0383,17,0,0
"8298",415,"V18",0.1194,18,0,0
"8299",415,"V19",0.0224,19,0,1
"8300",415,"V20",0.0125,20,0,0
"8301",416,"V1",0.0298,1,0,0
"8302",416,"V2",0.0163,2,0,1
"8303",416,"V3",1e-04,3,0,0
"8304",416,"V4",0.2236,4,0,0
"8305",416,"V5",0.3006,5,0,0
"8306",416,"V6",0.9564,6,1,0
"8307",416,"V7",0.0251,7,0,1
"8308",416,"V8",0.8184,8,1,0
"8309",416,"V9",0.7526,9,1,0
"8310",416,"V10",0.029,10,0,0
"8311",416,"V11",0.0656,11,0,1
"8312",416,"V12",0.9594,12,1,0
"8313",416,"V13",0.013,13,0,0
"8314",416,"V14",0.9395,14,1,0
"8315",416,"V15",0.0313,15,0,0
"8316",416,"V16",0.8893,16,1,0
"8317",416,"V17",0.0383,17,1,0
"8318",416,"V18",0.1194,18,0,0
"8319",416,"V19",0.0224,19,0,0
"8320",416,"V20",0.0125,20,0,0
"8321",417,"V1",0.0298,1,0,1
"8322",417,"V2",0.0163,2,0,0
"8323",417,"V3",1e-04,3,0,1
"8324",417,"V4",0.2236,4,0,0
"8325",417,"V5",0.3006,5,1,0
"8326",417,"V6",0.9564,6,1,0
"8327",417,"V7",0.0251,7,0,0
"8328",417,"V8",0.8184,8,0,0
"8329",417,"V9",0.7526,9,0,1
"8330",417,"V10",0.029,10,0,0
"8331",417,"V11",0.0656,11,1,0
"8332",417,"V12",0.9594,12,1,0
"8333",417,"V13",0.013,13,0,1
"8334",417,"V14",0.9395,14,1,0
"8335",417,"V15",0.0313,15,0,0
"8336",417,"V16",0.8893,16,1,0
"8337",417,"V17",0.0383,17,0,1
"8338",417,"V18",0.1194,18,0,0
"8339",417,"V19",0.0224,19,0,0
"8340",417,"V20",0.0125,20,0,0
"8341",418,"V1",0.0298,1,0,0
"8342",418,"V2",0.0163,2,0,1
"8343",418,"V3",1e-04,3,0,0
"8344",418,"V4",0.2236,4,1,0
"8345",418,"V5",0.3006,5,0,0
"8346",418,"V6",0.9564,6,1,0
"8347",418,"V7",0.0251,7,0,0
"8348",418,"V8",0.8184,8,1,0
"8349",418,"V9",0.7526,9,1,0
"8350",418,"V10",0.029,10,0,0
"8351",418,"V11",0.0656,11,0,0
"8352",418,"V12",0.1274,12,0,0
"8353",418,"V13",0.013,13,0,0
"8354",418,"V14",0.9395,14,1,0
"8355",418,"V15",0.0313,15,0,0
"8356",418,"V16",0.8893,16,1,0
"8357",418,"V17",0.0383,17,0,0
"8358",418,"V18",0.1194,18,0,0
"8359",418,"V19",0.0224,19,0,0
"8360",418,"V20",0.0125,20,0,0
"8361",419,"V1",0.9108,1,1,0
"8362",419,"V2",0.9586,2,1,0
"8363",419,"V3",0.8661,3,1,0
"8364",419,"V4",0.2236,4,0,0
"8365",419,"V5",0.828,5,1,0
"8366",419,"V6",0.9564,6,1,0
"8367",419,"V7",0.0251,7,0,0
"8368",419,"V8",0.8184,8,1,0
"8369",419,"V9",0.7526,9,1,0
"8370",419,"V10",0.029,10,0,0
"8371",419,"V11",0.0656,11,0,0
"8372",419,"V12",0.9594,12,1,1
"8373",419,"V13",0.013,13,0,0
"8374",419,"V14",0.9395,14,1,0
"8375",419,"V15",0.0313,15,0,1
"8376",419,"V16",0.8893,16,1,0
"8377",419,"V17",0.0383,17,0,0
"8378",419,"V18",0.1194,18,0,0
"8379",419,"V19",0.0224,19,0,0
"8380",419,"V20",0.0125,20,0,0
"8381",420,"V1",0.0298,1,0,0
"8382",420,"V2",0.0163,2,0,0
"8383",420,"V3",1e-04,3,0,0
"8384",420,"V4",0.2236,4,1,0
"8385",420,"V5",0.3006,5,1,1
"8386",420,"V6",0.9564,6,1,0
"8387",420,"V7",0.0251,7,0,1
"8388",420,"V8",0.8184,8,1,1
"8389",420,"V9",0.7526,9,1,1
"8390",420,"V10",0.029,10,0,1
"8391",420,"V11",0.0656,11,1,0
"8392",420,"V12",0.1274,12,0,0
"8393",420,"V13",0.013,13,0,0
"8394",420,"V14",0.9395,14,1,0
"8395",420,"V15",0.0313,15,0,0
"8396",420,"V16",0.8893,16,1,0
"8397",420,"V17",0.0383,17,0,0
"8398",420,"V18",0.1194,18,0,0
"8399",420,"V19",0.0224,19,0,0
"8400",420,"V20",0.0125,20,0,0
"8401",421,"V1",0.0298,1,0,1
"8402",421,"V2",0.0163,2,0,0
"8403",421,"V3",1e-04,3,0,0
"8404",421,"V4",0.2236,4,0,0
"8405",421,"V5",0.3006,5,1,0
"8406",421,"V6",0.0951,6,0,0
"8407",421,"V7",0.0251,7,0,0
"8408",421,"V8",0.4438,8,0,0
"8409",421,"V9",0.2883,9,1,1
"8410",421,"V10",0.029,10,0,0
"8411",421,"V11",0.0656,11,0,0
"8412",421,"V12",0.1274,12,0,1
"8413",421,"V13",0.013,13,0,0
"8414",421,"V14",0.0615,14,0,0
"8415",421,"V15",0.0313,15,0,0
"8416",421,"V16",0.1086,16,0,0
"8417",421,"V17",0.0383,17,0,1
"8418",421,"V18",0.1194,18,0,1
"8419",421,"V19",0.0224,19,0,0
"8420",421,"V20",0.0125,20,0,0
"8421",422,"V1",0.9108,1,1,0
"8422",422,"V2",0.9586,2,1,0
"8423",422,"V3",0.8661,3,1,0
"8424",422,"V4",0.8901,4,1,0
"8425",422,"V5",0.828,5,0,0
"8426",422,"V6",0.9564,6,1,0
"8427",422,"V7",0.8035,7,0,0
"8428",422,"V8",0.8184,8,0,0
"8429",422,"V9",0.7526,9,1,0
"8430",422,"V10",0.7864,10,0,0
"8431",422,"V11",0.9181,11,1,0
"8432",422,"V12",0.9594,12,1,0
"8433",422,"V13",0.6652,13,1,0
"8434",422,"V14",0.9395,14,1,0
"8435",422,"V15",0.8949,15,1,0
"8436",422,"V16",0.8893,16,1,0
"8437",422,"V17",0.8621,17,1,0
"8438",422,"V18",0.8621,18,1,0
"8439",422,"V19",0.7596,19,1,0
"8440",422,"V20",0.843,20,0,0
"8441",423,"V1",0.0298,1,0,1
"8442",423,"V2",0.0163,2,0,0
"8443",423,"V3",1e-04,3,0,0
"8444",423,"V4",0.2236,4,0,1
"8445",423,"V5",0.3006,5,1,1
"8446",423,"V6",0.0951,6,0,1
"8447",423,"V7",0.0251,7,0,0
"8448",423,"V8",0.4438,8,1,1
"8449",423,"V9",0.2883,9,0,0
"8450",423,"V10",0.029,10,0,0
"8451",423,"V11",0.0656,11,0,0
"8452",423,"V12",0.1274,12,0,0
"8453",423,"V13",0.013,13,0,0
"8454",423,"V14",0.0615,14,0,0
"8455",423,"V15",0.0313,15,0,0
"8456",423,"V16",0.1086,16,0,0
"8457",423,"V17",0.0383,17,0,0
"8458",423,"V18",0.1194,18,0,1
"8459",423,"V19",0.0224,19,0,0
"8460",423,"V20",0.0125,20,0,0
"8461",424,"V1",0.0298,1,0,0
"8462",424,"V2",0.0163,2,0,1
"8463",424,"V3",1e-04,3,0,1
"8464",424,"V4",0.2236,4,0,0
"8465",424,"V5",0.3006,5,1,1
"8466",424,"V6",0.9564,6,1,0
"8467",424,"V7",0.0251,7,0,1
"8468",424,"V8",0.8184,8,1,0
"8469",424,"V9",0.7526,9,1,0
"8470",424,"V10",0.029,10,0,0
"8471",424,"V11",0.0656,11,0,0
"8472",424,"V12",0.9594,12,1,0
"8473",424,"V13",0.013,13,0,0
"8474",424,"V14",0.9395,14,1,0
"8475",424,"V15",0.0313,15,0,0
"8476",424,"V16",0.8893,16,1,0
"8477",424,"V17",0.0383,17,0,0
"8478",424,"V18",0.1194,18,0,0
"8479",424,"V19",0.0224,19,0,0
"8480",424,"V20",0.0125,20,0,0
"8481",425,"V1",0.0298,1,0,1
"8482",425,"V2",0.0163,2,0,0
"8483",425,"V3",1e-04,3,0,0
"8484",425,"V4",0.2236,4,0,0
"8485",425,"V5",0.3006,5,1,1
"8486",425,"V6",0.9564,6,1,0
"8487",425,"V7",0.0251,7,0,0
"8488",425,"V8",0.8184,8,1,0
"8489",425,"V9",0.7526,9,1,0
"8490",425,"V10",0.029,10,0,0
"8491",425,"V11",0.0656,11,0,0
"8492",425,"V12",0.9594,12,1,0
"8493",425,"V13",0.013,13,0,0
"8494",425,"V14",0.9395,14,1,0
"8495",425,"V15",0.0313,15,0,0
"8496",425,"V16",0.8893,16,1,0
"8497",425,"V17",0.0383,17,0,0
"8498",425,"V18",0.1194,18,0,0
"8499",425,"V19",0.0224,19,0,0
"8500",425,"V20",0.0125,20,0,0
"8501",426,"V1",0.0298,1,0,1
"8502",426,"V2",0.0163,2,0,0
"8503",426,"V3",1e-04,3,0,0
"8504",426,"V4",0.2236,4,1,0
"8505",426,"V5",0.3006,5,0,0
"8506",426,"V6",0.0951,6,0,1
"8507",426,"V7",0.0251,7,0,0
"8508",426,"V8",0.4438,8,1,0
"8509",426,"V9",0.2883,9,0,1
"8510",426,"V10",0.029,10,0,0
"8511",426,"V11",0.0656,11,0,0
"8512",426,"V12",0.1274,12,0,0
"8513",426,"V13",0.013,13,0,0
"8514",426,"V14",0.0615,14,0,0
"8515",426,"V15",0.0313,15,0,1
"8516",426,"V16",0.1086,16,0,0
"8517",426,"V17",0.0383,17,0,0
"8518",426,"V18",0.1194,18,0,0
"8519",426,"V19",0.0224,19,0,0
"8520",426,"V20",0.0125,20,0,0
"8521",427,"V1",0.9108,1,0,1
"8522",427,"V2",0.9586,2,1,0
"8523",427,"V3",0.8661,3,0,1
"8524",427,"V4",0.2236,4,0,0
"8525",427,"V5",0.828,5,1,0
"8526",427,"V6",0.9564,6,1,0
"8527",427,"V7",0.0251,7,0,1
"8528",427,"V8",0.8184,8,0,0
"8529",427,"V9",0.7526,9,1,0
"8530",427,"V10",0.029,10,0,0
"8531",427,"V11",0.0656,11,0,0
"8532",427,"V12",0.9594,12,0,1
"8533",427,"V13",0.013,13,0,0
"8534",427,"V14",0.9395,14,1,0
"8535",427,"V15",0.0313,15,0,0
"8536",427,"V16",0.8893,16,1,0
"8537",427,"V17",0.0383,17,0,0
"8538",427,"V18",0.1194,18,0,0
"8539",427,"V19",0.0224,19,0,0
"8540",427,"V20",0.0125,20,0,0
"8541",428,"V1",0.9108,1,1,0
"8542",428,"V2",0.9586,2,1,0
"8543",428,"V3",0.8661,3,1,0
"8544",428,"V4",0.8901,4,1,0
"8545",428,"V5",0.828,5,1,0
"8546",428,"V6",0.9564,6,1,1
"8547",428,"V7",0.0251,7,0,0
"8548",428,"V8",0.8184,8,1,0
"8549",428,"V9",0.7526,9,1,0
"8550",428,"V10",0.7864,10,1,0
"8551",428,"V11",0.9181,11,1,0
"8552",428,"V12",0.9594,12,1,1
"8553",428,"V13",0.6652,13,1,0
"8554",428,"V14",0.9395,14,1,0
"8555",428,"V15",0.0313,15,0,0
"8556",428,"V16",0.8893,16,1,0
"8557",428,"V17",0.8621,17,1,0
"8558",428,"V18",0.8621,18,1,1
"8559",428,"V19",0.0224,19,0,0
"8560",428,"V20",0.843,20,1,0
"8561",429,"V1",0.9108,1,1,0
"8562",429,"V2",0.9586,2,1,0
"8563",429,"V3",0.8661,3,1,0
"8564",429,"V4",0.8901,4,1,1
"8565",429,"V5",0.828,5,1,0
"8566",429,"V6",0.9564,6,1,0
"8567",429,"V7",0.8035,7,1,0
"8568",429,"V8",0.8184,8,1,0
"8569",429,"V9",0.7526,9,1,0
"8570",429,"V10",0.7864,10,1,0
"8571",429,"V11",0.9181,11,1,0
"8572",429,"V12",0.9594,12,1,1
"8573",429,"V13",0.6652,13,0,1
"8574",429,"V14",0.9395,14,1,0
"8575",429,"V15",0.8949,15,1,1
"8576",429,"V16",0.8893,16,1,0
"8577",429,"V17",0.8621,17,1,0
"8578",429,"V18",0.8621,18,1,0
"8579",429,"V19",0.7596,19,0,0
"8580",429,"V20",0.843,20,1,0
"8581",430,"V1",0.0298,1,0,0
"8582",430,"V2",0.0163,2,0,0
"8583",430,"V3",1e-04,3,0,1
"8584",430,"V4",0.2236,4,1,0
"8585",430,"V5",0.3006,5,0,0
"8586",430,"V6",0.9564,6,1,0
"8587",430,"V7",0.0251,7,0,0
"8588",430,"V8",0.8184,8,1,0
"8589",430,"V9",0.7526,9,1,0
"8590",430,"V10",0.029,10,0,0
"8591",430,"V11",0.0656,11,0,0
"8592",430,"V12",0.9594,12,1,0
"8593",430,"V13",0.013,13,0,0
"8594",430,"V14",0.9395,14,1,0
"8595",430,"V15",0.0313,15,0,0
"8596",430,"V16",0.8893,16,1,0
"8597",430,"V17",0.0383,17,0,1
"8598",430,"V18",0.1194,18,0,0
"8599",430,"V19",0.0224,19,0,1
"8600",430,"V20",0.0125,20,0,0
"8601",431,"V1",0.9108,1,1,0
"8602",431,"V2",0.9586,2,1,0
"8603",431,"V3",0.8661,3,1,0
"8604",431,"V4",0.8901,4,1,0
"8605",431,"V5",0.828,5,1,0
"8606",431,"V6",0.9564,6,1,0
"8607",431,"V7",0.8035,7,1,0
"8608",431,"V8",0.8184,8,1,0
"8609",431,"V9",0.7526,9,1,0
"8610",431,"V10",0.7864,10,1,0
"8611",431,"V11",0.9181,11,1,1
"8612",431,"V12",0.9594,12,1,1
"8613",431,"V13",0.6652,13,1,0
"8614",431,"V14",0.9395,14,1,0
"8615",431,"V15",0.8949,15,1,1
"8616",431,"V16",0.8893,16,1,1
"8617",431,"V17",0.8621,17,1,0
"8618",431,"V18",0.8621,18,1,0
"8619",431,"V19",0.7596,19,1,0
"8620",431,"V20",0.843,20,1,0
"8621",432,"V1",0.9108,1,1,0
"8622",432,"V2",0.9586,2,1,1
"8623",432,"V3",0.8661,3,1,0
"8624",432,"V4",0.8901,4,1,0
"8625",432,"V5",0.828,5,0,1
"8626",432,"V6",0.9564,6,1,1
"8627",432,"V7",0.8035,7,1,0
"8628",432,"V8",0.8184,8,1,0
"8629",432,"V9",0.7526,9,1,1
"8630",432,"V10",0.7864,10,1,0
"8631",432,"V11",0.9181,11,1,0
"8632",432,"V12",0.9594,12,1,0
"8633",432,"V13",0.6652,13,0,0
"8634",432,"V14",0.9395,14,1,0
"8635",432,"V15",0.8949,15,1,0
"8636",432,"V16",0.8893,16,1,1
"8637",432,"V17",0.8621,17,1,0
"8638",432,"V18",0.8621,18,1,0
"8639",432,"V19",0.7596,19,0,0
"8640",432,"V20",0.843,20,1,0
"8641",433,"V1",0.9108,1,1,0
"8642",433,"V2",0.9586,2,1,0
"8643",433,"V3",0.8661,3,1,0
"8644",433,"V4",0.8901,4,1,0
"8645",433,"V5",0.828,5,0,1
"8646",433,"V6",0.9564,6,1,1
"8647",433,"V7",0.8035,7,1,0
"8648",433,"V8",0.8184,8,1,1
"8649",433,"V9",0.7526,9,1,1
"8650",433,"V10",0.7864,10,1,0
"8651",433,"V11",0.9181,11,1,1
"8652",433,"V12",0.9594,12,1,0
"8653",433,"V13",0.6652,13,0,0
"8654",433,"V14",0.9395,14,1,0
"8655",433,"V15",0.8949,15,1,0
"8656",433,"V16",0.8893,16,1,0
"8657",433,"V17",0.8621,17,1,0
"8658",433,"V18",0.8621,18,1,0
"8659",433,"V19",0.7596,19,0,1
"8660",433,"V20",0.843,20,1,1
"8661",434,"V1",0.9108,1,1,0
"8662",434,"V2",0.9586,2,1,0
"8663",434,"V3",0.8661,3,1,0
"8664",434,"V4",0.8901,4,1,1
"8665",434,"V5",0.828,5,1,0
"8666",434,"V6",0.9564,6,1,0
"8667",434,"V7",0.8035,7,0,0
"8668",434,"V8",0.8184,8,1,1
"8669",434,"V9",0.7526,9,1,1
"8670",434,"V10",0.7864,10,1,1
"8671",434,"V11",0.9181,11,1,0
"8672",434,"V12",0.9594,12,1,0
"8673",434,"V13",0.6652,13,1,1
"8674",434,"V14",0.9395,14,1,0
"8675",434,"V15",0.8949,15,1,0
"8676",434,"V16",0.8893,16,1,1
"8677",434,"V17",0.8621,17,1,0
"8678",434,"V18",0.8621,18,1,0
"8679",434,"V19",0.7596,19,0,0
"8680",434,"V20",0.843,20,1,0
"8681",435,"V1",0.0298,1,0,0
"8682",435,"V2",0.0163,2,0,0
"8683",435,"V3",1e-04,3,0,0
"8684",435,"V4",0.2236,4,0,1
"8685",435,"V5",0.3006,5,0,0
"8686",435,"V6",0.0951,6,0,0
"8687",435,"V7",0.0251,7,0,1
"8688",435,"V8",0.4438,8,1,0
"8689",435,"V9",0.2883,9,1,1
"8690",435,"V10",0.029,10,0,0
"8691",435,"V11",0.0656,11,0,1
"8692",435,"V12",0.1274,12,0,0
"8693",435,"V13",0.013,13,0,1
"8694",435,"V14",0.0615,14,0,0
"8695",435,"V15",0.0313,15,0,0
"8696",435,"V16",0.1086,16,0,0
"8697",435,"V17",0.0383,17,0,0
"8698",435,"V18",0.1194,18,0,0
"8699",435,"V19",0.0224,19,0,0
"8700",435,"V20",0.0125,20,0,1
"8701",436,"V1",0.0298,1,0,1
"8702",436,"V2",0.0163,2,0,0
"8703",436,"V3",1e-04,3,0,0
"8704",436,"V4",0.2236,4,1,0
"8705",436,"V5",0.3006,5,0,1
"8706",436,"V6",0.0951,6,0,0
"8707",436,"V7",0.0251,7,0,0
"8708",436,"V8",0.4438,8,1,0
"8709",436,"V9",0.2883,9,0,1
"8710",436,"V10",0.029,10,0,0
"8711",436,"V11",0.0656,11,0,0
"8712",436,"V12",0.1274,12,0,1
"8713",436,"V13",0.013,13,0,1
"8714",436,"V14",0.0615,14,0,0
"8715",436,"V15",0.0313,15,0,0
"8716",436,"V16",0.1086,16,0,0
"8717",436,"V17",0.0383,17,0,1
"8718",436,"V18",0.1194,18,0,1
"8719",436,"V19",0.0224,19,0,0
"8720",436,"V20",0.0125,20,0,0
"8721",437,"V1",0.0298,1,0,0
"8722",437,"V2",0.0163,2,0,1
"8723",437,"V3",1e-04,3,0,0
"8724",437,"V4",0.2236,4,0,0
"8725",437,"V5",0.3006,5,0,0
"8726",437,"V6",0.9564,6,1,0
"8727",437,"V7",0.0251,7,0,0
"8728",437,"V8",0.8184,8,1,0
"8729",437,"V9",0.7526,9,1,0
"8730",437,"V10",0.029,10,0,0
"8731",437,"V11",0.0656,11,0,0
"8732",437,"V12",0.9594,12,1,0
"8733",437,"V13",0.013,13,0,0
"8734",437,"V14",0.9395,14,1,1
"8735",437,"V15",0.0313,15,0,0
"8736",437,"V16",0.8893,16,1,0
"8737",437,"V17",0.0383,17,0,0
"8738",437,"V18",0.1194,18,0,0
"8739",437,"V19",0.0224,19,0,0
"8740",437,"V20",0.0125,20,0,0
"8741",438,"V1",0.9108,1,1,1
"8742",438,"V2",0.9586,2,1,0
"8743",438,"V3",0.8661,3,1,1
"8744",438,"V4",0.2236,4,0,0
"8745",438,"V5",0.828,5,0,0
"8746",438,"V6",0.9564,6,1,0
"8747",438,"V7",0.8035,7,1,0
"8748",438,"V8",0.8184,8,1,0
"8749",438,"V9",0.7526,9,1,0
"8750",438,"V10",0.029,10,0,0
"8751",438,"V11",0.0656,11,0,0
"8752",438,"V12",0.9594,12,1,0
"8753",438,"V13",0.013,13,0,0
"8754",438,"V14",0.9395,14,1,1
"8755",438,"V15",0.8949,15,1,0
"8756",438,"V16",0.8893,16,1,1
"8757",438,"V17",0.0383,17,0,0
"8758",438,"V18",0.1194,18,0,0
"8759",438,"V19",0.0224,19,0,0
"8760",438,"V20",0.0125,20,0,0
"8761",439,"V1",0.9108,1,1,0
"8762",439,"V2",0.9586,2,0,0
"8763",439,"V3",0.8661,3,1,0
"8764",439,"V4",0.8901,4,1,0
"8765",439,"V5",0.828,5,1,0
"8766",439,"V6",0.9564,6,1,0
"8767",439,"V7",0.8035,7,1,1
"8768",439,"V8",0.8184,8,1,1
"8769",439,"V9",0.7526,9,1,0
"8770",439,"V10",0.7864,10,1,0
"8771",439,"V11",0.9181,11,1,0
"8772",439,"V12",0.9594,12,1,0
"8773",439,"V13",0.6652,13,1,0
"8774",439,"V14",0.9395,14,1,0
"8775",439,"V15",0.8949,15,1,0
"8776",439,"V16",0.8893,16,1,0
"8777",439,"V17",0.8621,17,1,0
"8778",439,"V18",0.8621,18,0,1
"8779",439,"V19",0.7596,19,0,0
"8780",439,"V20",0.843,20,1,0
"8781",440,"V1",0.9108,1,1,0
"8782",440,"V2",0.9586,2,1,1
"8783",440,"V3",0.8661,3,0,1
"8784",440,"V4",0.8901,4,1,0
"8785",440,"V5",0.828,5,1,0
"8786",440,"V6",0.9564,6,1,0
"8787",440,"V7",0.8035,7,1,0
"8788",440,"V8",0.8184,8,1,0
"8789",440,"V9",0.7526,9,1,0
"8790",440,"V10",0.7864,10,1,0
"8791",440,"V11",0.9181,11,1,0
"8792",440,"V12",0.9594,12,1,0
"8793",440,"V13",0.6652,13,0,0
"8794",440,"V14",0.9395,14,1,0
"8795",440,"V15",0.8949,15,1,1
"8796",440,"V16",0.8893,16,1,0
"8797",440,"V17",0.8621,17,1,0
"8798",440,"V18",0.8621,18,1,0
"8799",440,"V19",0.7596,19,0,0
"8800",440,"V20",0.843,20,1,0
"8801",441,"V1",0.0298,1,0,0
"8802",441,"V2",0.0163,2,0,0
"8803",441,"V3",1e-04,3,0,0
"8804",441,"V4",0.2236,4,0,0
"8805",441,"V5",0.3006,5,1,0
"8806",441,"V6",0.0951,6,0,1
"8807",441,"V7",0.0251,7,0,0
"8808",441,"V8",0.4438,8,1,0
"8809",441,"V9",0.2883,9,1,1
"8810",441,"V10",0.029,10,0,1
"8811",441,"V11",0.0656,11,0,1
"8812",441,"V12",0.1274,12,0,0
"8813",441,"V13",0.013,13,0,0
"8814",441,"V14",0.0615,14,0,0
"8815",441,"V15",0.0313,15,0,0
"8816",441,"V16",0.1086,16,0,0
"8817",441,"V17",0.0383,17,0,0
"8818",441,"V18",0.1194,18,0,0
"8819",441,"V19",0.0224,19,0,0
"8820",441,"V20",0.0125,20,0,0
"8821",442,"V1",0.0298,1,0,0
"8822",442,"V2",0.0163,2,0,1
"8823",442,"V3",1e-04,3,0,0
"8824",442,"V4",0.2236,4,1,0
"8825",442,"V5",0.3006,5,0,0
"8826",442,"V6",0.0951,6,0,0
"8827",442,"V7",0.0251,7,0,0
"8828",442,"V8",0.4438,8,1,0
"8829",442,"V9",0.2883,9,0,0
"8830",442,"V10",0.029,10,0,0
"8831",442,"V11",0.0656,11,0,0
"8832",442,"V12",0.1274,12,0,0
"8833",442,"V13",0.013,13,0,0
"8834",442,"V14",0.0615,14,0,0
"8835",442,"V15",0.0313,15,0,0
"8836",442,"V16",0.1086,16,0,0
"8837",442,"V17",0.0383,17,0,0
"8838",442,"V18",0.1194,18,0,1
"8839",442,"V19",0.0224,19,0,0
"8840",442,"V20",0.0125,20,0,1
"8841",443,"V1",0.9108,1,1,0
"8842",443,"V2",0.9586,2,1,0
"8843",443,"V3",0.8661,3,1,0
"8844",443,"V4",0.8901,4,1,0
"8845",443,"V5",0.828,5,0,0
"8846",443,"V6",0.9564,6,1,0
"8847",443,"V7",0.8035,7,1,1
"8848",443,"V8",0.8184,8,1,0
"8849",443,"V9",0.7526,9,1,0
"8850",443,"V10",0.7864,10,0,0
"8851",443,"V11",0.9181,11,1,0
"8852",443,"V12",0.9594,12,1,0
"8853",443,"V13",0.6652,13,0,0
"8854",443,"V14",0.9395,14,1,0
"8855",443,"V15",0.8949,15,0,0
"8856",443,"V16",0.8893,16,1,0
"8857",443,"V17",0.8621,17,1,0
"8858",443,"V18",0.8621,18,1,0
"8859",443,"V19",0.7596,19,1,1
"8860",443,"V20",0.843,20,1,0
"8861",444,"V1",0.9108,1,1,0
"8862",444,"V2",0.9586,2,1,0
"8863",444,"V3",0.8661,3,1,0
"8864",444,"V4",0.2236,4,0,0
"8865",444,"V5",0.828,5,1,0
"8866",444,"V6",0.9564,6,1,0
"8867",444,"V7",0.8035,7,1,0
"8868",444,"V8",0.8184,8,1,0
"8869",444,"V9",0.7526,9,1,0
"8870",444,"V10",0.029,10,0,0
"8871",444,"V11",0.0656,11,0,0
"8872",444,"V12",0.9594,12,1,1
"8873",444,"V13",0.013,13,0,0
"8874",444,"V14",0.9395,14,1,0
"8875",444,"V15",0.8949,15,1,0
"8876",444,"V16",0.8893,16,1,1
"8877",444,"V17",0.0383,17,0,0
"8878",444,"V18",0.1194,18,1,0
"8879",444,"V19",0.0224,19,0,0
"8880",444,"V20",0.0125,20,0,0
"8881",445,"V1",0.9108,1,1,1
"8882",445,"V2",0.9586,2,1,0
"8883",445,"V3",0.8661,3,1,0
"8884",445,"V4",0.8901,4,1,0
"8885",445,"V5",0.828,5,1,1
"8886",445,"V6",0.9564,6,1,0
"8887",445,"V7",0.8035,7,1,0
"8888",445,"V8",0.8184,8,1,0
"8889",445,"V9",0.7526,9,1,0
"8890",445,"V10",0.7864,10,0,1
"8891",445,"V11",0.9181,11,1,0
"8892",445,"V12",0.9594,12,1,0
"8893",445,"V13",0.6652,13,1,0
"8894",445,"V14",0.9395,14,1,0
"8895",445,"V15",0.8949,15,1,1
"8896",445,"V16",0.8893,16,1,0
"8897",445,"V17",0.8621,17,1,0
"8898",445,"V18",0.8621,18,1,0
"8899",445,"V19",0.7596,19,1,0
"8900",445,"V20",0.843,20,1,0
"8901",446,"V1",0.0298,1,0,0
"8902",446,"V2",0.0163,2,0,0
"8903",446,"V3",1e-04,3,0,0
"8904",446,"V4",0.2236,4,1,0
"8905",446,"V5",0.3006,5,0,1
"8906",446,"V6",0.0951,6,0,0
"8907",446,"V7",0.0251,7,0,0
"8908",446,"V8",0.4438,8,1,0
"8909",446,"V9",0.2883,9,0,0
"8910",446,"V10",0.029,10,0,0
"8911",446,"V11",0.0656,11,0,0
"8912",446,"V12",0.1274,12,0,1
"8913",446,"V13",0.013,13,0,0
"8914",446,"V14",0.0615,14,0,0
"8915",446,"V15",0.0313,15,0,0
"8916",446,"V16",0.1086,16,0,0
"8917",446,"V17",0.0383,17,0,1
"8918",446,"V18",0.1194,18,0,0
"8919",446,"V19",0.0224,19,0,0
"8920",446,"V20",0.0125,20,0,0
"8921",447,"V1",0.9108,1,1,0
"8922",447,"V2",0.9586,2,1,0
"8923",447,"V3",0.8661,3,1,0
"8924",447,"V4",0.8901,4,1,0
"8925",447,"V5",0.828,5,1,1
"8926",447,"V6",0.9564,6,1,1
"8927",447,"V7",0.0251,7,0,0
"8928",447,"V8",0.8184,8,1,0
"8929",447,"V9",0.7526,9,1,0
"8930",447,"V10",0.7864,10,1,0
"8931",447,"V11",0.9181,11,1,1
"8932",447,"V12",0.9594,12,1,0
"8933",447,"V13",0.6652,13,1,0
"8934",447,"V14",0.9395,14,1,0
"8935",447,"V15",0.0313,15,0,1
"8936",447,"V16",0.8893,16,1,1
"8937",447,"V17",0.8621,17,0,0
"8938",447,"V18",0.8621,18,1,0
"8939",447,"V19",0.0224,19,0,0
"8940",447,"V20",0.843,20,1,0
"8941",448,"V1",0.9108,1,1,0
"8942",448,"V2",0.9586,2,1,0
"8943",448,"V3",0.8661,3,1,0
"8944",448,"V4",0.2236,4,0,0
"8945",448,"V5",0.828,5,0,0
"8946",448,"V6",0.9564,6,1,0
"8947",448,"V7",0.8035,7,1,1
"8948",448,"V8",0.8184,8,1,0
"8949",448,"V9",0.7526,9,1,0
"8950",448,"V10",0.7864,10,0,0
"8951",448,"V11",0.9181,11,0,1
"8952",448,"V12",0.9594,12,1,0
"8953",448,"V13",0.6652,13,1,0
"8954",448,"V14",0.9395,14,1,0
"8955",448,"V15",0.8949,15,1,0
"8956",448,"V16",0.8893,16,1,1
"8957",448,"V17",0.8621,17,0,1
"8958",448,"V18",0.8621,18,1,0
"8959",448,"V19",0.0224,19,0,0
"8960",448,"V20",0.0125,20,0,0
"8961",449,"V1",0.9108,1,1,0
"8962",449,"V2",0.9586,2,1,0
"8963",449,"V3",0.8661,3,1,0
"8964",449,"V4",0.8901,4,1,0
"8965",449,"V5",0.828,5,0,0
"8966",449,"V6",0.9564,6,1,1
"8967",449,"V7",0.0251,7,0,0
"8968",449,"V8",0.8184,8,1,0
"8969",449,"V9",0.7526,9,0,1
"8970",449,"V10",0.7864,10,1,0
"8971",449,"V11",0.9181,11,1,0
"8972",449,"V12",0.9594,12,1,0
"8973",449,"V13",0.6652,13,0,0
"8974",449,"V14",0.9395,14,0,1
"8975",449,"V15",0.0313,15,0,0
"8976",449,"V16",0.8893,16,1,0
"8977",449,"V17",0.8621,17,0,1
"8978",449,"V18",0.8621,18,0,1
"8979",449,"V19",0.0224,19,0,0
"8980",449,"V20",0.843,20,0,0
"8981",450,"V1",0.0298,1,0,1
"8982",450,"V2",0.0163,2,0,0
"8983",450,"V3",1e-04,3,0,0
"8984",450,"V4",0.2236,4,0,0
"8985",450,"V5",0.3006,5,0,0
"8986",450,"V6",0.9564,6,1,1
"8987",450,"V7",0.0251,7,0,0
"8988",450,"V8",0.8184,8,0,1
"8989",450,"V9",0.7526,9,1,0
"8990",450,"V10",0.029,10,0,0
"8991",450,"V11",0.0656,11,1,0
"8992",450,"V12",0.9594,12,1,0
"8993",450,"V13",0.013,13,0,0
"8994",450,"V14",0.9395,14,1,0
"8995",450,"V15",0.0313,15,0,0
"8996",450,"V16",0.8893,16,1,0
"8997",450,"V17",0.0383,17,0,1
"8998",450,"V18",0.1194,18,0,0
"8999",450,"V19",0.0224,19,0,0
"9000",450,"V20",0.0125,20,0,0
"9001",451,"V1",0.0298,1,0,0
"9002",451,"V2",0.0163,2,0,0
"9003",451,"V3",1e-04,3,0,1
"9004",451,"V4",0.2236,4,0,0
"9005",451,"V5",0.3006,5,0,0
"9006",451,"V6",0.9564,6,1,1
"9007",451,"V7",0.0251,7,0,0
"9008",451,"V8",0.8184,8,1,1
"9009",451,"V9",0.7526,9,1,0
"9010",451,"V10",0.029,10,0,1
"9011",451,"V11",0.0656,11,0,0
"9012",451,"V12",0.9594,12,1,0
"9013",451,"V13",0.013,13,0,0
"9014",451,"V14",0.9395,14,0,0
"9015",451,"V15",0.0313,15,0,0
"9016",451,"V16",0.8893,16,1,0
"9017",451,"V17",0.0383,17,0,1
"9018",451,"V18",0.1194,18,0,0
"9019",451,"V19",0.0224,19,0,0
"9020",451,"V20",0.0125,20,0,1
"9021",452,"V1",0.0298,1,0,0
"9022",452,"V2",0.0163,2,0,1
"9023",452,"V3",1e-04,3,0,0
"9024",452,"V4",0.2236,4,0,0
"9025",452,"V5",0.3006,5,0,0
"9026",452,"V6",0.9564,6,1,0
"9027",452,"V7",0.8035,7,1,0
"9028",452,"V8",0.8184,8,1,0
"9029",452,"V9",0.7526,9,0,0
"9030",452,"V10",0.029,10,0,0
"9031",452,"V11",0.0656,11,0,1
"9032",452,"V12",0.9594,12,1,1
"9033",452,"V13",0.013,13,0,0
"9034",452,"V14",0.9395,14,1,0
"9035",452,"V15",0.8949,15,0,1
"9036",452,"V16",0.8893,16,1,0
"9037",452,"V17",0.0383,17,0,1
"9038",452,"V18",0.1194,18,0,0
"9039",452,"V19",0.0224,19,0,0
"9040",452,"V20",0.0125,20,0,0
"9041",453,"V1",0.9108,1,1,0
"9042",453,"V2",0.9586,2,1,0
"9043",453,"V3",0.8661,3,1,0
"9044",453,"V4",0.8901,4,1,1
"9045",453,"V5",0.828,5,0,0
"9046",453,"V6",0.9564,6,1,0
"9047",453,"V7",0.8035,7,1,0
"9048",453,"V8",0.8184,8,1,0
"9049",453,"V9",0.7526,9,1,1
"9050",453,"V10",0.7864,10,1,0
"9051",453,"V11",0.9181,11,1,1
"9052",453,"V12",0.9594,12,1,1
"9053",453,"V13",0.6652,13,1,0
"9054",453,"V14",0.9395,14,1,1
"9055",453,"V15",0.8949,15,1,0
"9056",453,"V16",0.8893,16,1,0
"9057",453,"V17",0.8621,17,1,0
"9058",453,"V18",0.8621,18,0,1
"9059",453,"V19",0.7596,19,1,0
"9060",453,"V20",0.843,20,1,0
"9061",454,"V1",0.0298,1,0,0
"9062",454,"V2",0.0163,2,0,1
"9063",454,"V3",1e-04,3,0,0
"9064",454,"V4",0.2236,4,1,0
"9065",454,"V5",0.3006,5,0,0
"9066",454,"V6",0.0951,6,0,0
"9067",454,"V7",0.0251,7,0,1
"9068",454,"V8",0.4438,8,1,0
"9069",454,"V9",0.2883,9,0,0
"9070",454,"V10",0.029,10,0,1
"9071",454,"V11",0.0656,11,0,1
"9072",454,"V12",0.1274,12,0,0
"9073",454,"V13",0.013,13,0,0
"9074",454,"V14",0.0615,14,0,0
"9075",454,"V15",0.0313,15,0,0
"9076",454,"V16",0.1086,16,0,0
"9077",454,"V17",0.0383,17,0,0
"9078",454,"V18",0.1194,18,0,1
"9079",454,"V19",0.0224,19,0,0
"9080",454,"V20",0.0125,20,0,0
"9081",455,"V1",0.0298,1,0,0
"9082",455,"V2",0.0163,2,0,1
"9083",455,"V3",1e-04,3,0,0
"9084",455,"V4",0.2236,4,0,0
"9085",455,"V5",0.3006,5,1,1
"9086",455,"V6",0.9564,6,0,1
"9087",455,"V7",0.0251,7,0,0
"9088",455,"V8",0.8184,8,1,0
"9089",455,"V9",0.7526,9,1,1
"9090",455,"V10",0.029,10,0,0
"9091",455,"V11",0.0656,11,0,0
"9092",455,"V12",0.1274,12,0,0
"9093",455,"V13",0.013,13,0,1
"9094",455,"V14",0.9395,14,1,0
"9095",455,"V15",0.0313,15,1,0
"9096",455,"V16",0.8893,16,1,0
"9097",455,"V17",0.0383,17,1,0
"9098",455,"V18",0.1194,18,0,0
"9099",455,"V19",0.0224,19,0,1
"9100",455,"V20",0.0125,20,0,0
"9101",456,"V1",0.9108,1,1,0
"9102",456,"V2",0.9586,2,1,0
"9103",456,"V3",0.8661,3,1,1
"9104",456,"V4",0.8901,4,1,0
"9105",456,"V5",0.828,5,1,0
"9106",456,"V6",0.9564,6,1,0
"9107",456,"V7",0.8035,7,1,0
"9108",456,"V8",0.8184,8,1,0
"9109",456,"V9",0.7526,9,1,0
"9110",456,"V10",0.7864,10,1,1
"9111",456,"V11",0.9181,11,1,0
"9112",456,"V12",0.9594,12,1,0
"9113",456,"V13",0.6652,13,0,0
"9114",456,"V14",0.9395,14,1,0
"9115",456,"V15",0.8949,15,1,0
"9116",456,"V16",0.8893,16,1,0
"9117",456,"V17",0.8621,17,1,1
"9118",456,"V18",0.8621,18,0,0
"9119",456,"V19",0.7596,19,1,0
"9120",456,"V20",0.843,20,1,0
"9121",457,"V1",0.0298,1,0,0
"9122",457,"V2",0.9586,2,1,0
"9123",457,"V3",0.8661,3,1,0
"9124",457,"V4",0.2236,4,1,0
"9125",457,"V5",0.828,5,1,0
"9126",457,"V6",0.9564,6,1,1
"9127",457,"V7",0.0251,7,0,0
"9128",457,"V8",0.8184,8,1,0
"9129",457,"V9",0.7526,9,0,0
"9130",457,"V10",0.029,10,0,1
"9131",457,"V11",0.0656,11,0,0
"9132",457,"V12",0.9594,12,1,0
"9133",457,"V13",0.013,13,0,0
"9134",457,"V14",0.9395,14,1,0
"9135",457,"V15",0.0313,15,0,1
"9136",457,"V16",0.8893,16,1,0
"9137",457,"V17",0.0383,17,0,1
"9138",457,"V18",0.1194,18,1,0
"9139",457,"V19",0.0224,19,0,1
"9140",457,"V20",0.0125,20,0,0
"9141",458,"V1",0.9108,1,1,0
"9142",458,"V2",0.9586,2,1,0
"9143",458,"V3",0.8661,3,1,0
"9144",458,"V4",0.8901,4,1,1
"9145",458,"V5",0.828,5,1,0
"9146",458,"V6",0.9564,6,1,0
"9147",458,"V7",0.8035,7,1,0
"9148",458,"V8",0.8184,8,1,0
"9149",458,"V9",0.7526,9,1,1
"9150",458,"V10",0.7864,10,0,0
"9151",458,"V11",0.9181,11,1,0
"9152",458,"V12",0.9594,12,1,1
"9153",458,"V13",0.6652,13,0,0
"9154",458,"V14",0.9395,14,1,0
"9155",458,"V15",0.8949,15,1,0
"9156",458,"V16",0.8893,16,1,0
"9157",458,"V17",0.8621,17,1,0
"9158",458,"V18",0.8621,18,1,0
"9159",458,"V19",0.7596,19,1,0
"9160",458,"V20",0.843,20,1,0
"9161",459,"V1",0.9108,1,1,0
"9162",459,"V2",0.9586,2,1,0
"9163",459,"V3",0.8661,3,1,0
"9164",459,"V4",0.8901,4,1,0
"9165",459,"V5",0.828,5,1,1
"9166",459,"V6",0.9564,6,1,0
"9167",459,"V7",0.8035,7,1,0
"9168",459,"V8",0.8184,8,1,0
"9169",459,"V9",0.7526,9,0,0
"9170",459,"V10",0.7864,10,1,0
"9171",459,"V11",0.9181,11,1,1
"9172",459,"V12",0.9594,12,1,0
"9173",459,"V13",0.6652,13,0,0
"9174",459,"V14",0.9395,14,1,0
"9175",459,"V15",0.8949,15,1,0
"9176",459,"V16",0.8893,16,1,0
"9177",459,"V17",0.8621,17,1,0
"9178",459,"V18",0.8621,18,0,0
"9179",459,"V19",0.7596,19,1,0
"9180",459,"V20",0.843,20,1,0
"9181",460,"V1",0.9108,1,1,0
"9182",460,"V2",0.9586,2,1,0
"9183",460,"V3",0.8661,3,1,0
"9184",460,"V4",0.2236,4,0,0
"9185",460,"V5",0.828,5,1,1
"9186",460,"V6",0.9564,6,1,0
"9187",460,"V7",0.8035,7,1,0
"9188",460,"V8",0.8184,8,1,0
"9189",460,"V9",0.7526,9,0,0
"9190",460,"V10",0.029,10,0,0
"9191",460,"V11",0.0656,11,0,0
"9192",460,"V12",0.9594,12,1,0
"9193",460,"V13",0.013,13,0,1
"9194",460,"V14",0.9395,14,1,0
"9195",460,"V15",0.8949,15,1,0
"9196",460,"V16",0.8893,16,1,0
"9197",460,"V17",0.0383,17,0,0
"9198",460,"V18",0.1194,18,0,0
"9199",460,"V19",0.0224,19,0,0
"9200",460,"V20",0.0125,20,0,0
"9201",461,"V1",0.9108,1,1,0
"9202",461,"V2",0.9586,2,1,1
"9203",461,"V3",0.8661,3,1,0
"9204",461,"V4",0.2236,4,0,0
"9205",461,"V5",0.828,5,1,0
"9206",461,"V6",0.9564,6,1,0
"9207",461,"V7",0.8035,7,1,1
"9208",461,"V8",0.8184,8,1,0
"9209",461,"V9",0.7526,9,1,0
"9210",461,"V10",0.029,10,0,0
"9211",461,"V11",0.0656,11,0,0
"9212",461,"V12",0.9594,12,1,1
"9213",461,"V13",0.013,13,0,0
"9214",461,"V14",0.9395,14,1,0
"9215",461,"V15",0.8949,15,1,0
"9216",461,"V16",0.8893,16,1,0
"9217",461,"V17",0.0383,17,0,0
"9218",461,"V18",0.1194,18,1,1
"9219",461,"V19",0.0224,19,0,1
"9220",461,"V20",0.0125,20,0,0
"9221",462,"V1",0.0298,1,0,1
"9222",462,"V2",0.0163,2,0,0
"9223",462,"V3",1e-04,3,0,1
"9224",462,"V4",0.2236,4,0,0
"9225",462,"V5",0.3006,5,1,1
"9226",462,"V6",0.9564,6,1,0
"9227",462,"V7",0.0251,7,0,0
"9228",462,"V8",0.8184,8,0,0
"9229",462,"V9",0.7526,9,1,0
"9230",462,"V10",0.029,10,0,0
"9231",462,"V11",0.0656,11,0,0
"9232",462,"V12",0.9594,12,1,0
"9233",462,"V13",0.013,13,0,1
"9234",462,"V14",0.9395,14,1,0
"9235",462,"V15",0.0313,15,0,1
"9236",462,"V16",0.8893,16,0,1
"9237",462,"V17",0.0383,17,0,1
"9238",462,"V18",0.1194,18,0,0
"9239",462,"V19",0.0224,19,0,0
"9240",462,"V20",0.0125,20,0,0
"9241",463,"V1",0.0298,1,1,0
"9242",463,"V2",0.0163,2,0,0
"9243",463,"V3",1e-04,3,0,0
"9244",463,"V4",0.2236,4,1,0
"9245",463,"V5",0.3006,5,1,0
"9246",463,"V6",0.9564,6,1,0
"9247",463,"V7",0.0251,7,0,1
"9248",463,"V8",0.8184,8,1,0
"9249",463,"V9",0.7526,9,1,0
"9250",463,"V10",0.029,10,0,0
"9251",463,"V11",0.0656,11,0,0
"9252",463,"V12",0.9594,12,1,0
"9253",463,"V13",0.013,13,0,0
"9254",463,"V14",0.9395,14,0,0
"9255",463,"V15",0.0313,15,0,0
"9256",463,"V16",0.8893,16,1,0
"9257",463,"V17",0.0383,17,0,0
"9258",463,"V18",0.1194,18,0,1
"9259",463,"V19",0.0224,19,0,0
"9260",463,"V20",0.0125,20,0,0
"9261",464,"V1",0.9108,1,0,0
"9262",464,"V2",0.9586,2,1,0
"9263",464,"V3",0.8661,3,1,1
"9264",464,"V4",0.8901,4,1,0
"9265",464,"V5",0.828,5,1,0
"9266",464,"V6",0.9564,6,1,0
"9267",464,"V7",0.8035,7,1,1
"9268",464,"V8",0.8184,8,1,0
"9269",464,"V9",0.7526,9,1,0
"9270",464,"V10",0.7864,10,0,0
"9271",464,"V11",0.9181,11,1,0
"9272",464,"V12",0.9594,12,1,0
"9273",464,"V13",0.6652,13,1,0
"9274",464,"V14",0.9395,14,1,1
"9275",464,"V15",0.8949,15,1,0
"9276",464,"V16",0.8893,16,1,0
"9277",464,"V17",0.8621,17,0,0
"9278",464,"V18",0.8621,18,1,0
"9279",464,"V19",0.7596,19,0,0
"9280",464,"V20",0.843,20,1,0
"9281",465,"V1",0.9108,1,1,0
"9282",465,"V2",0.9586,2,1,0
"9283",465,"V3",0.8661,3,1,0
"9284",465,"V4",0.2236,4,0,0
"9285",465,"V5",0.828,5,1,0
"9286",465,"V6",0.9564,6,1,0
"9287",465,"V7",0.8035,7,1,0
"9288",465,"V8",0.8184,8,0,0
"9289",465,"V9",0.7526,9,1,0
"9290",465,"V10",0.029,10,0,0
"9291",465,"V11",0.0656,11,0,0
"9292",465,"V12",0.9594,12,1,1
"9293",465,"V13",0.013,13,0,0
"9294",465,"V14",0.9395,14,1,0
"9295",465,"V15",0.8949,15,0,1
"9296",465,"V16",0.8893,16,1,1
"9297",465,"V17",0.0383,17,0,0
"9298",465,"V18",0.1194,18,1,0
"9299",465,"V19",0.0224,19,0,1
"9300",465,"V20",0.0125,20,0,0
"9301",466,"V1",0.9108,1,1,0
"9302",466,"V2",0.9586,2,1,0
"9303",466,"V3",0.8661,3,1,0
"9304",466,"V4",0.8901,4,1,0
"9305",466,"V5",0.828,5,1,0
"9306",466,"V6",0.9564,6,1,1
"9307",466,"V7",0.8035,7,0,0
"9308",466,"V8",0.8184,8,1,0
"9309",466,"V9",0.7526,9,1,0
"9310",466,"V10",0.7864,10,1,0
"9311",466,"V11",0.9181,11,1,1
"9312",466,"V12",0.9594,12,1,0
"9313",466,"V13",0.6652,13,0,1
"9314",466,"V14",0.9395,14,1,0
"9315",466,"V15",0.8949,15,1,0
"9316",466,"V16",0.8893,16,1,1
"9317",466,"V17",0.8621,17,1,0
"9318",466,"V18",0.8621,18,1,0
"9319",466,"V19",0.7596,19,0,0
"9320",466,"V20",0.843,20,1,1
"9321",467,"V1",0.0298,1,0,0
"9322",467,"V2",0.9586,2,1,0
"9323",467,"V3",0.8661,3,0,1
"9324",467,"V4",0.2236,4,0,0
"9325",467,"V5",0.828,5,0,1
"9326",467,"V6",0.9564,6,1,1
"9327",467,"V7",0.0251,7,0,1
"9328",467,"V8",0.8184,8,1,0
"9329",467,"V9",0.7526,9,1,0
"9330",467,"V10",0.029,10,0,0
"9331",467,"V11",0.0656,11,0,1
"9332",467,"V12",0.9594,12,1,0
"9333",467,"V13",0.013,13,0,1
"9334",467,"V14",0.9395,14,1,0
"9335",467,"V15",0.0313,15,0,1
"9336",467,"V16",0.8893,16,1,0
"9337",467,"V17",0.0383,17,0,0
"9338",467,"V18",0.1194,18,0,0
"9339",467,"V19",0.0224,19,0,0
"9340",467,"V20",0.0125,20,0,0
"9341",468,"V1",0.9108,1,1,0
"9342",468,"V2",0.9586,2,1,0
"9343",468,"V3",0.8661,3,1,0
"9344",468,"V4",0.8901,4,1,1
"9345",468,"V5",0.828,5,1,0
"9346",468,"V6",0.9564,6,1,0
"9347",468,"V7",0.8035,7,1,0
"9348",468,"V8",0.8184,8,1,1
"9349",468,"V9",0.7526,9,1,0
"9350",468,"V10",0.7864,10,1,0
"9351",468,"V11",0.9181,11,1,1
"9352",468,"V12",0.9594,12,1,1
"9353",468,"V13",0.6652,13,0,0
"9354",468,"V14",0.9395,14,1,0
"9355",468,"V15",0.8949,15,1,0
"9356",468,"V16",0.8893,16,1,0
"9357",468,"V17",0.8621,17,1,0
"9358",468,"V18",0.8621,18,1,0
"9359",468,"V19",0.7596,19,1,1
"9360",468,"V20",0.843,20,1,0
"9361",469,"V1",0.9108,1,1,0
"9362",469,"V2",0.9586,2,1,1
"9363",469,"V3",0.8661,3,1,0
"9364",469,"V4",0.2236,4,0,0
"9365",469,"V5",0.828,5,1,1
"9366",469,"V6",0.9564,6,1,1
"9367",469,"V7",0.8035,7,1,0
"9368",469,"V8",0.8184,8,0,0
"9369",469,"V9",0.7526,9,0,0
"9370",469,"V10",0.029,10,0,0
"9371",469,"V11",0.0656,11,0,0
"9372",469,"V12",0.9594,12,1,0
"9373",469,"V13",0.013,13,0,0
"9374",469,"V14",0.9395,14,1,0
"9375",469,"V15",0.8949,15,1,0
"9376",469,"V16",0.8893,16,1,0
"9377",469,"V17",0.0383,17,0,0
"9378",469,"V18",0.1194,18,1,0
"9379",469,"V19",0.0224,19,0,0
"9380",469,"V20",0.0125,20,0,0
"9381",470,"V1",0.9108,1,1,0
"9382",470,"V2",0.9586,2,1,0
"9383",470,"V3",0.8661,3,1,0
"9384",470,"V4",0.8901,4,1,0
"9385",470,"V5",0.828,5,1,1
"9386",470,"V6",0.9564,6,1,0
"9387",470,"V7",0.8035,7,1,0
"9388",470,"V8",0.8184,8,1,0
"9389",470,"V9",0.7526,9,1,1
"9390",470,"V10",0.7864,10,1,0
"9391",470,"V11",0.9181,11,0,0
"9392",470,"V12",0.9594,12,1,0
"9393",470,"V13",0.6652,13,0,0
"9394",470,"V14",0.9395,14,1,0
"9395",470,"V15",0.8949,15,0,0
"9396",470,"V16",0.8893,16,1,0
"9397",470,"V17",0.8621,17,1,0
"9398",470,"V18",0.8621,18,0,0
"9399",470,"V19",0.7596,19,0,0
"9400",470,"V20",0.843,20,1,1
"9401",471,"V1",0.9108,1,1,0
"9402",471,"V2",0.9586,2,1,0
"9403",471,"V3",0.8661,3,1,0
"9404",471,"V4",0.2236,4,0,1
"9405",471,"V5",0.828,5,1,0
"9406",471,"V6",0.9564,6,1,0
"9407",471,"V7",0.8035,7,1,0
"9408",471,"V8",0.8184,8,1,1
"9409",471,"V9",0.7526,9,1,0
"9410",471,"V10",0.029,10,0,0
"9411",471,"V11",0.0656,11,0,0
"9412",471,"V12",0.9594,12,1,0
"9413",471,"V13",0.013,13,0,0
"9414",471,"V14",0.9395,14,1,0
"9415",471,"V15",0.8949,15,1,0
"9416",471,"V16",0.8893,16,1,0
"9417",471,"V17",0.0383,17,0,0
"9418",471,"V18",0.1194,18,1,0
"9419",471,"V19",0.0224,19,0,0
"9420",471,"V20",0.0125,20,0,0
"9421",472,"V1",0.9108,1,1,0
"9422",472,"V2",0.9586,2,1,0
"9423",472,"V3",0.8661,3,1,0
"9424",472,"V4",0.8901,4,1,0
"9425",472,"V5",0.828,5,1,1
"9426",472,"V6",0.9564,6,1,1
"9427",472,"V7",0.8035,7,1,1
"9428",472,"V8",0.8184,8,1,0
"9429",472,"V9",0.7526,9,1,0
"9430",472,"V10",0.7864,10,1,0
"9431",472,"V11",0.9181,11,1,0
"9432",472,"V12",0.9594,12,1,0
"9433",472,"V13",0.6652,13,0,0
"9434",472,"V14",0.9395,14,1,0
"9435",472,"V15",0.8949,15,1,0
"9436",472,"V16",0.8893,16,1,0
"9437",472,"V17",0.8621,17,1,0
"9438",472,"V18",0.8621,18,1,0
"9439",472,"V19",0.7596,19,0,0
"9440",472,"V20",0.843,20,1,0
"9441",473,"V1",0.9108,1,1,0
"9442",473,"V2",0.9586,2,1,0
"9443",473,"V3",0.8661,3,1,1
"9444",473,"V4",0.8901,4,0,0
"9445",473,"V5",0.828,5,1,0
"9446",473,"V6",0.9564,6,1,1
"9447",473,"V7",0.8035,7,0,1
"9448",473,"V8",0.8184,8,0,0
"9449",473,"V9",0.7526,9,1,0
"9450",473,"V10",0.7864,10,1,0
"9451",473,"V11",0.9181,11,1,0
"9452",473,"V12",0.9594,12,1,0
"9453",473,"V13",0.6652,13,0,0
"9454",473,"V14",0.9395,14,1,1
"9455",473,"V15",0.8949,15,1,1
"9456",473,"V16",0.8893,16,1,1
"9457",473,"V17",0.8621,17,1,0
"9458",473,"V18",0.8621,18,1,0
"9459",473,"V19",0.7596,19,1,0
"9460",473,"V20",0.843,20,1,0
"9461",474,"V1",0.9108,1,1,0
"9462",474,"V2",0.9586,2,1,0
"9463",474,"V3",0.8661,3,1,0
"9464",474,"V4",0.8901,4,0,1
"9465",474,"V5",0.828,5,1,0
"9466",474,"V6",0.9564,6,1,0
"9467",474,"V7",0.8035,7,0,0
"9468",474,"V8",0.8184,8,0,0
"9469",474,"V9",0.7526,9,1,0
"9470",474,"V10",0.7864,10,1,1
"9471",474,"V11",0.9181,11,1,1
"9472",474,"V12",0.9594,12,1,0
"9473",474,"V13",0.6652,13,0,0
"9474",474,"V14",0.9395,14,1,1
"9475",474,"V15",0.8949,15,1,0
"9476",474,"V16",0.8893,16,1,0
"9477",474,"V17",0.8621,17,1,0
"9478",474,"V18",0.8621,18,1,0
"9479",474,"V19",0.7596,19,1,0
"9480",474,"V20",0.843,20,1,0
"9481",475,"V1",0.0298,1,0,0
"9482",475,"V2",0.0163,2,0,0
"9483",475,"V3",1e-04,3,0,0
"9484",475,"V4",0.2236,4,0,0
"9485",475,"V5",0.3006,5,0,0
"9486",475,"V6",0.0951,6,0,0
"9487",475,"V7",0.0251,7,0,0
"9488",475,"V8",0.4438,8,1,0
"9489",475,"V9",0.2883,9,0,0
"9490",475,"V10",0.029,10,0,0
"9491",475,"V11",0.0656,11,0,0
"9492",475,"V12",0.1274,12,0,0
"9493",475,"V13",0.013,13,0,0
"9494",475,"V14",0.0615,14,0,0
"9495",475,"V15",0.0313,15,0,0
"9496",475,"V16",0.1086,16,0,0
"9497",475,"V17",0.0383,17,0,0
"9498",475,"V18",0.1194,18,0,0
"9499",475,"V19",0.0224,19,0,0
"9500",475,"V20",0.0125,20,0,0
"9501",476,"V1",0.9108,1,1,0
"9502",476,"V2",0.9586,2,1,0
"9503",476,"V3",0.8661,3,1,1
"9504",476,"V4",0.8901,4,1,0
"9505",476,"V5",0.828,5,1,1
"9506",476,"V6",0.9564,6,1,0
"9507",476,"V7",0.8035,7,1,0
"9508",476,"V8",0.8184,8,1,1
"9509",476,"V9",0.7526,9,1,1
"9510",476,"V10",0.7864,10,1,0
"9511",476,"V11",0.9181,11,1,0
"9512",476,"V12",0.9594,12,1,1
"9513",476,"V13",0.6652,13,1,0
"9514",476,"V14",0.9395,14,1,0
"9515",476,"V15",0.8949,15,1,1
"9516",476,"V16",0.8893,16,1,0
"9517",476,"V17",0.8621,17,1,1
"9518",476,"V18",0.8621,18,1,1
"9519",476,"V19",0.7596,19,0,0
"9520",476,"V20",0.843,20,1,0
"9521",477,"V1",0.9108,1,1,1
"9522",477,"V2",0.9586,2,1,1
"9523",477,"V3",0.8661,3,1,0
"9524",477,"V4",0.2236,4,0,0
"9525",477,"V5",0.828,5,1,0
"9526",477,"V6",0.9564,6,1,0
"9527",477,"V7",0.8035,7,1,0
"9528",477,"V8",0.8184,8,1,0
"9529",477,"V9",0.7526,9,0,0
"9530",477,"V10",0.029,10,0,0
"9531",477,"V11",0.0656,11,0,1
"9532",477,"V12",0.9594,12,1,0
"9533",477,"V13",0.013,13,0,0
"9534",477,"V14",0.9395,14,1,1
"9535",477,"V15",0.8949,15,1,0
"9536",477,"V16",0.8893,16,1,1
"9537",477,"V17",0.0383,17,0,1
"9538",477,"V18",0.1194,18,0,1
"9539",477,"V19",0.0224,19,0,0
"9540",477,"V20",0.0125,20,0,0
"9541",478,"V1",0.9108,1,1,0
"9542",478,"V2",0.9586,2,1,0
"9543",478,"V3",0.8661,3,0,0
"9544",478,"V4",0.8901,4,1,0
"9545",478,"V5",0.828,5,1,0
"9546",478,"V6",0.9564,6,1,1
"9547",478,"V7",0.8035,7,1,0
"9548",478,"V8",0.8184,8,1,0
"9549",478,"V9",0.7526,9,1,1
"9550",478,"V10",0.7864,10,1,0
"9551",478,"V11",0.9181,11,0,0
"9552",478,"V12",0.9594,12,1,0
"9553",478,"V13",0.6652,13,0,1
"9554",478,"V14",0.9395,14,1,0
"9555",478,"V15",0.8949,15,1,0
"9556",478,"V16",0.8893,16,1,0
"9557",478,"V17",0.8621,17,1,0
"9558",478,"V18",0.8621,18,1,0
"9559",478,"V19",0.7596,19,0,1
"9560",478,"V20",0.843,20,1,0
"9561",479,"V1",0.0298,1,0,0
"9562",479,"V2",0.9586,2,1,0
"9563",479,"V3",0.8661,3,1,0
"9564",479,"V4",0.2236,4,0,0
"9565",479,"V5",0.828,5,1,1
"9566",479,"V6",0.9564,6,1,1
"9567",479,"V7",0.0251,7,0,0
"9568",479,"V8",0.8184,8,0,1
"9569",479,"V9",0.7526,9,1,0
"9570",479,"V10",0.029,10,0,0
"9571",479,"V11",0.0656,11,0,0
"9572",479,"V12",0.9594,12,1,0
"9573",479,"V13",0.013,13,0,0
"9574",479,"V14",0.9395,14,1,0
"9575",479,"V15",0.0313,15,0,0
"9576",479,"V16",0.8893,16,1,0
"9577",479,"V17",0.0383,17,0,0
"9578",479,"V18",0.1194,18,0,0
"9579",479,"V19",0.0224,19,0,0
"9580",479,"V20",0.0125,20,0,1
"9581",480,"V1",0.9108,1,1,0
"9582",480,"V2",0.9586,2,1,0
"9583",480,"V3",0.8661,3,1,0
"9584",480,"V4",0.8901,4,0,1
"9585",480,"V5",0.828,5,1,0
"9586",480,"V6",0.9564,6,1,0
"9587",480,"V7",0.8035,7,0,0
"9588",480,"V8",0.8184,8,1,1
"9589",480,"V9",0.7526,9,1,0
"9590",480,"V10",0.7864,10,1,0
"9591",480,"V11",0.9181,11,0,0
"9592",480,"V12",0.9594,12,1,0
"9593",480,"V13",0.6652,13,1,0
"9594",480,"V14",0.9395,14,1,1
"9595",480,"V15",0.8949,15,1,0
"9596",480,"V16",0.8893,16,1,0
"9597",480,"V17",0.8621,17,1,1
"9598",480,"V18",0.8621,18,1,0
"9599",480,"V19",0.7596,19,0,0
"9600",480,"V20",0.843,20,1,0
"9601",481,"V1",0.9108,1,1,1
"9602",481,"V2",0.9586,2,1,1
"9603",481,"V3",0.8661,3,1,1
"9604",481,"V4",0.8901,4,1,0
"9605",481,"V5",0.828,5,1,0
"9606",481,"V6",0.9564,6,1,0
"9607",481,"V7",0.8035,7,1,0
"9608",481,"V8",0.8184,8,1,0
"9609",481,"V9",0.7526,9,1,0
"9610",481,"V10",0.7864,10,0,0
"9611",481,"V11",0.9181,11,1,0
"9612",481,"V12",0.9594,12,1,0
"9613",481,"V13",0.6652,13,0,1
"9614",481,"V14",0.9395,14,1,0
"9615",481,"V15",0.8949,15,1,0
"9616",481,"V16",0.8893,16,1,1
"9617",481,"V17",0.8621,17,1,0
"9618",481,"V18",0.8621,18,1,0
"9619",481,"V19",0.7596,19,0,0
"9620",481,"V20",0.843,20,1,0
"9621",482,"V1",0.0298,1,0,1
"9622",482,"V2",0.0163,2,0,0
"9623",482,"V3",1e-04,3,0,0
"9624",482,"V4",0.2236,4,1,0
"9625",482,"V5",0.3006,5,0,0
"9626",482,"V6",0.9564,6,1,0
"9627",482,"V7",0.0251,7,0,1
"9628",482,"V8",0.8184,8,1,0
"9629",482,"V9",0.7526,9,1,0
"9630",482,"V10",0.029,10,0,1
"9631",482,"V11",0.0656,11,0,1
"9632",482,"V12",0.9594,12,1,0
"9633",482,"V13",0.013,13,0,0
"9634",482,"V14",0.9395,14,1,0
"9635",482,"V15",0.0313,15,0,1
"9636",482,"V16",0.8893,16,0,1
"9637",482,"V17",0.0383,17,0,0
"9638",482,"V18",0.1194,18,0,0
"9639",482,"V19",0.0224,19,0,1
"9640",482,"V20",0.0125,20,0,0
"9641",483,"V1",0.9108,1,1,0
"9642",483,"V2",0.9586,2,1,0
"9643",483,"V3",0.8661,3,1,0
"9644",483,"V4",0.2236,4,1,0
"9645",483,"V5",0.828,5,0,0
"9646",483,"V6",0.9564,6,1,0
"9647",483,"V7",0.0251,7,0,0
"9648",483,"V8",0.8184,8,1,0
"9649",483,"V9",0.7526,9,1,1
"9650",483,"V10",0.029,10,0,0
"9651",483,"V11",0.0656,11,0,1
"9652",483,"V12",0.9594,12,1,0
"9653",483,"V13",0.013,13,0,0
"9654",483,"V14",0.9395,14,1,0
"9655",483,"V15",0.0313,15,0,1
"9656",483,"V16",0.8893,16,1,0
"9657",483,"V17",0.0383,17,0,1
"9658",483,"V18",0.1194,18,0,1
"9659",483,"V19",0.0224,19,0,1
"9660",483,"V20",0.0125,20,0,0
"9661",484,"V1",0.9108,1,1,0
"9662",484,"V2",0.9586,2,1,0
"9663",484,"V3",0.8661,3,1,1
"9664",484,"V4",0.2236,4,0,0
"9665",484,"V5",0.828,5,1,0
"9666",484,"V6",0.9564,6,1,1
"9667",484,"V7",0.0251,7,0,0
"9668",484,"V8",0.8184,8,1,0
"9669",484,"V9",0.7526,9,1,0
"9670",484,"V10",0.029,10,0,0
"9671",484,"V11",0.0656,11,0,1
"9672",484,"V12",0.9594,12,1,0
"9673",484,"V13",0.013,13,0,0
"9674",484,"V14",0.9395,14,1,0
"9675",484,"V15",0.0313,15,0,0
"9676",484,"V16",0.8893,16,1,1
"9677",484,"V17",0.0383,17,0,1
"9678",484,"V18",0.1194,18,0,0
"9679",484,"V19",0.0224,19,0,0
"9680",484,"V20",0.0125,20,0,0
"9681",485,"V1",0.9108,1,1,0
"9682",485,"V2",0.9586,2,1,0
"9683",485,"V3",0.8661,3,1,1
"9684",485,"V4",0.2236,4,0,0
"9685",485,"V5",0.828,5,1,1
"9686",485,"V6",0.9564,6,1,1
"9687",485,"V7",0.0251,7,0,0
"9688",485,"V8",0.8184,8,1,0
"9689",485,"V9",0.7526,9,1,0
"9690",485,"V10",0.029,10,0,0
"9691",485,"V11",0.0656,11,0,0
"9692",485,"V12",0.9594,12,1,0
"9693",485,"V13",0.013,13,0,0
"9694",485,"V14",0.9395,14,1,0
"9695",485,"V15",0.0313,15,0,0
"9696",485,"V16",0.8893,16,1,0
"9697",485,"V17",0.0383,17,0,0
"9698",485,"V18",0.1194,18,0,0
"9699",485,"V19",0.0224,19,0,0
"9700",485,"V20",0.0125,20,0,0
"9701",486,"V1",0.0298,1,0,0
"9702",486,"V2",0.0163,2,0,0
"9703",486,"V3",1e-04,3,0,0
"9704",486,"V4",0.8901,4,1,0
"9705",486,"V5",0.3006,5,0,0
"9706",486,"V6",0.9564,6,1,0
"9707",486,"V7",0.0251,7,0,0
"9708",486,"V8",0.8184,8,1,0
"9709",486,"V9",0.7526,9,0,0
"9710",486,"V10",0.7864,10,0,0
"9711",486,"V11",0.9181,11,1,0
"9712",486,"V12",0.9594,12,1,0
"9713",486,"V13",0.013,13,0,0
"9714",486,"V14",0.9395,14,1,0
"9715",486,"V15",0.0313,15,0,0
"9716",486,"V16",0.8893,16,1,0
"9717",486,"V17",0.8621,17,1,0
"9718",486,"V18",0.8621,18,1,0
"9719",486,"V19",0.0224,19,0,0
"9720",486,"V20",0.843,20,0,0
"9721",487,"V1",0.9108,1,1,0
"9722",487,"V2",0.9586,2,1,0
"9723",487,"V3",0.8661,3,0,0
"9724",487,"V4",0.8901,4,1,0
"9725",487,"V5",0.828,5,1,0
"9726",487,"V6",0.9564,6,1,0
"9727",487,"V7",0.0251,7,0,0
"9728",487,"V8",0.8184,8,1,0
"9729",487,"V9",0.7526,9,1,0
"9730",487,"V10",0.7864,10,1,0
"9731",487,"V11",0.9181,11,1,1
"9732",487,"V12",0.9594,12,1,0
"9733",487,"V13",0.6652,13,0,0
"9734",487,"V14",0.9395,14,1,0
"9735",487,"V15",0.0313,15,0,0
"9736",487,"V16",0.8893,16,1,0
"9737",487,"V17",0.8621,17,1,0
"9738",487,"V18",0.8621,18,1,1
"9739",487,"V19",0.0224,19,0,0
"9740",487,"V20",0.843,20,1,0
"9741",488,"V1",0.0298,1,0,0
"9742",488,"V2",0.0163,2,0,0
"9743",488,"V3",1e-04,3,0,0
"9744",488,"V4",0.2236,4,0,0
"9745",488,"V5",0.3006,5,1,0
"9746",488,"V6",0.9564,6,1,1
"9747",488,"V7",0.0251,7,0,0
"9748",488,"V8",0.8184,8,1,1
"9749",488,"V9",0.7526,9,1,0
"9750",488,"V10",0.029,10,0,0
"9751",488,"V11",0.0656,11,0,1
"9752",488,"V12",0.9594,12,1,0
"9753",488,"V13",0.013,13,0,0
"9754",488,"V14",0.9395,14,1,0
"9755",488,"V15",0.0313,15,0,0
"9756",488,"V16",0.8893,16,1,1
"9757",488,"V17",0.0383,17,0,0
"9758",488,"V18",0.1194,18,0,0
"9759",488,"V19",0.0224,19,0,0
"9760",488,"V20",0.0125,20,0,0
"9761",489,"V1",0.9108,1,1,0
"9762",489,"V2",0.9586,2,1,0
"9763",489,"V3",0.8661,3,1,0
"9764",489,"V4",0.8901,4,1,0
"9765",489,"V5",0.828,5,1,1
"9766",489,"V6",0.9564,6,1,0
"9767",489,"V7",0.8035,7,0,0
"9768",489,"V8",0.8184,8,1,0
"9769",489,"V9",0.7526,9,1,0
"9770",489,"V10",0.7864,10,1,0
"9771",489,"V11",0.9181,11,1,1
"9772",489,"V12",0.9594,12,1,0
"9773",489,"V13",0.6652,13,1,0
"9774",489,"V14",0.9395,14,1,1
"9775",489,"V15",0.8949,15,1,0
"9776",489,"V16",0.8893,16,1,0
"9777",489,"V17",0.8621,17,1,1
"9778",489,"V18",0.8621,18,1,1
"9779",489,"V19",0.7596,19,0,0
"9780",489,"V20",0.843,20,0,0
"9781",490,"V1",0.0298,1,0,0
"9782",490,"V2",0.9586,2,1,0
"9783",490,"V3",0.8661,3,0,0
"9784",490,"V4",0.2236,4,0,0
"9785",490,"V5",0.828,5,1,0
"9786",490,"V6",0.9564,6,1,0
"9787",490,"V7",0.0251,7,0,1
"9788",490,"V8",0.8184,8,1,0
"9789",490,"V9",0.7526,9,1,0
"9790",490,"V10",0.029,10,0,0
"9791",490,"V11",0.0656,11,0,0
"9792",490,"V12",0.9594,12,1,0
"9793",490,"V13",0.013,13,0,0
"9794",490,"V14",0.9395,14,0,0
"9795",490,"V15",0.0313,15,0,0
"9796",490,"V16",0.8893,16,1,0
"9797",490,"V17",0.0383,17,0,0
"9798",490,"V18",0.1194,18,0,0
"9799",490,"V19",0.0224,19,0,0
"9800",490,"V20",0.0125,20,0,1
"9801",491,"V1",0.0298,1,0,0
"9802",491,"V2",0.0163,2,0,0
"9803",491,"V3",1e-04,3,0,0
"9804",491,"V4",0.2236,4,1,0
"9805",491,"V5",0.3006,5,0,0
"9806",491,"V6",0.0951,6,0,0
"9807",491,"V7",0.0251,7,0,0
"9808",491,"V8",0.4438,8,1,0
"9809",491,"V9",0.2883,9,0,0
"9810",491,"V10",0.029,10,0,1
"9811",491,"V11",0.0656,11,0,0
"9812",491,"V12",0.1274,12,0,0
"9813",491,"V13",0.013,13,0,0
"9814",491,"V14",0.0615,14,0,0
"9815",491,"V15",0.0313,15,0,0
"9816",491,"V16",0.1086,16,0,1
"9817",491,"V17",0.0383,17,0,0
"9818",491,"V18",0.1194,18,0,0
"9819",491,"V19",0.0224,19,0,0
"9820",491,"V20",0.0125,20,0,0
"9821",492,"V1",0.9108,1,1,0
"9822",492,"V2",0.9586,2,1,0
"9823",492,"V3",0.8661,3,1,0
"9824",492,"V4",0.2236,4,0,0
"9825",492,"V5",0.828,5,1,0
"9826",492,"V6",0.9564,6,1,1
"9827",492,"V7",0.8035,7,1,0
"9828",492,"V8",0.8184,8,1,1
"9829",492,"V9",0.7526,9,1,0
"9830",492,"V10",0.029,10,1,0
"9831",492,"V11",0.0656,11,0,0
"9832",492,"V12",0.9594,12,1,1
"9833",492,"V13",0.013,13,0,0
"9834",492,"V14",0.9395,14,1,0
"9835",492,"V15",0.8949,15,0,0
"9836",492,"V16",0.8893,16,1,0
"9837",492,"V17",0.0383,17,0,0
"9838",492,"V18",0.1194,18,0,0
"9839",492,"V19",0.0224,19,0,0
"9840",492,"V20",0.0125,20,0,0
"9841",493,"V1",0.0298,1,0,0
"9842",493,"V2",0.0163,2,0,0
"9843",493,"V3",1e-04,3,0,1
"9844",493,"V4",0.2236,4,0,1
"9845",493,"V5",0.3006,5,0,0
"9846",493,"V6",0.0951,6,0,1
"9847",493,"V7",0.0251,7,0,1
"9848",493,"V8",0.4438,8,0,0
"9849",493,"V9",0.2883,9,1,0
"9850",493,"V10",0.029,10,0,0
"9851",493,"V11",0.0656,11,0,1
"9852",493,"V12",0.1274,12,0,1
"9853",493,"V13",0.013,13,0,0
"9854",493,"V14",0.0615,14,0,1
"9855",493,"V15",0.0313,15,0,0
"9856",493,"V16",0.1086,16,0,0
"9857",493,"V17",0.0383,17,0,0
"9858",493,"V18",0.1194,18,0,0
"9859",493,"V19",0.0224,19,0,0
"9860",493,"V20",0.0125,20,0,0
"9861",494,"V1",0.9108,1,1,0
"9862",494,"V2",0.9586,2,1,0
"9863",494,"V3",0.8661,3,1,0
"9864",494,"V4",0.8901,4,1,0
"9865",494,"V5",0.828,5,1,0
"9866",494,"V6",0.9564,6,1,0
"9867",494,"V7",0.8035,7,1,1
"9868",494,"V8",0.8184,8,1,0
"9869",494,"V9",0.7526,9,1,0
"9870",494,"V10",0.7864,10,1,0
"9871",494,"V11",0.9181,11,1,1
"9872",494,"V12",0.9594,12,1,0
"9873",494,"V13",0.6652,13,0,0
"9874",494,"V14",0.9395,14,0,0
"9875",494,"V15",0.8949,15,1,0
"9876",494,"V16",0.8893,16,1,0
"9877",494,"V17",0.8621,17,1,0
"9878",494,"V18",0.8621,18,1,0
"9879",494,"V19",0.7596,19,1,0
"9880",494,"V20",0.843,20,1,1
"9881",495,"V1",0.0298,1,0,0
"9882",495,"V2",0.0163,2,0,0
"9883",495,"V3",1e-04,3,0,0
"9884",495,"V4",0.2236,4,1,1
"9885",495,"V5",0.3006,5,0,0
"9886",495,"V6",0.0951,6,1,0
"9887",495,"V7",0.0251,7,0,0
"9888",495,"V8",0.4438,8,0,0
"9889",495,"V9",0.2883,9,0,0
"9890",495,"V10",0.029,10,0,0
"9891",495,"V11",0.0656,11,0,0
"9892",495,"V12",0.1274,12,0,0
"9893",495,"V13",0.013,13,0,1
"9894",495,"V14",0.0615,14,0,0
"9895",495,"V15",0.0313,15,0,0
"9896",495,"V16",0.1086,16,0,0
"9897",495,"V17",0.0383,17,0,0
"9898",495,"V18",0.1194,18,0,1
"9899",495,"V19",0.0224,19,0,0
"9900",495,"V20",0.0125,20,0,0
"9901",496,"V1",0.9108,1,1,0
"9902",496,"V2",0.9586,2,1,0
"9903",496,"V3",0.8661,3,1,0
"9904",496,"V4",0.8901,4,1,0
"9905",496,"V5",0.828,5,1,0
"9906",496,"V6",0.9564,6,1,0
"9907",496,"V7",0.8035,7,0,0
"9908",496,"V8",0.8184,8,1,0
"9909",496,"V9",0.7526,9,0,0
"9910",496,"V10",0.7864,10,1,0
"9911",496,"V11",0.9181,11,1,1
"9912",496,"V12",0.9594,12,1,1
"9913",496,"V13",0.6652,13,0,0
"9914",496,"V14",0.9395,14,1,0
"9915",496,"V15",0.8949,15,1,0
"9916",496,"V16",0.8893,16,1,1
"9917",496,"V17",0.8621,17,1,0
"9918",496,"V18",0.8621,18,1,0
"9919",496,"V19",0.7596,19,0,0
"9920",496,"V20",0.843,20,0,0
"9921",497,"V1",0.0298,1,0,0
"9922",497,"V2",0.0163,2,0,0
"9923",497,"V3",1e-04,3,0,1
"9924",497,"V4",0.2236,4,1,1
"9925",497,"V5",0.3006,5,0,1
"9926",497,"V6",0.0951,6,0,0
"9927",497,"V7",0.0251,7,0,0
"9928",497,"V8",0.4438,8,0,0
"9929",497,"V9",0.2883,9,1,0
"9930",497,"V10",0.029,10,0,0
"9931",497,"V11",0.0656,11,0,0
"9932",497,"V12",0.1274,12,0,0
"9933",497,"V13",0.013,13,0,0
"9934",497,"V14",0.0615,14,0,0
"9935",497,"V15",0.0313,15,0,0
"9936",497,"V16",0.1086,16,0,0
"9937",497,"V17",0.0383,17,0,0
"9938",497,"V18",0.1194,18,0,0
"9939",497,"V19",0.0224,19,0,1
"9940",497,"V20",0.0125,20,0,0
"9941",498,"V1",0.0298,1,0,1
"9942",498,"V2",0.0163,2,0,0
"9943",498,"V3",1e-04,3,0,0
"9944",498,"V4",0.2236,4,0,1
"9945",498,"V5",0.3006,5,1,0
"9946",498,"V6",0.0951,6,0,0
"9947",498,"V7",0.0251,7,0,0
"9948",498,"V8",0.4438,8,0,0
"9949",498,"V9",0.2883,9,0,0
"9950",498,"V10",0.029,10,0,0
"9951",498,"V11",0.0656,11,0,0
"9952",498,"V12",0.1274,12,0,0
"9953",498,"V13",0.013,13,0,0
"9954",498,"V14",0.0615,14,0,0
"9955",498,"V15",0.0313,15,0,1
"9956",498,"V16",0.1086,16,0,0
"9957",498,"V17",0.0383,17,0,1
"9958",498,"V18",0.1194,18,0,0
"9959",498,"V19",0.0224,19,0,0
"9960",498,"V20",0.0125,20,0,0
"9961",499,"V1",0.0298,1,0,1
"9962",499,"V2",0.0163,2,0,0
"9963",499,"V3",1e-04,3,0,0
"9964",499,"V4",0.2236,4,1,0
"9965",499,"V5",0.3006,5,0,0
"9966",499,"V6",0.0951,6,0,0
"9967",499,"V7",0.0251,7,0,0
"9968",499,"V8",0.4438,8,0,0
"9969",499,"V9",0.2883,9,0,0
"9970",499,"V10",0.029,10,0,1
"9971",499,"V11",0.0656,11,0,0
"9972",499,"V12",0.1274,12,0,0
"9973",499,"V13",0.013,13,0,1
"9974",499,"V14",0.0615,14,0,0
"9975",499,"V15",0.0313,15,0,0
"9976",499,"V16",0.1086,16,0,0
"9977",499,"V17",0.0383,17,0,0
"9978",499,"V18",0.1194,18,0,1
"9979",499,"V19",0.0224,19,0,0
"9980",499,"V20",0.0125,20,0,0
"9981",500,"V1",0.0298,1,0,0
"9982",500,"V2",0.0163,2,0,0
"9983",500,"V3",1e-04,3,0,0
"9984",500,"V4",0.2236,4,0,0
"9985",500,"V5",0.3006,5,0,0
"9986",500,"V6",0.9564,6,1,0
"9987",500,"V7",0.0251,7,0,0
"9988",500,"V8",0.8184,8,1,0
"9989",500,"V9",0.7526,9,1,0
"9990",500,"V10",0.029,10,0,0
"9991",500,"V11",0.0656,11,0,0
"9992",500,"V12",0.9594,12,1,0
"9993",500,"V13",0.013,13,0,0
"9994",500,"V14",0.9395,14,0,0
"9995",500,"V15",0.0313,15,0,1
"9996",500,"V16",0.8893,16,1,0
"9997",500,"V17",0.0383,17,0,0
"9998",500,"V18",0.1194,18,0,0
"9999",500,"V19",0.0224,19,0,0
"10000",500,"V20",0.0125,20,0,0
"10001",501,"V1",0.9108,1,1,1
"10002",501,"V2",0.9586,2,1,0
"10003",501,"V3",0.8661,3,1,0
"10004",501,"V4",0.2236,4,0,0
"10005",501,"V5",0.828,5,1,0
"10006",501,"V6",0.9564,6,1,0
"10007",501,"V7",0.8035,7,0,1
"10008",501,"V8",0.8184,8,1,0
"10009",501,"V9",0.7526,9,1,0
"10010",501,"V10",0.029,10,0,1
"10011",501,"V11",0.0656,11,0,0
"10012",501,"V12",0.9594,12,1,0
"10013",501,"V13",0.013,13,0,0
"10014",501,"V14",0.9395,14,1,0
"10015",501,"V15",0.8949,15,1,0
"10016",501,"V16",0.8893,16,1,1
"10017",501,"V17",0.0383,17,0,0
"10018",501,"V18",0.1194,18,0,0
"10019",501,"V19",0.0224,19,0,0
"10020",501,"V20",0.0125,20,0,0
"10021",502,"V1",0.0298,1,0,0
"10022",502,"V2",0.0163,2,0,0
"10023",502,"V3",1e-04,3,0,0
"10024",502,"V4",0.2236,4,0,1
"10025",502,"V5",0.3006,5,0,1
"10026",502,"V6",0.9564,6,1,1
"10027",502,"V7",0.0251,7,0,1
"10028",502,"V8",0.8184,8,1,0
"10029",502,"V9",0.7526,9,1,0
"10030",502,"V10",0.029,10,0,1
"10031",502,"V11",0.0656,11,1,0
"10032",502,"V12",0.9594,12,1,0
"10033",502,"V13",0.013,13,0,0
"10034",502,"V14",0.9395,14,1,0
"10035",502,"V15",0.0313,15,0,0
"10036",502,"V16",0.8893,16,0,1
"10037",502,"V17",0.0383,17,0,0
"10038",502,"V18",0.1194,18,0,1
"10039",502,"V19",0.0224,19,0,0
"10040",502,"V20",0.0125,20,0,0
"10041",503,"V1",0.0298,1,0,0
"10042",503,"V2",0.0163,2,0,0
"10043",503,"V3",1e-04,3,0,0
"10044",503,"V4",0.2236,4,0,1
"10045",503,"V5",0.3006,5,1,0
"10046",503,"V6",0.0951,6,0,1
"10047",503,"V7",0.0251,7,0,0
"10048",503,"V8",0.4438,8,0,0
"10049",503,"V9",0.2883,9,0,0
"10050",503,"V10",0.029,10,0,0
"10051",503,"V11",0.0656,11,0,0
"10052",503,"V12",0.1274,12,0,0
"10053",503,"V13",0.013,13,0,0
"10054",503,"V14",0.0615,14,0,1
"10055",503,"V15",0.0313,15,0,1
"10056",503,"V16",0.1086,16,0,0
"10057",503,"V17",0.0383,17,0,0
"10058",503,"V18",0.1194,18,0,0
"10059",503,"V19",0.0224,19,0,0
"10060",503,"V20",0.0125,20,0,0
"10061",504,"V1",0.0298,1,0,0
"10062",504,"V2",0.0163,2,0,1
"10063",504,"V3",1e-04,3,0,0
"10064",504,"V4",0.2236,4,0,0
"10065",504,"V5",0.3006,5,1,1
"10066",504,"V6",0.9564,6,1,0
"10067",504,"V7",0.0251,7,0,0
"10068",504,"V8",0.8184,8,0,0
"10069",504,"V9",0.7526,9,0,0
"10070",504,"V10",0.029,10,0,0
"10071",504,"V11",0.0656,11,0,0
"10072",504,"V12",0.9594,12,1,0
"10073",504,"V13",0.013,13,0,0
"10074",504,"V14",0.9395,14,1,0
"10075",504,"V15",0.0313,15,0,0
"10076",504,"V16",0.8893,16,1,0
"10077",504,"V17",0.0383,17,0,0
"10078",504,"V18",0.1194,18,0,0
"10079",504,"V19",0.0224,19,0,0
"10080",504,"V20",0.0125,20,0,0
"10081",505,"V1",0.0298,1,0,0
"10082",505,"V2",0.0163,2,0,0
"10083",505,"V3",1e-04,3,0,1
"10084",505,"V4",0.2236,4,1,0
"10085",505,"V5",0.3006,5,0,1
"10086",505,"V6",0.0951,6,0,0
"10087",505,"V7",0.0251,7,0,0
"10088",505,"V8",0.4438,8,0,0
"10089",505,"V9",0.2883,9,0,0
"10090",505,"V10",0.029,10,0,0
"10091",505,"V11",0.0656,11,0,0
"10092",505,"V12",0.1274,12,1,0
"10093",505,"V13",0.013,13,0,0
"10094",505,"V14",0.0615,14,0,1
"10095",505,"V15",0.0313,15,0,1
"10096",505,"V16",0.1086,16,0,1
"10097",505,"V17",0.0383,17,0,0
"10098",505,"V18",0.1194,18,0,1
"10099",505,"V19",0.0224,19,0,0
"10100",505,"V20",0.0125,20,0,0
"10101",506,"V1",0.0298,1,0,0
"10102",506,"V2",0.0163,2,0,0
"10103",506,"V3",1e-04,3,0,0
"10104",506,"V4",0.2236,4,1,0
"10105",506,"V5",0.3006,5,0,1
"10106",506,"V6",0.0951,6,0,0
"10107",506,"V7",0.0251,7,0,1
"10108",506,"V8",0.4438,8,0,0
"10109",506,"V9",0.2883,9,0,1
"10110",506,"V10",0.029,10,0,0
"10111",506,"V11",0.0656,11,0,0
"10112",506,"V12",0.1274,12,0,0
"10113",506,"V13",0.013,13,0,0
"10114",506,"V14",0.0615,14,0,0
"10115",506,"V15",0.0313,15,0,0
"10116",506,"V16",0.1086,16,0,1
"10117",506,"V17",0.0383,17,0,0
"10118",506,"V18",0.1194,18,0,0
"10119",506,"V19",0.0224,19,0,1
"10120",506,"V20",0.0125,20,0,0
"10121",507,"V1",0.0298,1,0,0
"10122",507,"V2",0.0163,2,0,1
"10123",507,"V3",1e-04,3,0,0
"10124",507,"V4",0.2236,4,0,0
"10125",507,"V5",0.3006,5,0,0
"10126",507,"V6",0.9564,6,0,0
"10127",507,"V7",0.0251,7,0,0
"10128",507,"V8",0.8184,8,1,0
"10129",507,"V9",0.7526,9,1,0
"10130",507,"V10",0.029,10,0,0
"10131",507,"V11",0.0656,11,0,0
"10132",507,"V12",0.9594,12,1,0
"10133",507,"V13",0.013,13,0,0
"10134",507,"V14",0.9395,14,1,0
"10135",507,"V15",0.0313,15,0,0
"10136",507,"V16",0.8893,16,1,0
"10137",507,"V17",0.0383,17,0,0
"10138",507,"V18",0.1194,18,0,0
"10139",507,"V19",0.0224,19,0,0
"10140",507,"V20",0.0125,20,0,0
"10141",508,"V1",0.0298,1,0,0
"10142",508,"V2",0.0163,2,0,0
"10143",508,"V3",1e-04,3,0,0
"10144",508,"V4",0.2236,4,0,0
"10145",508,"V5",0.3006,5,0,0
"10146",508,"V6",0.9564,6,1,1
"10147",508,"V7",0.0251,7,0,0
"10148",508,"V8",0.8184,8,0,0
"10149",508,"V9",0.7526,9,1,1
"10150",508,"V10",0.029,10,0,0
"10151",508,"V11",0.0656,11,0,0
"10152",508,"V12",0.9594,12,1,1
"10153",508,"V13",0.013,13,0,0
"10154",508,"V14",0.9395,14,1,1
"10155",508,"V15",0.0313,15,0,0
"10156",508,"V16",0.8893,16,1,0
"10157",508,"V17",0.0383,17,0,0
"10158",508,"V18",0.1194,18,0,0
"10159",508,"V19",0.0224,19,0,1
"10160",508,"V20",0.0125,20,0,0
"10161",509,"V1",0.0298,1,0,0
"10162",509,"V2",0.0163,2,0,0
"10163",509,"V3",1e-04,3,0,0
"10164",509,"V4",0.2236,4,1,0
"10165",509,"V5",0.3006,5,0,0
"10166",509,"V6",0.0951,6,0,0
"10167",509,"V7",0.0251,7,0,0
"10168",509,"V8",0.4438,8,0,0
"10169",509,"V9",0.2883,9,0,0
"10170",509,"V10",0.029,10,0,0
"10171",509,"V11",0.0656,11,0,0
"10172",509,"V12",0.1274,12,0,0
"10173",509,"V13",0.013,13,0,0
"10174",509,"V14",0.0615,14,0,0
"10175",509,"V15",0.0313,15,0,0
"10176",509,"V16",0.1086,16,0,1
"10177",509,"V17",0.0383,17,0,0
"10178",509,"V18",0.1194,18,0,0
"10179",509,"V19",0.0224,19,0,1
"10180",509,"V20",0.0125,20,0,0
"10181",510,"V1",0.0298,1,0,1
"10182",510,"V2",0.0163,2,0,0
"10183",510,"V3",1e-04,3,0,0
"10184",510,"V4",0.2236,4,0,0
"10185",510,"V5",0.3006,5,1,0
"10186",510,"V6",0.0951,6,0,0
"10187",510,"V7",0.0251,7,0,0
"10188",510,"V8",0.4438,8,0,0
"10189",510,"V9",0.2883,9,0,0
"10190",510,"V10",0.029,10,0,0
"10191",510,"V11",0.0656,11,1,0
"10192",510,"V12",0.1274,12,0,0
"10193",510,"V13",0.013,13,0,0
"10194",510,"V14",0.0615,14,0,0
"10195",510,"V15",0.0313,15,0,0
"10196",510,"V16",0.1086,16,0,1
"10197",510,"V17",0.0383,17,0,0
"10198",510,"V18",0.1194,18,0,0
"10199",510,"V19",0.0224,19,0,1
"10200",510,"V20",0.0125,20,0,0
"10201",511,"V1",0.0298,1,0,1
"10202",511,"V2",0.0163,2,0,0
"10203",511,"V3",1e-04,3,0,0
"10204",511,"V4",0.2236,4,0,0
"10205",511,"V5",0.3006,5,1,1
"10206",511,"V6",0.9564,6,1,0
"10207",511,"V7",0.0251,7,0,0
"10208",511,"V8",0.8184,8,1,0
"10209",511,"V9",0.7526,9,1,1
"10210",511,"V10",0.029,10,0,0
"10211",511,"V11",0.0656,11,0,0
"10212",511,"V12",0.9594,12,1,0
"10213",511,"V13",0.013,13,0,0
"10214",511,"V14",0.9395,14,1,0
"10215",511,"V15",0.0313,15,0,0
"10216",511,"V16",0.8893,16,1,0
"10217",511,"V17",0.0383,17,0,1
"10218",511,"V18",0.1194,18,0,0
"10219",511,"V19",0.0224,19,0,0
"10220",511,"V20",0.0125,20,0,0
"10221",512,"V1",0.0298,1,0,0
"10222",512,"V2",0.0163,2,0,0
"10223",512,"V3",1e-04,3,0,1
"10224",512,"V4",0.2236,4,0,0
"10225",512,"V5",0.3006,5,1,1
"10226",512,"V6",0.9564,6,1,0
"10227",512,"V7",0.0251,7,0,0
"10228",512,"V8",0.8184,8,0,1
"10229",512,"V9",0.7526,9,1,0
"10230",512,"V10",0.029,10,0,1
"10231",512,"V11",0.0656,11,0,0
"10232",512,"V12",0.9594,12,1,1
"10233",512,"V13",0.013,13,0,0
"10234",512,"V14",0.9395,14,1,0
"10235",512,"V15",0.0313,15,0,0
"10236",512,"V16",0.8893,16,1,0
"10237",512,"V17",0.0383,17,0,0
"10238",512,"V18",0.1194,18,0,1
"10239",512,"V19",0.0224,19,0,1
"10240",512,"V20",0.0125,20,0,0
"10241",513,"V1",0.9108,1,1,1
"10242",513,"V2",0.9586,2,1,0
"10243",513,"V3",0.8661,3,1,0
"10244",513,"V4",0.8901,4,1,0
"10245",513,"V5",0.828,5,1,0
"10246",513,"V6",0.9564,6,1,0
"10247",513,"V7",0.8035,7,1,0
"10248",513,"V8",0.8184,8,1,0
"10249",513,"V9",0.7526,9,0,0
"10250",513,"V10",0.7864,10,1,0
"10251",513,"V11",0.9181,11,1,1
"10252",513,"V12",0.9594,12,1,0
"10253",513,"V13",0.6652,13,0,0
"10254",513,"V14",0.9395,14,1,0
"10255",513,"V15",0.8949,15,1,0
"10256",513,"V16",0.8893,16,1,0
"10257",513,"V17",0.8621,17,0,0
"10258",513,"V18",0.8621,18,0,0
"10259",513,"V19",0.7596,19,0,1
"10260",513,"V20",0.843,20,1,0
"10261",514,"V1",0.0298,1,0,0
"10262",514,"V2",0.0163,2,0,0
"10263",514,"V3",1e-04,3,0,0
"10264",514,"V4",0.2236,4,0,0
"10265",514,"V5",0.3006,5,0,0
"10266",514,"V6",0.9564,6,1,0
"10267",514,"V7",0.0251,7,0,0
"10268",514,"V8",0.8184,8,1,0
"10269",514,"V9",0.7526,9,1,0
"10270",514,"V10",0.029,10,0,0
"10271",514,"V11",0.0656,11,0,0
"10272",514,"V12",0.9594,12,1,0
"10273",514,"V13",0.013,13,0,1
"10274",514,"V14",0.9395,14,1,0
"10275",514,"V15",0.0313,15,0,0
"10276",514,"V16",0.8893,16,1,0
"10277",514,"V17",0.0383,17,0,0
"10278",514,"V18",0.1194,18,0,0
"10279",514,"V19",0.0224,19,0,0
"10280",514,"V20",0.0125,20,0,1
"10281",515,"V1",0.0298,1,0,0
"10282",515,"V2",0.0163,2,0,0
"10283",515,"V3",1e-04,3,0,0
"10284",515,"V4",0.2236,4,0,0
"10285",515,"V5",0.3006,5,0,0
"10286",515,"V6",0.9564,6,1,0
"10287",515,"V7",0.0251,7,0,0
"10288",515,"V8",0.8184,8,1,0
"10289",515,"V9",0.7526,9,0,0
"10290",515,"V10",0.029,10,0,0
"10291",515,"V11",0.0656,11,0,0
"10292",515,"V12",0.9594,12,1,0
"10293",515,"V13",0.013,13,0,0
"10294",515,"V14",0.9395,14,1,1
"10295",515,"V15",0.0313,15,0,0
"10296",515,"V16",0.8893,16,1,0
"10297",515,"V17",0.0383,17,0,0
"10298",515,"V18",0.1194,18,0,0
"10299",515,"V19",0.0224,19,0,0
"10300",515,"V20",0.0125,20,0,0
"10301",516,"V1",0.0298,1,0,0
"10302",516,"V2",0.0163,2,0,0
"10303",516,"V3",1e-04,3,0,0
"10304",516,"V4",0.2236,4,0,0
"10305",516,"V5",0.3006,5,1,1
"10306",516,"V6",0.9564,6,1,0
"10307",516,"V7",0.0251,7,0,0
"10308",516,"V8",0.8184,8,1,0
"10309",516,"V9",0.7526,9,0,0
"10310",516,"V10",0.029,10,0,0
"10311",516,"V11",0.0656,11,0,0
"10312",516,"V12",0.9594,12,1,0
"10313",516,"V13",0.013,13,0,0
"10314",516,"V14",0.9395,14,1,0
"10315",516,"V15",0.0313,15,0,0
"10316",516,"V16",0.8893,16,1,0
"10317",516,"V17",0.0383,17,0,0
"10318",516,"V18",0.1194,18,0,0
"10319",516,"V19",0.0224,19,0,0
"10320",516,"V20",0.0125,20,0,0
"10321",517,"V1",0.0298,1,0,0
"10322",517,"V2",0.0163,2,0,0
"10323",517,"V3",1e-04,3,0,0
"10324",517,"V4",0.2236,4,0,1
"10325",517,"V5",0.3006,5,1,0
"10326",517,"V6",0.0951,6,1,1
"10327",517,"V7",0.0251,7,0,1
"10328",517,"V8",0.4438,8,1,1
"10329",517,"V9",0.2883,9,0,0
"10330",517,"V10",0.029,10,0,1
"10331",517,"V11",0.0656,11,0,0
"10332",517,"V12",0.1274,12,0,0
"10333",517,"V13",0.013,13,0,1
"10334",517,"V14",0.0615,14,0,1
"10335",517,"V15",0.0313,15,0,1
"10336",517,"V16",0.1086,16,0,0
"10337",517,"V17",0.0383,17,0,0
"10338",517,"V18",0.1194,18,0,1
"10339",517,"V19",0.0224,19,0,1
"10340",517,"V20",0.0125,20,0,0
"10341",518,"V1",0.9108,1,1,0
"10342",518,"V2",0.9586,2,1,0
"10343",518,"V3",0.8661,3,1,0
"10344",518,"V4",0.2236,4,1,0
"10345",518,"V5",0.828,5,0,0
"10346",518,"V6",0.9564,6,1,0
"10347",518,"V7",0.0251,7,0,0
"10348",518,"V8",0.8184,8,1,0
"10349",518,"V9",0.7526,9,1,0
"10350",518,"V10",0.029,10,0,0
"10351",518,"V11",0.0656,11,1,0
"10352",518,"V12",0.9594,12,1,0
"10353",518,"V13",0.013,13,0,0
"10354",518,"V14",0.9395,14,1,0
"10355",518,"V15",0.0313,15,0,0
"10356",518,"V16",0.8893,16,1,1
"10357",518,"V17",0.0383,17,0,0
"10358",518,"V18",0.1194,18,0,0
"10359",518,"V19",0.0224,19,0,0
"10360",518,"V20",0.0125,20,0,0
"10361",519,"V1",0.0298,1,0,0
"10362",519,"V2",0.0163,2,0,0
"10363",519,"V3",1e-04,3,0,0
"10364",519,"V4",0.2236,4,1,0
"10365",519,"V5",0.3006,5,0,0
"10366",519,"V6",0.0951,6,0,0
"10367",519,"V7",0.0251,7,0,0
"10368",519,"V8",0.4438,8,0,0
"10369",519,"V9",0.2883,9,0,1
"10370",519,"V10",0.029,10,0,0
"10371",519,"V11",0.0656,11,0,0
"10372",519,"V12",0.1274,12,0,0
"10373",519,"V13",0.013,13,0,0
"10374",519,"V14",0.0615,14,0,0
"10375",519,"V15",0.0313,15,0,0
"10376",519,"V16",0.1086,16,0,0
"10377",519,"V17",0.0383,17,0,0
"10378",519,"V18",0.1194,18,0,0
"10379",519,"V19",0.0224,19,0,0
"10380",519,"V20",0.0125,20,0,0
"10381",520,"V1",0.9108,1,1,0
"10382",520,"V2",0.9586,2,1,0
"10383",520,"V3",0.8661,3,1,0
"10384",520,"V4",0.8901,4,1,0
"10385",520,"V5",0.828,5,1,0
"10386",520,"V6",0.9564,6,1,0
"10387",520,"V7",0.8035,7,1,1
"10388",520,"V8",0.8184,8,1,1
"10389",520,"V9",0.7526,9,1,1
"10390",520,"V10",0.7864,10,1,0
"10391",520,"V11",0.9181,11,1,0
"10392",520,"V12",0.9594,12,1,0
"10393",520,"V13",0.6652,13,0,0
"10394",520,"V14",0.9395,14,1,0
"10395",520,"V15",0.8949,15,0,1
"10396",520,"V16",0.8893,16,1,0
"10397",520,"V17",0.8621,17,0,0
"10398",520,"V18",0.8621,18,1,0
"10399",520,"V19",0.7596,19,0,1
"10400",520,"V20",0.843,20,0,0
"10401",521,"V1",0.0298,1,0,1
"10402",521,"V2",0.0163,2,0,0
"10403",521,"V3",1e-04,3,0,0
"10404",521,"V4",0.2236,4,0,1
"10405",521,"V5",0.3006,5,0,0
"10406",521,"V6",0.0951,6,0,0
"10407",521,"V7",0.0251,7,0,0
"10408",521,"V8",0.4438,8,0,1
"10409",521,"V9",0.2883,9,0,1
"10410",521,"V10",0.029,10,0,0
"10411",521,"V11",0.0656,11,1,0
"10412",521,"V12",0.1274,12,1,0
"10413",521,"V13",0.013,13,0,0
"10414",521,"V14",0.0615,14,0,0
"10415",521,"V15",0.0313,15,0,0
"10416",521,"V16",0.1086,16,0,0
"10417",521,"V17",0.0383,17,0,0
"10418",521,"V18",0.1194,18,0,0
"10419",521,"V19",0.0224,19,0,1
"10420",521,"V20",0.0125,20,0,0
"10421",522,"V1",0.0298,1,0,0
"10422",522,"V2",0.0163,2,0,0
"10423",522,"V3",1e-04,3,0,1
"10424",522,"V4",0.2236,4,0,0
"10425",522,"V5",0.3006,5,0,0
"10426",522,"V6",0.0951,6,1,1
"10427",522,"V7",0.0251,7,0,0
"10428",522,"V8",0.4438,8,0,0
"10429",522,"V9",0.2883,9,0,0
"10430",522,"V10",0.029,10,0,0
"10431",522,"V11",0.0656,11,0,0
"10432",522,"V12",0.1274,12,0,1
"10433",522,"V13",0.013,13,0,0
"10434",522,"V14",0.0615,14,0,1
"10435",522,"V15",0.0313,15,0,1
"10436",522,"V16",0.1086,16,0,1
"10437",522,"V17",0.0383,17,0,1
"10438",522,"V18",0.1194,18,0,0
"10439",522,"V19",0.0224,19,0,0
"10440",522,"V20",0.0125,20,0,1
"10441",523,"V1",0.0298,1,0,0
"10442",523,"V2",0.0163,2,0,0
"10443",523,"V3",1e-04,3,0,0
"10444",523,"V4",0.2236,4,0,0
"10445",523,"V5",0.3006,5,0,0
"10446",523,"V6",0.0951,6,0,0
"10447",523,"V7",0.0251,7,0,0
"10448",523,"V8",0.4438,8,0,0
"10449",523,"V9",0.2883,9,0,1
"10450",523,"V10",0.029,10,0,0
"10451",523,"V11",0.0656,11,0,1
"10452",523,"V12",0.1274,12,0,0
"10453",523,"V13",0.013,13,0,0
"10454",523,"V14",0.0615,14,0,0
"10455",523,"V15",0.0313,15,0,0
"10456",523,"V16",0.1086,16,1,0
"10457",523,"V17",0.0383,17,0,0
"10458",523,"V18",0.1194,18,0,0
"10459",523,"V19",0.0224,19,0,0
"10460",523,"V20",0.0125,20,0,0
"10461",524,"V1",0.0298,1,0,0
"10462",524,"V2",0.0163,2,0,0
"10463",524,"V3",1e-04,3,0,0
"10464",524,"V4",0.2236,4,1,0
"10465",524,"V5",0.3006,5,0,1
"10466",524,"V6",0.0951,6,0,0
"10467",524,"V7",0.0251,7,0,0
"10468",524,"V8",0.4438,8,1,0
"10469",524,"V9",0.2883,9,0,0
"10470",524,"V10",0.029,10,0,1
"10471",524,"V11",0.0656,11,0,0
"10472",524,"V12",0.1274,12,0,0
"10473",524,"V13",0.013,13,0,0
"10474",524,"V14",0.0615,14,0,0
"10475",524,"V15",0.0313,15,0,0
"10476",524,"V16",0.1086,16,0,0
"10477",524,"V17",0.0383,17,0,0
"10478",524,"V18",0.1194,18,0,0
"10479",524,"V19",0.0224,19,0,0
"10480",524,"V20",0.0125,20,0,0
"10481",525,"V1",0.0298,1,0,0
"10482",525,"V2",0.0163,2,0,0
"10483",525,"V3",1e-04,3,0,0
"10484",525,"V4",0.2236,4,0,1
"10485",525,"V5",0.3006,5,0,0
"10486",525,"V6",0.0951,6,0,1
"10487",525,"V7",0.0251,7,0,0
"10488",525,"V8",0.4438,8,0,0
"10489",525,"V9",0.2883,9,0,0
"10490",525,"V10",0.029,10,0,0
"10491",525,"V11",0.0656,11,1,0
"10492",525,"V12",0.1274,12,0,0
"10493",525,"V13",0.013,13,0,1
"10494",525,"V14",0.0615,14,0,0
"10495",525,"V15",0.0313,15,0,0
"10496",525,"V16",0.1086,16,0,0
"10497",525,"V17",0.0383,17,0,0
"10498",525,"V18",0.1194,18,0,0
"10499",525,"V19",0.0224,19,0,0
"10500",525,"V20",0.0125,20,0,1
"10501",526,"V1",0.0298,1,0,1
"10502",526,"V2",0.0163,2,0,0
"10503",526,"V3",1e-04,3,0,0
"10504",526,"V4",0.2236,4,0,0
"10505",526,"V5",0.3006,5,0,0
"10506",526,"V6",0.0951,6,1,0
"10507",526,"V7",0.0251,7,0,1
"10508",526,"V8",0.4438,8,0,0
"10509",526,"V9",0.2883,9,0,0
"10510",526,"V10",0.029,10,0,0
"10511",526,"V11",0.0656,11,0,0
"10512",526,"V12",0.1274,12,0,0
"10513",526,"V13",0.013,13,0,0
"10514",526,"V14",0.0615,14,0,1
"10515",526,"V15",0.0313,15,0,1
"10516",526,"V16",0.1086,16,0,1
"10517",526,"V17",0.0383,17,0,0
"10518",526,"V18",0.1194,18,0,0
"10519",526,"V19",0.0224,19,0,0
"10520",526,"V20",0.0125,20,0,0
"10521",527,"V1",0.9108,1,1,0
"10522",527,"V2",0.9586,2,1,0
"10523",527,"V3",0.8661,3,1,0
"10524",527,"V4",0.2236,4,1,0
"10525",527,"V5",0.828,5,0,0
"10526",527,"V6",0.9564,6,1,0
"10527",527,"V7",0.8035,7,0,1
"10528",527,"V8",0.8184,8,1,0
"10529",527,"V9",0.7526,9,1,1
"10530",527,"V10",0.029,10,0,0
"10531",527,"V11",0.0656,11,0,1
"10532",527,"V12",0.9594,12,1,0
"10533",527,"V13",0.013,13,0,0
"10534",527,"V14",0.9395,14,1,0
"10535",527,"V15",0.8949,15,1,1
"10536",527,"V16",0.8893,16,1,1
"10537",527,"V17",0.0383,17,0,0
"10538",527,"V18",0.1194,18,0,0
"10539",527,"V19",0.0224,19,0,0
"10540",527,"V20",0.0125,20,0,0
"10541",528,"V1",0.9108,1,1,0
"10542",528,"V2",0.9586,2,1,0
"10543",528,"V3",0.8661,3,1,1
"10544",528,"V4",0.2236,4,1,1
"10545",528,"V5",0.828,5,0,0
"10546",528,"V6",0.9564,6,1,0
"10547",528,"V7",0.8035,7,0,1
"10548",528,"V8",0.8184,8,1,1
"10549",528,"V9",0.7526,9,1,0
"10550",528,"V10",0.029,10,0,1
"10551",528,"V11",0.0656,11,0,0
"10552",528,"V12",0.9594,12,1,1
"10553",528,"V13",0.013,13,0,1
"10554",528,"V14",0.9395,14,1,0
"10555",528,"V15",0.8949,15,1,1
"10556",528,"V16",0.8893,16,1,0
"10557",528,"V17",0.0383,17,0,1
"10558",528,"V18",0.1194,18,0,0
"10559",528,"V19",0.0224,19,0,0
"10560",528,"V20",0.0125,20,0,0
"10561",529,"V1",0.0298,1,0,0
"10562",529,"V2",0.0163,2,0,0
"10563",529,"V3",1e-04,3,0,0
"10564",529,"V4",0.2236,4,0,0
"10565",529,"V5",0.3006,5,0,1
"10566",529,"V6",0.0951,6,0,0
"10567",529,"V7",0.0251,7,0,0
"10568",529,"V8",0.4438,8,0,0
"10569",529,"V9",0.2883,9,0,0
"10570",529,"V10",0.029,10,0,0
"10571",529,"V11",0.0656,11,0,1
"10572",529,"V12",0.1274,12,0,0
"10573",529,"V13",0.013,13,0,0
"10574",529,"V14",0.0615,14,1,0
"10575",529,"V15",0.0313,15,0,0
"10576",529,"V16",0.1086,16,0,0
"10577",529,"V17",0.0383,17,0,1
"10578",529,"V18",0.1194,18,0,0
"10579",529,"V19",0.0224,19,0,0
"10580",529,"V20",0.0125,20,0,1
"10581",530,"V1",0.0298,1,0,0
"10582",530,"V2",0.0163,2,0,1
"10583",530,"V3",1e-04,3,0,1
"10584",530,"V4",0.2236,4,0,0
"10585",530,"V5",0.3006,5,0,1
"10586",530,"V6",0.0951,6,0,0
"10587",530,"V7",0.0251,7,0,1
"10588",530,"V8",0.4438,8,0,1
"10589",530,"V9",0.2883,9,0,0
"10590",530,"V10",0.029,10,0,0
"10591",530,"V11",0.0656,11,0,0
"10592",530,"V12",0.1274,12,0,0
"10593",530,"V13",0.013,13,0,0
"10594",530,"V14",0.0615,14,0,0
"10595",530,"V15",0.0313,15,1,0
"10596",530,"V16",0.1086,16,0,0
"10597",530,"V17",0.0383,17,0,0
"10598",530,"V18",0.1194,18,0,0
"10599",530,"V19",0.0224,19,0,1
"10600",530,"V20",0.0125,20,0,0
"10601",531,"V1",0.0298,1,0,0
"10602",531,"V2",0.0163,2,0,0
"10603",531,"V3",1e-04,3,0,0
"10604",531,"V4",0.2236,4,0,0
"10605",531,"V5",0.3006,5,0,0
"10606",531,"V6",0.0951,6,0,0
"10607",531,"V7",0.0251,7,0,1
"10608",531,"V8",0.4438,8,1,0
"10609",531,"V9",0.2883,9,0,0
"10610",531,"V10",0.029,10,0,0
"10611",531,"V11",0.0656,11,1,1
"10612",531,"V12",0.1274,12,0,0
"10613",531,"V13",0.013,13,0,0
"10614",531,"V14",0.0615,14,0,0
"10615",531,"V15",0.0313,15,0,0
"10616",531,"V16",0.1086,16,0,0
"10617",531,"V17",0.0383,17,0,0
"10618",531,"V18",0.1194,18,0,1
"10619",531,"V19",0.0224,19,0,0
"10620",531,"V20",0.0125,20,0,0
"10621",532,"V1",0.0298,1,0,0
"10622",532,"V2",0.0163,2,0,1
"10623",532,"V3",1e-04,3,0,0
"10624",532,"V4",0.2236,4,0,0
"10625",532,"V5",0.3006,5,0,0
"10626",532,"V6",0.0951,6,0,0
"10627",532,"V7",0.0251,7,0,0
"10628",532,"V8",0.4438,8,0,0
"10629",532,"V9",0.2883,9,0,0
"10630",532,"V10",0.029,10,0,1
"10631",532,"V11",0.0656,11,0,0
"10632",532,"V12",0.1274,12,0,1
"10633",532,"V13",0.013,13,0,0
"10634",532,"V14",0.0615,14,0,0
"10635",532,"V15",0.0313,15,0,0
"10636",532,"V16",0.1086,16,0,1
"10637",532,"V17",0.0383,17,0,0
"10638",532,"V18",0.1194,18,0,1
"10639",532,"V19",0.0224,19,0,1
"10640",532,"V20",0.0125,20,0,1
"10641",533,"V1",0.9108,1,1,0
"10642",533,"V2",0.9586,2,1,1
"10643",533,"V3",0.8661,3,1,0
"10644",533,"V4",0.8901,4,1,1
"10645",533,"V5",0.828,5,1,0
"10646",533,"V6",0.9564,6,1,0
"10647",533,"V7",0.8035,7,1,0
"10648",533,"V8",0.8184,8,1,0
"10649",533,"V9",0.7526,9,0,0
"10650",533,"V10",0.7864,10,1,1
"10651",533,"V11",0.9181,11,1,0
"10652",533,"V12",0.9594,12,1,1
"10653",533,"V13",0.6652,13,1,0
"10654",533,"V14",0.9395,14,1,1
"10655",533,"V15",0.8949,15,0,0
"10656",533,"V16",0.8893,16,1,0
"10657",533,"V17",0.8621,17,1,0
"10658",533,"V18",0.8621,18,1,0
"10659",533,"V19",0.7596,19,0,1
"10660",533,"V20",0.843,20,0,0
"10661",534,"V1",0.0298,1,0,0
"10662",534,"V2",0.0163,2,0,0
"10663",534,"V3",1e-04,3,0,0
"10664",534,"V4",0.2236,4,0,0
"10665",534,"V5",0.3006,5,0,1
"10666",534,"V6",0.0951,6,0,0
"10667",534,"V7",0.0251,7,0,1
"10668",534,"V8",0.4438,8,0,1
"10669",534,"V9",0.2883,9,0,1
"10670",534,"V10",0.029,10,0,0
"10671",534,"V11",0.0656,11,0,0
"10672",534,"V12",0.1274,12,0,1
"10673",534,"V13",0.013,13,0,0
"10674",534,"V14",0.0615,14,0,0
"10675",534,"V15",0.0313,15,0,0
"10676",534,"V16",0.1086,16,0,0
"10677",534,"V17",0.0383,17,0,0
"10678",534,"V18",0.1194,18,0,0
"10679",534,"V19",0.0224,19,0,1
"10680",534,"V20",0.0125,20,0,0
"10681",535,"V1",0.9108,1,1,0
"10682",535,"V2",0.9586,2,1,0
"10683",535,"V3",0.8661,3,1,0
"10684",535,"V4",0.8901,4,1,1
"10685",535,"V5",0.828,5,0,1
"10686",535,"V6",0.9564,6,1,0
"10687",535,"V7",0.8035,7,1,0
"10688",535,"V8",0.8184,8,1,0
"10689",535,"V9",0.7526,9,1,0
"10690",535,"V10",0.7864,10,1,0
"10691",535,"V11",0.9181,11,1,0
"10692",535,"V12",0.9594,12,1,0
"10693",535,"V13",0.6652,13,1,0
"10694",535,"V14",0.9395,14,1,0
"10695",535,"V15",0.8949,15,1,1
"10696",535,"V16",0.8893,16,1,0
"10697",535,"V17",0.8621,17,0,0
"10698",535,"V18",0.8621,18,1,0
"10699",535,"V19",0.7596,19,0,0
"10700",535,"V20",0.843,20,0,0
"10701",536,"V1",0.9108,1,1,0
"10702",536,"V2",0.9586,2,1,0
"10703",536,"V3",0.8661,3,1,1
"10704",536,"V4",0.2236,4,1,1
"10705",536,"V5",0.828,5,1,0
"10706",536,"V6",0.9564,6,1,0
"10707",536,"V7",0.8035,7,0,1
"10708",536,"V8",0.8184,8,1,0
"10709",536,"V9",0.7526,9,0,0
"10710",536,"V10",0.029,10,0,0
"10711",536,"V11",0.0656,11,0,1
"10712",536,"V12",0.9594,12,1,1
"10713",536,"V13",0.013,13,0,0
"10714",536,"V14",0.9395,14,1,0
"10715",536,"V15",0.8949,15,1,1
"10716",536,"V16",0.8893,16,1,0
"10717",536,"V17",0.0383,17,0,1
"10718",536,"V18",0.1194,18,0,1
"10719",536,"V19",0.0224,19,0,0
"10720",536,"V20",0.0125,20,0,0
