estmethod,imv_full,imv_mean,imv_sd,attribute,modeltype,rep
MAP,0.026220789484449798,0.01429378987297015,0.006759005710574322,linear,GDINA,1
mp,0.03119725747498609,0.03227587839736029,0.006148842234898697,linear,GDINA,1
MAP,0.03847405076505756,0.025719413873911457,0.00935628028132508,linear,GDINA,2
mp,0.043887404802298205,0.04399164261481698,0.008645883865238468,linear,GDINA,2
MAP,0.03731578522539453,0.03191286046223941,0.00890716628422309,linear,GDINA,3
mp,0.041781596495320095,0.048478793962564465,0.010543848491860634,linear,GDINA,3
MAP,0.027926292944074102,0.02313313116875273,0.006821604665704649,linear,GDINA,4
mp,0.03237423882264829,0.036428291335957784,0.0031445399057310115,linear,GDINA,4
MAP,0.03267638769461673,0.03189836847619273,0.008812140711853761,linear,GDINA,5
mp,0.03729796263322767,0.043513849755551844,0.003361936716012281,linear,GDINA,5
MAP,0.030479998379161082,0.01776638309679861,0.010559457306711173,linear,GDINA,6
mp,0.034293812121986844,0.03875366241735417,0.006508079576811288,linear,GDINA,6
MAP,0.03938715452387565,0.03546367733652202,0.004619816602163288,linear,GDINA,7
mp,0.04578169116078727,0.048222255180601165,0.003989975884787326,linear,GDINA,7
MAP,0.02624822211139468,0.010083393588765234,0.006822266465432211,linear,GDINA,8
mp,0.03122641261462261,0.03006482741030359,0.003195392551399849,linear,GDINA,8
MAP,0.031898086800514786,0.019469842991841783,0.0038691126364091763,linear,GDINA,9
mp,0.03707501718503959,0.03774645027467485,0.005450872281741699,linear,GDINA,9
MAP,0.03588179826332293,0.027433400567923948,0.006532665874773502,linear,GDINA,10
mp,0.039674718045479,0.0468683289240325,0.0028209245039964963,linear,GDINA,10
MAP,0.03642624938848117,0.02455180954818172,0.007242356216314238,linear,GDINA,11
mp,0.040958032332235036,0.04471905914889591,0.005013095568667277,linear,GDINA,11
MAP,0.027296212391690555,0.021682584812240377,0.008731517400555128,linear,GDINA,12
mp,0.03200994050824215,0.03899631143989368,0.003032089436037813,linear,GDINA,12
MAP,0.027282512432092416,0.028031409643720043,0.004770057702822824,linear,GDINA,13
mp,0.030672503582985157,0.03740384962698672,0.0034051306984858778,linear,GDINA,13
MAP,0.036448691180563014,0.018909634415892166,0.006000665403330566,linear,GDINA,14
mp,0.04334578404784373,0.04163050147341228,0.004141726098529548,linear,GDINA,14
MAP,0.028462999944888646,0.012303824045949947,0.0074452282677486825,linear,GDINA,15
mp,0.03454255581895301,0.030429025621055147,0.006874719226928556,linear,GDINA,15
MAP,0.03271954128831887,0.031434748579536494,0.008663840260305408,linear,GDINA,16
mp,0.03655054703519041,0.042078384263270034,0.004721067061299035,linear,GDINA,16
MAP,0.029179425426713822,0.009051209964364692,0.012601242743870276,linear,GDINA,17
mp,0.035829665272728115,0.034567624021155624,0.007989147008857958,linear,GDINA,17
MAP,0.034716032535249554,0.030067128461724588,0.015144888169698806,linear,GDINA,18
mp,0.03811060422559213,0.04591743749443432,0.00804134838414594,linear,GDINA,18
MAP,0.03183087734852029,0.013180454716866645,0.011757230431496412,linear,GDINA,19
mp,0.036366365021549434,0.03966865513098049,0.005194529598438443,linear,GDINA,19
MAP,0.032118357800567446,0.03164934030047005,0.006504421972142689,linear,GDINA,20
mp,0.036411716911139674,0.043959541317727995,0.0037424541927198645,linear,GDINA,20
MAP,0.029580484493380996,0.021690211042353844,0.007725935976228701,linear,GDINA,21
mp,0.03420089545941988,0.03834472712852803,0.0056126472151947935,linear,GDINA,21
MAP,0.03027993721229129,0.017927126532157594,0.002482194387129171,linear,GDINA,22
mp,0.03381859029996237,0.03440364042149002,0.003263134950322346,linear,GDINA,22
MAP,0.02749578383695535,0.015745945858732832,0.011981438691608155,linear,GDINA,23
mp,0.03202411055785431,0.032624136130755585,0.006408298617585929,linear,GDINA,23
MAP,0.03348127837245357,0.028334435426927262,0.015873707968388495,linear,GDINA,24
mp,0.03776437892249442,0.0412579463767928,0.010017320729339061,linear,GDINA,24
MAP,0.026070665979563028,0.021406902179386598,0.005907826989423794,linear,GDINA,25
mp,0.02986039841204364,0.037038908507704964,0.004990963642194298,linear,GDINA,25
MAP,0.031170433432393264,0.029436591027930704,0.0043295840321059395,linear,GDINA,26
mp,0.035572401945162015,0.04079424985144705,0.00425100283646907,linear,GDINA,26
MAP,0.02752840964093731,0.023468188415226608,0.01035480185534775,linear,GDINA,27
mp,0.03193999486570369,0.0339115212952183,0.005173458581297024,linear,GDINA,27
MAP,0.02507801220482766,0.015655660908566543,0.007838751344692318,linear,GDINA,28
mp,0.030115427505857915,0.030488409449281224,0.008472552349324739,linear,GDINA,28
MAP,0.029804055895984116,0.026590010441910453,0.008702940243863812,linear,GDINA,29
mp,0.03593484028192521,0.038112377857228236,0.0030398966509436664,linear,GDINA,29
MAP,0.031245974582103937,0.022695658824981223,0.008419901499119852,linear,GDINA,30
mp,0.03553734201219076,0.03757103325561278,0.005734280155525643,linear,GDINA,30
MAP,0.03216791791098989,0.01521614652394659,0.006563974759218008,linear,GDINA,31
mp,0.03613917024710562,0.039921552857575905,0.004876013581398616,linear,GDINA,31
MAP,0.026311217896959994,0.01190292510061351,0.012128764703022746,linear,GDINA,32
mp,0.03099266195977077,0.03211357540471413,0.008496237320779532,linear,GDINA,32
MAP,0.02802375284313315,0.019856378417289402,0.006873406499340548,linear,GDINA,33
mp,0.032257713609814206,0.03211444146426837,0.0072991206754356875,linear,GDINA,33
MAP,0.037905980856001414,0.03942797745955032,0.013185707054939277,linear,GDINA,34
mp,0.04169022828746528,0.05321125714493822,0.010275446597194836,linear,GDINA,34
MAP,0.03564485611127379,0.033799177411705336,0.008611003509908049,linear,GDINA,35
mp,0.03974082590646773,0.047480290814622156,0.007114657808244134,linear,GDINA,35
MAP,0.03163680359232036,0.02410682579944636,0.005162245289003605,linear,GDINA,36
mp,0.03640334226370762,0.03681713779239108,0.0028311557210890475,linear,GDINA,36
MAP,0.033809284289689934,0.035053787619803496,0.012212543273325183,linear,GDINA,37
mp,0.03724114585311966,0.05000254621879296,0.005051425355192307,linear,GDINA,37
MAP,0.029889842372859046,0.015822742490686305,0.009912895692297355,linear,GDINA,38
mp,0.034061409166644886,0.03594131358205573,0.006005542333989595,linear,GDINA,38
MAP,0.025669237324834126,0.020674984489085637,0.005570795083776998,linear,GDINA,39
mp,0.03091369803337347,0.03294920609462577,0.0032559499512799994,linear,GDINA,39
MAP,0.03417391188161959,0.02690604131839353,0.006784062255584401,linear,GDINA,40
mp,0.039557926494841716,0.04510312710505072,0.00855380445777791,linear,GDINA,40
MAP,0.032483681580856044,0.016988119505323272,0.009559641629775156,linear,GDINA,41
mp,0.037421368477576815,0.03671447473437971,0.005497402370376371,linear,GDINA,41
MAP,0.03716628310072836,0.03001120433493673,0.01649004487984542,linear,GDINA,42
mp,0.040147061790225716,0.049487327488242604,0.008614398709915809,linear,GDINA,42
MAP,0.024572549573332724,0.016315088762214866,0.010678842353068891,linear,GDINA,43
mp,0.029119100635254004,0.03141752589389797,0.007577001627872344,linear,GDINA,43
MAP,0.02701600400723281,0.021851300564252576,0.009557954088925187,linear,GDINA,44
mp,0.03112308890521202,0.0347255531564823,0.00791491666720734,linear,GDINA,44
MAP,0.030360380164067356,0.02717730374997289,0.006964178336403732,linear,GDINA,45
mp,0.034819118883693226,0.039219857073878754,0.003998860436819736,linear,GDINA,45
MAP,0.02840606337371938,0.03374460275567891,0.0074389465707653,linear,GDINA,46
mp,0.03149366622009057,0.043938276665407186,0.004938100007683334,linear,GDINA,46
MAP,0.026224705528303336,0.012575462822235844,0.009290509175291107,linear,GDINA,47
mp,0.02997802449586631,0.027455720020309292,0.015919254739650356,linear,GDINA,47
MAP,NA,NA,NA,linear,GDINA,48
mp,NA,NA,NA,linear,GDINA,48
MAP,0.03182886560580219,0.023930958174546907,0.007974385110655145,linear,GDINA,49
mp,0.03631134968034115,0.040747521954611614,0.004280331189660529,linear,GDINA,49
MAP,0.03195122429215108,0.03291891566132506,0.005271726661667184,linear,GDINA,50
mp,0.03564542533681111,0.042248645236885596,0.005589393070683975,linear,GDINA,50
MAP,0.03383180202853687,0.02045230793620817,0.013277397070344442,linear,GDINA,51
mp,0.03963725746663382,0.03555989454316759,0.00554600972409345,linear,GDINA,51
MAP,0.029450886441703322,0.02282075826168404,0.011490451765140365,linear,GDINA,52
mp,0.03445823673299814,0.03705566955610197,0.007376327892917774,linear,GDINA,52
MAP,0.031786318803764965,0.01678726760994123,0.012606896804344575,linear,GDINA,53
mp,0.03856732460359017,0.03620758969975839,0.009152132113654513,linear,GDINA,53
MAP,0.028430756070135767,0.02431016464998803,0.002791129177562117,linear,GDINA,54
mp,0.03246837259871189,0.0391122541191978,0.00729378256465361,linear,GDINA,54
MAP,0.03279728645325298,0.022162334456980154,0.010307074740692089,linear,GDINA,55
mp,0.03675803757863113,0.039018477694699516,0.0082291260461791315,linear,GDINA,55
MAP,0.025765141773248,0.011929146018491215,0.0075475903269567116,linear,GDINA,56
mp,0.03051278482168367,0.031533732125919464,0.0054786929235189335,linear,GDINA,56
MAP,0.03150999766718355,0.028222630042232504,0.009135112310010119,linear,GDINA,57
mp,0.03583993766829574,0.04181752550014597,0.00489313322773848,linear,GDINA,57
MAP,0.029774596493156325,0.019532564002043448,0.011147756428529842,linear,GDINA,58
mp,0.033247924685632695,0.037099473900619344,0.00255390592338856,linear,GDINA,58
MAP,0.027930610914748934,0.02492529091098627,0.0074448734527645605,linear,GDINA,59
mp,0.03183638377989391,0.038145262254534296,0.002701304806515778,linear,GDINA,59
MAP,0.03552990096129816,0.026070404805738728,0.008670418064404328,linear,GDINA,60
mp,0.039641429841447515,0.04620830328414155,0.005102059327347664,linear,GDINA,60
MAP,0.026537812915545467,0.005875149515851531,0.008854073383351433,linear,GDINA,61
mp,0.0332658160200254,0.029420676010299886,0.00441470777040901,linear,GDINA,61
MAP,0.03035237268153008,0.026516695177179403,0.009066869175687,linear,GDINA,62
mp,0.03432688121815655,0.04140443314972069,0.004556047044048522,linear,GDINA,62
MAP,0.024351181970885545,0.020330886837103632,0.014037839970563902,linear,GDINA,63
mp,0.027226258635144697,0.029472165265686114,0.016972135448869788,linear,GDINA,63
MAP,0.032772514428073496,0.01956095854016835,0.017484101769821552,linear,GDINA,64
mp,0.03804176553654198,0.04255292752847962,0.00808934943140323,linear,GDINA,64
MAP,0.02625209658872829,0.017383574481630044,0.006610404724031843,linear,GDINA,65
mp,0.029749416562177517,0.03492901463764919,0.006163532129759488,linear,GDINA,65
MAP,0.030183922781469714,0.013339228562097804,0.0042177639318972966,linear,GDINA,66
mp,0.03311075047427655,0.03641606651396307,0.0033383627669590554,linear,GDINA,66
MAP,0.02148927438671256,0.011223616462411658,0.015163162906184318,linear,GDINA,67
mp,0.02553873459624402,0.029593582913029336,0.006205112438770956,linear,GDINA,67
MAP,0.029206613935635596,0.020497255728921433,0.007512399199495009,linear,GDINA,68
mp,0.03275680416077668,0.038872257114448965,0.008778316554637983,linear,GDINA,68
MAP,0.02095971077221066,0.015238692266524434,0.010591509945813819,linear,GDINA,69
mp,0.02416247091212429,0.03142919300264542,0.005055848785491241,linear,GDINA,69
MAP,0.03404144237167259,0.023550508305446183,0.011380233049040907,linear,GDINA,70
mp,0.03980753478302938,0.03864172527252929,0.0065939215992584345,linear,GDINA,70
MAP,0.029640505721446737,0.014093511205764665,0.011535267935271579,linear,GDINA,71
mp,0.03412467926090742,0.03619430845524859,0.006475580909437147,linear,GDINA,71
MAP,0.03138365544390242,0.026653062151693274,0.01012402544010107,linear,GDINA,72
mp,0.03619735963081189,0.039707984311098184,0.008106195441675608,linear,GDINA,72
MAP,0.024405381558423176,0.008866027461458259,0.007453511302519225,linear,GDINA,73
mp,0.028342131705698777,0.029439877193448684,0.017577435751008764,linear,GDINA,73
MAP,0.033796369664068404,0.023247365110710766,0.010128826718819064,linear,GDINA,74
mp,0.036956625362098657,0.040362469432232186,0.005323890350028322,linear,GDINA,74
MAP,0.03029262328377328,0.021655221236003372,0.010582026768607353,linear,GDINA,75
mp,0.034835591526560496,0.038317510540064506,0.005704163310940345,linear,GDINA,75
MAP,0.028050770312698446,0.011889776767254329,0.011238745085913153,linear,GDINA,76
mp,0.033390834259565176,0.030738643446697203,0.006759609909022446,linear,GDINA,76
MAP,0.0326962054189886,0.024154142413714937,0.012116510869892296,linear,GDINA,77
mp,0.035639326266979854,0.04410936722423469,0.004829315457506819,linear,GDINA,77
MAP,0.02743557786602696,0.015203476814511733,0.010014248715386895,linear,GDINA,78
mp,0.03215140487901672,0.03180843335295429,0.005000532668308831,linear,GDINA,78
MAP,0.03230805956755345,0.024646868126454696,0.0032515873804281202,linear,GDINA,79
mp,0.037200090529037035,0.03677619906031477,0.003198885472742515,linear,GDINA,79
MAP,0.026164971704780358,0.014842586350867106,0.013163691637817743,linear,GDINA,80
mp,0.02985104651260981,0.03240901685997528,0.004851613391467156,linear,GDINA,80
MAP,0.036380194250983565,0.03633310552022992,0.012830784819483175,linear,GDINA,81
mp,0.039661790198293315,0.05407718853161112,0.009901565524866603,linear,GDINA,81
MAP,0.026431434039466167,0.01662370487787011,0.00384151103709939,linear,GDINA,82
mp,0.030262361256280294,0.0317544902478448,0.0019840470410805613,linear,GDINA,82
MAP,0.03048922354320513,0.0203301220189619,0.007976975120102477,linear,GDINA,83
mp,0.03596090801178546,0.03868272267064798,0.0016778420502469532,linear,GDINA,83
MAP,0.02956658165347185,0.023456734179375594,0.007940918947103186,linear,GDINA,84
mp,0.033664584134776125,0.037797167703562985,0.004531265081742354,linear,GDINA,84
MAP,0.02658010238489103,0.018646647763931486,0.004385448037230531,linear,GDINA,85
mp,0.03167896738468413,0.031209810943398118,0.0041240215070852595,linear,GDINA,85
MAP,0.023906479674846097,0.02120151804068361,0.003907867694616776,linear,GDINA,86
mp,0.028332120971689183,0.033366240508186824,0.0023336145812172236,linear,GDINA,86
MAP,0.02995467237543449,0.026292882736602758,0.011233385462190857,linear,GDINA,87
mp,0.0340542125921365,0.03894286272358452,0.00962593402816294,linear,GDINA,87
MAP,0.028591162795839932,0.024435195499681567,0.007551408502331295,linear,GDINA,88
mp,0.03330786416418372,0.03712898557554918,0.006847192552263866,linear,GDINA,88
MAP,0.029713463904591002,0.013199262112357906,0.005034890477565136,linear,GDINA,89
mp,0.034700322055073,0.03293653535932056,0.0028464179477077486,linear,GDINA,89
MAP,NA,NA,NA,linear,GDINA,90
mp,NA,NA,NA,linear,GDINA,90
MAP,0.030901292823821692,0.013176081436856496,0.004109496678494615,linear,GDINA,91
mp,0.03584110447140341,0.03623319429632524,0.0039650336331320014,linear,GDINA,91
MAP,0.028473322829148863,0.024416641238665847,0.008492851812046863,linear,GDINA,92
mp,0.03176234238952803,0.03825197286726151,0.005384676557246989,linear,GDINA,92
MAP,0.017017084907128034,-2.9717702288448926e-4,0.012175775049336205,linear,GDINA,93
mp,0.019805378631292878,0.023071802779889117,0.009451530346121534,linear,GDINA,93
MAP,0.027225549647071242,0.014317670807639822,0.011890197385064015,linear,GDINA,94
mp,0.030673594764568195,0.03336866947606797,0.004980679824190694,linear,GDINA,94
MAP,0.03311992830822542,0.013741833774354084,0.009417104601624461,linear,GDINA,95
mp,0.03863111630256839,0.03733317422059324,0.0070189931522183675,linear,GDINA,95
MAP,0.029190616408402495,0.018863942187888918,0.009744364634426747,linear,GDINA,96
mp,0.0326730668879355,0.033254918818471646,0.00859393523741884,linear,GDINA,96
MAP,0.028751735756855728,0.025773187666532024,0.005355803246920611,linear,GDINA,97
mp,0.03478710695538698,0.03562047436893991,0.0037943221854962956,linear,GDINA,97
MAP,0.029046652434348015,0.026249524013078115,0.0033740198666913977,linear,GDINA,98
mp,0.034203456091789784,0.03651258431270719,0.0024980650667949214,linear,GDINA,98
MAP,0.03710253690201538,0.03549679396115533,0.00834058296102198,linear,GDINA,99
mp,0.041983096439125386,0.046756907392926914,0.004827031249473384,linear,GDINA,99
MAP,0.028936655687676335,0.014213527030279342,0.007758216968117868,linear,GDINA,100
mp,0.03424606271042407,0.032698757046080926,0.0028763231153038004,linear,GDINA,100
MAP,0.17681984975930604,0.10254616482188934,0.012323937397406727,independent,GDINA,1
mp,0.18899764138956812,0.16852824983929393,0.009986134717735578,independent,GDINA,1
MAP,0.1740041273636073,0.086171356480787345,0.0447751320650624,independent,GDINA,2
mp,0.18282389891764372,0.17635680179532784,0.01090011256472736,independent,GDINA,2
MAP,0.17652053956065575,0.10726250672871153,0.03442994867264764,independent,GDINA,3
mp,0.1876986899599095,0.18134377774761215,0.015262852437734887,independent,GDINA,3
MAP,0.14529566151805476,0.09419549201787406,0.020055810667003463,independent,GDINA,4
mp,0.15641528199151938,0.15048339429499252,0.01252542633953117,independent,GDINA,4
MAP,0.14933618624659253,0.07042948524300542,0.022630871295670225,independent,GDINA,5
mp,0.15912734957085214,0.14538409806983374,0.00629104423490017,independent,GDINA,5
MAP,0.14141161983043568,0.09327808888736902,0.026504293485136454,independent,GDINA,6
mp,0.15263783034267403,0.15381682592419443,0.01080002108336285,independent,GDINA,6
MAP,0.18310456549194054,0.11398109433833783,0.008403419576234942,independent,GDINA,7
mp,0.194399536730707,0.19545425006690137,0.010088270988801298,independent,GDINA,7
MAP,0.15450576314611847,0.11044020472441873,0.023560519365558946,independent,GDINA,8
mp,0.16730902922280402,0.15949226366411004,0.019211766405497113,independent,GDINA,8
MAP,0.18222449834477056,0.13644194546341457,0.020236943542776633,independent,GDINA,9
mp,0.19303691556481054,0.1869345219086086,0.013873829151071854,independent,GDINA,9
MAP,0.1623580598525987,0.051145939184053656,0.03400948377468111,independent,GDINA,10
mp,0.1730972196570367,0.15251332035292672,0.01729667266174638,independent,GDINA,10
MAP,0.16373125558900326,0.1056392589826429,0.026649899233640174,independent,GDINA,11
mp,0.17234408042966176,0.18296076572154904,0.018657171093886954,independent,GDINA,11
MAP,0.18259522632386113,0.13011888793662446,0.04417558627575272,independent,GDINA,12
mp,0.19326241078966927,0.20277709230665852,0.0279350098136064,independent,GDINA,12
MAP,0.16645098672996514,0.1143127818397557,0.007936649321288482,independent,GDINA,13
mp,0.17524161911451652,0.1777131515496673,0.011948755949619834,independent,GDINA,13
MAP,0.1634776879695641,0.07054463727415249,0.03005736128805022,independent,GDINA,14
mp,0.17720946144734465,0.15347712552280818,0.016480457114352875,independent,GDINA,14
MAP,0.1865197381051455,0.1163621498414186,0.016170862556957728,independent,GDINA,15
mp,0.1959921694615974,0.19790078470416603,0.014476992052141473,independent,GDINA,15
MAP,0.17537779060360462,0.13254886661131757,0.014997379859681177,independent,GDINA,16
mp,0.1860990482466503,0.17973492926249027,0.0124552874244771,independent,GDINA,16
MAP,0.17045269904984045,0.07514772957649252,0.027398314753092297,independent,GDINA,17
mp,0.18280624283420718,0.15685014718626694,0.010591883461086153,independent,GDINA,17
MAP,0.16388097309849192,0.07674731403994053,0.029878476737667838,independent,GDINA,18
mp,0.1749170329708326,0.1582455686097318,0.014344493449835972,independent,GDINA,18
MAP,0.15326654850200044,0.05502516836331436,0.0196201752694579,independent,GDINA,19
mp,0.16676588533342657,0.13868668431222983,0.008472091256268344,independent,GDINA,19
MAP,0.1713721987884054,0.10710675137208177,0.033978245515167614,independent,GDINA,20
mp,0.18143637044981586,0.17258817902370435,0.017439161001402782,independent,GDINA,20
MAP,0.16227480148426504,0.0820176286045314,0.015234651704488313,independent,GDINA,21
mp,0.17590902127077152,0.1520973658916961,0.018807622856271213,independent,GDINA,21
MAP,0.1574645694730607,0.055991509892555226,0.013696482839201177,independent,GDINA,22
mp,0.1678487704457005,0.15293446463712804,0.007544248281707274,independent,GDINA,22
MAP,0.1621785853050894,0.10790809872829249,0.02974814452042146,independent,GDINA,23
mp,0.17235183182036462,0.1766841158464759,0.020184632573815805,independent,GDINA,23
MAP,0.18737696553445116,0.12421037684423886,0.02429156794100077,independent,GDINA,24
mp,0.19644020383668914,0.19715061624436492,0.017066725760962603,independent,GDINA,24
MAP,0.17453421370265262,0.10070832327290836,0.04057826661232639,independent,GDINA,25
mp,0.1884794053527135,0.17406414674222725,0.021769141463168853,independent,GDINA,25
MAP,0.1684659035489611,0.10681557091172372,0.01983011641356615,independent,GDINA,26
mp,0.18077229354143998,0.17574031527769948,0.012197629944562244,independent,GDINA,26
MAP,0.1573285553986506,0.10229696315307514,0.010364262644841046,independent,GDINA,27
mp,0.16691881344650178,0.16397562338637758,0.006120531936139758,independent,GDINA,27
MAP,0.16590328927942954,0.07150719767941721,0.03220613604948025,independent,GDINA,28
mp,0.17758987098346252,0.1598774901176782,0.006498200355840802,independent,GDINA,28
MAP,0.15404103194889038,0.04834758510741195,0.040259744997379554,independent,GDINA,29
mp,0.1664590857224077,0.14892771548732375,0.01503944714994391,independent,GDINA,29
MAP,0.1829342589537512,0.13795928731081789,0.015691963360766403,independent,GDINA,30
mp,0.19513146344098373,0.1899521265322547,0.012057948227699433,independent,GDINA,30
MAP,0.18019958525731566,0.1396549522214045,0.03151992564269608,independent,GDINA,31
mp,0.19123295980068364,0.2058712144031704,0.026521904164072338,independent,GDINA,31
MAP,0.1644385434133491,0.11052256452060356,0.02588875362784896,independent,GDINA,32
mp,0.1745024964360515,0.1654170851808539,0.02032069518779555,independent,GDINA,32
MAP,0.15237857531532523,0.06875637236363955,0.026865970512721885,independent,GDINA,33
mp,0.16558238877909046,0.1402691329150991,0.011484583533467234,independent,GDINA,33
MAP,0.17240162162030476,0.07055310626103858,0.016581412675369334,independent,GDINA,34
mp,0.1818356553202835,0.16539961482725365,0.008896339532390798,independent,GDINA,34
MAP,0.1658925435157683,0.06689320191293521,0.027630134272965647,independent,GDINA,35
mp,0.1784168874353797,0.15494976716707998,0.014449997881965677,independent,GDINA,35
MAP,NA,NA,NA,independent,GDINA,36
mp,NA,NA,NA,independent,GDINA,36
MAP,0.1634419229844568,0.14144634667598144,0.009364460128960288,independent,GDINA,37
mp,0.1753515422795474,0.1887954158473419,0.01536209025890686,independent,GDINA,37
MAP,0.16631398093578534,0.1076913763055897,0.03282126434464397,independent,GDINA,38
mp,0.17778204389705057,0.162643166974071,0.017843918718014964,independent,GDINA,38
MAP,NA,NA,NA,independent,GDINA,39
mp,NA,NA,NA,independent,GDINA,39
MAP,0.16860859946119106,0.11921409252501539,0.06878579150899428,independent,GDINA,40
mp,0.1785380131232062,0.15859151956610518,0.09079169233778445,independent,GDINA,40
MAP,0.14621655120239171,0.10859705607262365,0.032634710061063874,independent,GDINA,41
mp,0.15975775436853684,0.16300811326792772,0.01836230872451347,independent,GDINA,41
MAP,0.16953998732474515,0.10243741983027602,0.02837504157999294,independent,GDINA,42
mp,0.18196717750041191,0.1702202789630218,0.021503873619245082,independent,GDINA,42
MAP,0.15467917194412073,0.07165802457038278,0.014423658077992976,independent,GDINA,43
mp,0.16869312808706236,0.14659382857552408,0.010313461587941431,independent,GDINA,43
MAP,0.16865739649172792,0.08190094755086334,0.033168511213210364,independent,GDINA,44
mp,0.18469319261881728,0.1680282590544651,0.016313332702940296,independent,GDINA,44
MAP,0.16439470557342373,0.08772041827295772,0.02400161330326176,independent,GDINA,45
mp,0.17762752229492265,0.15852763081427354,0.007062430747166918,independent,GDINA,45
MAP,0.15964354897534372,0.0579154079724014,0.01999653725462047,independent,GDINA,46
mp,0.17269085314744687,0.1378727851925041,0.010391646450089347,independent,GDINA,46
MAP,0.1644879557642105,0.12562421062780457,0.015837979159123168,independent,GDINA,47
mp,0.1773264910309966,0.17807869934001685,0.022318148122555947,independent,GDINA,47
MAP,0.1515434380770518,0.036115407999105086,0.049054720464619846,independent,GDINA,48
mp,0.1651566520641094,0.13140495104331854,0.025648789745056015,independent,GDINA,48
MAP,0.17289238554795927,0.08447232251623153,0.04151500372145612,independent,GDINA,49
mp,0.1847377420518271,0.1659335585306699,0.022585522762978573,independent,GDINA,49
MAP,0.17853124262927755,0.12771887070843718,0.04046798093829946,independent,GDINA,50
mp,0.1927371281707618,0.18304701485260377,0.03171922022676848,independent,GDINA,50
MAP,0.17945153490188695,0.11010076413850124,0.03534183027455142,independent,GDINA,51
mp,0.19268864966862995,0.18251498426117266,0.02111713873275516,independent,GDINA,51
MAP,0.15380450683517494,0.07443069031920425,0.033224927010102885,independent,GDINA,52
mp,0.16532362896163696,0.1441788831530702,0.010319751216082505,independent,GDINA,52
MAP,0.16224705452181726,0.0870874629136399,0.015903894740974516,independent,GDINA,53
mp,0.17431645100547818,0.15127018753438573,0.007062084396913722,independent,GDINA,53
MAP,NA,NA,NA,independent,GDINA,54
mp,NA,NA,NA,independent,GDINA,54
MAP,0.15554292172751763,0.08960682223771564,0.03564382949084809,independent,GDINA,55
mp,0.1660130653838253,0.17221455497093893,0.029698880102171837,independent,GDINA,55
MAP,0.1610382184776613,0.07571097877905464,0.017555870242729144,independent,GDINA,56
mp,0.17233967802123087,0.14988095240620244,0.00627272106380362,independent,GDINA,56
MAP,0.17200788564730002,0.1299069025584651,0.03083930725781897,independent,GDINA,57
mp,0.18292378968653616,0.18871580645678931,0.009667967347624847,independent,GDINA,57
MAP,0.16645799372835696,0.08459264176430009,0.02940508857158011,independent,GDINA,58
mp,0.18011234809351256,0.16199952797480344,0.015306978739877344,independent,GDINA,58
MAP,NA,NA,NA,independent,GDINA,59
mp,NA,NA,NA,independent,GDINA,59
MAP,0.16744474999638623,0.10110819519345446,0.025983141926672646,independent,GDINA,60
mp,0.17855860720394048,0.16512082730573288,0.020199942957246312,independent,GDINA,60
MAP,0.17900418053057518,0.13249565611877223,0.04490969131735679,independent,GDINA,61
mp,0.18949262028389632,0.19453155684517662,0.024209520206507948,independent,GDINA,61
MAP,0.16400954348090693,0.07708897858806375,0.023574790002254823,independent,GDINA,62
mp,0.1760577833398631,0.16478789628583196,0.01700861391249771,independent,GDINA,62
MAP,0.16656025544252537,0.0822721867834299,0.01611828339924773,independent,GDINA,63
mp,0.18089495294435637,0.15814406995958705,0.010215149402732666,independent,GDINA,63
MAP,0.13868379320816746,0.10802730255474295,0.008722920883590956,independent,GDINA,64
mp,0.15033150565920675,0.15066366150462307,0.010219146812533464,independent,GDINA,64
MAP,0.16569471194975788,0.08848508564355673,0.035446887823457444,independent,GDINA,65
mp,0.17927285784566743,0.16539298889135245,0.01764540315494747,independent,GDINA,65
MAP,NA,NA,NA,independent,GDINA,66
mp,NA,NA,NA,independent,GDINA,66
MAP,0.17155351338310457,0.12624496895175039,0.013839826293891768,independent,GDINA,67
mp,0.18242759999076394,0.17554559308664325,0.008754538687572672,independent,GDINA,67
MAP,0.17924333401901127,0.14721424356482524,0.0228070242409405,independent,GDINA,68
mp,0.18908805867032297,0.1954487682354589,0.00964964359132797,independent,GDINA,68
MAP,0.14861439684981073,0.08604405086396191,0.019059670097538842,independent,GDINA,69
mp,0.16026205821475847,0.1490080446580184,0.018649000747902825,independent,GDINA,69
MAP,0.1662527876341458,0.08519632607712833,0.031303646290025244,independent,GDINA,70
mp,0.17700834074242983,0.16163472747467705,0.014711659792597675,independent,GDINA,70
MAP,0.17763755760732425,0.11023090780393881,0.027672066520264847,independent,GDINA,71
mp,0.18708405775782525,0.181500338895414,0.014062846625558883,independent,GDINA,71
MAP,0.15155634112848196,0.07533402746128372,0.023899657475798048,independent,GDINA,72
mp,0.1642612197306404,0.13845686239827648,0.01550314336386552,independent,GDINA,72
MAP,0.15199743768992655,0.06315947982204345,0.037078606187286506,independent,GDINA,73
mp,0.1641318488555057,0.11594659501717218,0.06550011048580376,independent,GDINA,73
MAP,0.17763738476162125,0.11882010535439835,0.02464134643631085,independent,GDINA,74
mp,0.19172262431102602,0.1772988058035096,0.018075323843767643,independent,GDINA,74
MAP,NA,NA,NA,independent,GDINA,75
mp,NA,NA,NA,independent,GDINA,75
MAP,0.1762556580239719,0.10164110656127767,0.0596473468003614,independent,GDINA,76
mp,0.18921866036169804,0.15073844847771728,0.08545191450665053,independent,GDINA,76
MAP,0.18252774709951,0.12607388505980646,0.018774122129691238,independent,GDINA,77
mp,0.19654606708226147,0.18603287954786307,0.019070511220899183,independent,GDINA,77
MAP,0.18294110620080056,0.14404196298855698,0.027325619431334647,independent,GDINA,78
mp,0.19639617927239303,0.19103376256114116,0.01261573318052134,independent,GDINA,78
MAP,0.17066776474782966,0.11195354092719735,0.04017329629720944,independent,GDINA,79
mp,0.1814382528501851,0.1918355456125973,0.04961939501902408,independent,GDINA,79
MAP,0.16305260908745403,0.09324452101699503,0.05056798478355271,independent,GDINA,80
mp,0.1763712996098583,0.16353021176658009,0.025843044785710638,independent,GDINA,80
MAP,0.1746606630725252,0.14745344341251126,0.02892997970581732,independent,GDINA,81
mp,0.184515639972665,0.19295533843732096,0.01902851331284536,independent,GDINA,81
MAP,0.17433282692409807,0.15759473223950973,0.04223622424393636,independent,GDINA,82
mp,0.1862785191315141,0.21754827926991901,0.028025650175796925,independent,GDINA,82
MAP,0.15034219808405874,0.04745194848433941,0.03133490168136112,independent,GDINA,83
mp,0.1647026238210134,0.13350001907203096,0.01210894986279483,independent,GDINA,83
MAP,0.17967362251729688,0.16998646428356584,0.043683404577102486,independent,GDINA,84
mp,0.1900091849458027,0.21778019528695042,0.06039200544963076,independent,GDINA,84
MAP,0.17571046489525102,0.10629247691262565,0.008493505457646234,independent,GDINA,85
mp,0.18667212641308809,0.18064961519094302,0.0036890886967725534,independent,GDINA,85
MAP,0.18322669140464815,0.11541131510788992,0.025119523390817942,independent,GDINA,86
mp,0.19370975616814526,0.18881202214616116,0.017939023045200918,independent,GDINA,86
MAP,0.163863626410581,0.08788385588086187,0.023812280804197342,independent,GDINA,87
mp,0.1789583308438812,0.14599769932018017,0.01200214946185272,independent,GDINA,87
MAP,0.1721178505119089,0.13387555623767294,0.030872560601091583,independent,GDINA,88
mp,0.18336454220157525,0.17776652304386226,0.013794593804542163,independent,GDINA,88
MAP,0.15920509032622443,0.05450004445829214,0.028733051357596094,independent,GDINA,89
mp,0.17332317836944894,0.13857848189810473,0.01554436853595463,independent,GDINA,89
MAP,0.17429772011567765,0.13243786340471417,0.012288022280453509,independent,GDINA,90
mp,0.18532214809160286,0.18160641733460442,0.013347698020745171,independent,GDINA,90
MAP,0.15109158449853985,0.04843828856754925,0.024973797616954473,independent,GDINA,91
mp,0.16518182440786544,0.12535402411951888,0.02130615824092888,independent,GDINA,91
MAP,0.15291436470906092,0.09644090559277209,0.028191797622351654,independent,GDINA,92
mp,0.16686069336954462,0.1607213274006894,0.01855107160636017,independent,GDINA,92
MAP,0.15886614863263762,0.13169199904386794,0.013866493899644486,independent,GDINA,93
mp,0.16698593445257875,0.18410419581074455,0.019014331212579286,independent,GDINA,93
MAP,0.1683850885087656,0.0411201759471102,0.030450320811990353,independent,GDINA,94
mp,0.18278104671032183,0.15420316878284354,0.006995860616658952,independent,GDINA,94
MAP,0.17675662816495005,0.09741956585155882,0.01843646598372858,independent,GDINA,95
mp,0.1873433616521962,0.17202943898985984,0.005700582241183737,independent,GDINA,95
MAP,0.15560264110498806,0.08333019329154416,0.013065151123699312,independent,GDINA,96
mp,0.16940690131922775,0.14211072185438495,0.008887108910388353,independent,GDINA,96
MAP,0.18158148186850182,0.14033923583641716,0.017338423924320754,independent,GDINA,97
mp,0.19132564766738744,0.20116497773821548,0.01026786403028787,independent,GDINA,97
MAP,0.16095051782058767,0.09706499096804624,0.0181143167571959,independent,GDINA,98
mp,0.17367374027011562,0.15678900105868399,0.005022280968081294,independent,GDINA,98
MAP,0.1415175124821896,0.07589636797667355,0.019110538719348303,independent,GDINA,99
mp,0.15376662714807765,0.13396037652493017,0.014003665130963065,independent,GDINA,99
MAP,0.1568293065805599,0.0864049389487776,0.01896817271835774,independent,GDINA,100
mp,0.16783516455460568,0.15137898187076315,0.023642653293134194,independent,GDINA,100
MAP,0.08611430490421977,0.06389400024220077,0.023227913460162928,mvnorm,GDINA,1
mp,0.09418773955189519,0.09137923168613116,0.010443449132519858,mvnorm,GDINA,1
MAP,0.0676907401138901,0.03412144393512351,0.012588967413010375,mvnorm,GDINA,2
mp,0.07589746674662833,0.06263559962435161,0.006850074647895048,mvnorm,GDINA,2
MAP,0.07193238343300942,0.03851920042345796,0.006475153239910633,mvnorm,GDINA,3
mp,0.08025709181215206,0.06980331746719956,0.006929822065624144,mvnorm,GDINA,3
MAP,0.07598844878934131,0.040243707650617716,0.014311580327010711,mvnorm,GDINA,4
mp,0.08243227712431513,0.07820584750481431,0.008151257779784926,mvnorm,GDINA,4
MAP,0.07604879352486181,0.0335209583695887,0.008385011332032271,mvnorm,GDINA,5
mp,0.08321056549488835,0.07282460284232861,0.006336720024353705,mvnorm,GDINA,5
MAP,0.07157417731845249,0.027468420489389415,0.02005663866362103,mvnorm,GDINA,6
mp,0.07925865467196107,0.06668626305411887,0.013432463177915266,mvnorm,GDINA,6
MAP,0.08012506020036124,0.05294421416053573,0.014131490463710199,mvnorm,GDINA,7
mp,0.087861264762636615,0.08294672540926418,0.011364888786499567,mvnorm,GDINA,7
MAP,0.0615735452044095,0.018534803953265292,0.02022178125381598,mvnorm,GDINA,8
mp,0.07101638418844815,0.05331919864753553,0.006133658376135985,mvnorm,GDINA,8
MAP,0.07197819245649249,0.03870076627962046,0.010523069000641195,mvnorm,GDINA,9
mp,0.07978769538183987,0.07063715439958579,0.007893460423774671,mvnorm,GDINA,9
MAP,0.07401056081046599,0.039795742151536306,0.008331114402484572,mvnorm,GDINA,10
mp,0.08319702311951753,0.06755379585688673,0.007032617422881647,mvnorm,GDINA,10
MAP,0.07276233180464552,0.03198648106156695,0.0036357451697205632,mvnorm,GDINA,11
mp,0.08249066656091857,0.06562948467081718,0.0030113644357018577,mvnorm,GDINA,11
MAP,0.0718629569034662,0.03551812132764798,0.022272491441245598,mvnorm,GDINA,12
mp,0.07842922456462458,0.06693170456440627,0.010003399830016763,mvnorm,GDINA,12
MAP,0.06749619744122473,-0.008537852343519519,0.011845624973585973,mvnorm,GDINA,13
mp,0.07695234700115654,0.05294082868613679,0.005685654501748238,mvnorm,GDINA,13
MAP,0.06594420780191498,0.027483647787733725,0.009073216505047237,mvnorm,GDINA,14
mp,0.07449114620648153,0.06191194409118891,0.0125002312350628,mvnorm,GDINA,14
MAP,0.06013179520964085,0.00946319895336237,0.003724001985114379,mvnorm,GDINA,15
mp,0.0695726320943629,0.04675786746208099,0.0050912811758967004,mvnorm,GDINA,15
MAP,0.062003603066269626,-0.010377096051451127,0.01639430795552982,mvnorm,GDINA,16
mp,0.074488151068902,0.03605269566584662,0.007914820045819065,mvnorm,GDINA,16
MAP,0.07126081365647012,0.029138324349032622,0.017113940693281218,mvnorm,GDINA,17
mp,0.07659947547850776,0.06860924587996182,0.004923121179530554,mvnorm,GDINA,17
MAP,0.07484796544283717,0.04608303710702432,0.012164380711377943,mvnorm,GDINA,18
mp,0.08240855567149008,0.07425059415529733,0.007011775566273361,mvnorm,GDINA,18
MAP,0.07241081946865864,0.02763310600709645,0.017310326059407754,mvnorm,GDINA,19
mp,0.08171745759412029,0.06432409504138441,0.010005601453204598,mvnorm,GDINA,19
MAP,0.06996445309722496,0.013713150898190711,0.014126646362804968,mvnorm,GDINA,20
mp,0.0796072284191455,0.05734707895776254,0.005573087724410322,mvnorm,GDINA,20
MAP,0.06493422671357275,0.04422681825797511,0.008113047282241256,mvnorm,GDINA,21
mp,0.07058048636241154,0.06742772935559291,0.005710771197791213,mvnorm,GDINA,21
MAP,0.0651859684175012,0.02882631770509461,0.010393050222681452,mvnorm,GDINA,22
mp,0.07264828918642849,0.05497952968352598,0.006297130196536827,mvnorm,GDINA,22
MAP,0.06875197120808736,0.023391199682264916,0.006953150299238023,mvnorm,GDINA,23
mp,0.07831917664302873,0.06427071563855744,0.0070116105673966875,mvnorm,GDINA,23
MAP,0.07973516153075857,0.03451360937420891,0.0152560373976878,mvnorm,GDINA,24
mp,0.08902555860971627,0.07187821946518591,0.009566246466592317,mvnorm,GDINA,24
MAP,0.07208360256884155,0.02757000266646001,0.008345413376122863,mvnorm,GDINA,25
mp,0.08028409294007757,0.06829885654738302,0.009506403984339207,mvnorm,GDINA,25
MAP,0.07334903049309942,0.01103858747245403,0.036863575488262676,mvnorm,GDINA,26
mp,0.08123807597797943,0.06509972361745602,0.012943456523617189,mvnorm,GDINA,26
MAP,0.0729598663830323,-0.0014979329266825553,0.014955702330877868,mvnorm,GDINA,27
mp,0.08199027273199251,0.05320413450633636,0.011869426220221484,mvnorm,GDINA,27
MAP,0.06121548009780871,0.01458785376546411,0.017337392589918885,mvnorm,GDINA,28
mp,0.06876649408042342,0.056238376543728937,0.0034920480509261142,mvnorm,GDINA,28
MAP,0.07096811571931423,0.020989032038891832,0.0083293006815861,mvnorm,GDINA,29
mp,0.080869028904149,0.060408624315335016,0.004931501503853477,mvnorm,GDINA,29
MAP,0.06492771615623948,0.031233208525385,0.012692773849074855,mvnorm,GDINA,30
mp,0.07100496894998323,0.06412270547648527,0.004987490539814143,mvnorm,GDINA,30
MAP,0.07015221290981752,0.015709497145678833,0.011863154096006615,mvnorm,GDINA,31
mp,0.08096651088986412,0.056538113780929405,0.0056174417325249755,mvnorm,GDINA,31
MAP,0.075258671428651,0.01754295551948716,0.023424814522701305,mvnorm,GDINA,32
mp,0.08425040390494463,0.06771765551205663,0.007660113230150639,mvnorm,GDINA,32
MAP,0.06421989023888587,0.02745302971389875,0.008774500348356933,mvnorm,GDINA,33
mp,0.07085933364673447,0.06117144764981365,0.004671169623625767,mvnorm,GDINA,33
MAP,0.06647979251165587,0.0015017276605808739,0.020615196362637523,mvnorm,GDINA,34
mp,0.075475054126748,0.05569172127599079,0.008592675747719531,mvnorm,GDINA,34
MAP,0.07063306051343941,0.007516223955089114,0.027865948942051324,mvnorm,GDINA,35
mp,0.07961830046581878,0.05822475166341023,0.010213108405713447,mvnorm,GDINA,35
MAP,0.07283316362039093,0.04605055573246185,0.009816130853841693,mvnorm,GDINA,36
mp,0.08000258988873038,0.07579236634811978,0.0076400358547614846,mvnorm,GDINA,36
MAP,0.06049775906471477,0.013299930996370703,0.014669856402983883,mvnorm,GDINA,37
mp,0.06824112447420644,0.04879017208615242,0.007463987001484032,mvnorm,GDINA,37
MAP,0.06532653183046228,0.01350339413418901,0.01104992720518676,mvnorm,GDINA,38
mp,0.07525964652134172,0.05285721375185591,0.0070608961812816465,mvnorm,GDINA,38
MAP,0.061883322518269,0.03039858238529836,0.013742589969763847,mvnorm,GDINA,39
mp,0.06756563958274557,0.05844112738549673,0.008870400537107397,mvnorm,GDINA,39
MAP,0.07326752374958918,0.03975271956385583,0.012673647513992841,mvnorm,GDINA,40
mp,0.08008376334113762,0.07013825008794197,0.005164589447071883,mvnorm,GDINA,40
MAP,0.07312901863166671,0.02716770950549119,0.025306277320404746,mvnorm,GDINA,41
mp,0.08110011110476936,0.0663706066683207,0.012168791612415802,mvnorm,GDINA,41
MAP,0.07006557590011286,0.01897799375944816,0.013419139146935339,mvnorm,GDINA,42
mp,0.07939868159137783,0.05931622364510999,0.008831037191367368,mvnorm,GDINA,42
MAP,0.07601931476315547,0.03030819626542235,0.020914358672025117,mvnorm,GDINA,43
mp,0.08378329053164238,0.07060134423897971,0.0060157277379546395,mvnorm,GDINA,43
MAP,0.06739975061045163,0.025857205296899825,0.029141059482943953,mvnorm,GDINA,44
mp,0.07552205735572134,0.06080147650929395,0.010942599096644174,mvnorm,GDINA,44
MAP,0.07830635824805106,0.044055858851453134,0.01398662973924456,mvnorm,GDINA,45
mp,0.08771666804956947,0.07294109196730655,0.0032632300093093517,mvnorm,GDINA,45
MAP,0.06714151872397349,0.009950908328682942,0.01555512447340681,mvnorm,GDINA,46
mp,0.07542793293806016,0.05536494369994315,0.004474107869953933,mvnorm,GDINA,46
MAP,0.06138959144785792,0.02468565327878328,0.017723820513308935,mvnorm,GDINA,47
mp,0.07014570915803765,0.04946470242478174,0.014124310456158046,mvnorm,GDINA,47
MAP,0.0790040840874695,0.026351637029133963,0.03633771180468788,mvnorm,GDINA,48
mp,0.0866687723580365,0.06952713063983833,0.015061406508474087,mvnorm,GDINA,48
MAP,0.0670494135592831,0.018143816797080957,0.01542324410355223,mvnorm,GDINA,49
mp,0.07521420511564787,0.058626196978667125,0.0073916324691814085,mvnorm,GDINA,49
MAP,0.05889654101110595,0.016088364807136966,0.010175156263626178,mvnorm,GDINA,50
mp,0.0664964587624284,0.05210935304763645,0.00573225030443533,mvnorm,GDINA,50
MAP,0.07543511515665736,0.04381726974193971,0.010951399411088834,mvnorm,GDINA,51
mp,0.08243157579908277,0.0800354529484233,0.008686431515451657,mvnorm,GDINA,51
MAP,0.07074179469894265,0.02424462912962177,0.019676621240081446,mvnorm,GDINA,52
mp,0.0792583247338742,0.06368972126848275,0.013618924714671564,mvnorm,GDINA,52
MAP,0.07170250805004096,0.019602117418913788,0.01703506035229631,mvnorm,GDINA,53
mp,0.08073564456974004,0.06193022699864329,0.006774928546206905,mvnorm,GDINA,53
MAP,0.0602089221323443,0.022712608781115303,0.019501807182301954,mvnorm,GDINA,54
mp,0.0702468426839405,0.05245623304386333,0.011504387632593822,mvnorm,GDINA,54
MAP,0.06949056085056339,0.03100337484853486,0.01614262350754561,mvnorm,GDINA,55
mp,0.07636953756705796,0.06753384217077868,0.010176073304344778,mvnorm,GDINA,55
MAP,0.07756835704856153,0.05110614536276167,0.003603336864561389,mvnorm,GDINA,56
mp,0.08685629666633297,0.07501846963071805,0.0036465096128162145,mvnorm,GDINA,56
MAP,0.06982760824050643,0.0270383548467979,0.015042584493671574,mvnorm,GDINA,57
mp,0.07760773724536921,0.06375020051262806,0.004314794606314691,mvnorm,GDINA,57
MAP,0.06555019903969529,0.010991463498808168,0.025930680230753032,mvnorm,GDINA,58
mp,0.07439504085277018,0.05732651726923513,0.009978587787171358,mvnorm,GDINA,58
MAP,0.06959589611401862,0.03485608544042409,0.014616082582655815,mvnorm,GDINA,59
mp,0.07759054280633572,0.06921397162868234,0.0035417104855279004,mvnorm,GDINA,59
MAP,0.06974702733401814,0.03176707810241716,0.014447093600536563,mvnorm,GDINA,60
mp,0.07649173789931345,0.07185737952675278,0.009184233218489787,mvnorm,GDINA,60
MAP,0.06709063040619377,0.0446937246084604,0.008391786714102662,mvnorm,GDINA,61
mp,0.07278373861676764,0.07406723153514906,0.006287162205631569,mvnorm,GDINA,61
MAP,0.08352191261410068,0.0518648284800964,0.007248208649794158,mvnorm,GDINA,62
mp,0.09307351748638368,0.08053985835806259,0.010304180148616055,mvnorm,GDINA,62
MAP,0.06894559183584657,0.004539084309481767,0.018727214697153886,mvnorm,GDINA,63
mp,0.07766350406954345,0.05488585711478696,0.005908134619818878,mvnorm,GDINA,63
MAP,0.07484080909225986,0.052445029183509254,0.014261704142331477,mvnorm,GDINA,64
mp,0.08179042840324187,0.07455024142387837,0.008642610875430046,mvnorm,GDINA,64
MAP,0.058562570935644084,0.017424365486429616,0.006282541522882746,mvnorm,GDINA,65
mp,0.06576509613702756,0.04982095781378724,0.0027775273959631916,mvnorm,GDINA,65
MAP,0.067398560680397,0.018716912773781187,0.01855097302094052,mvnorm,GDINA,66
mp,0.07523111662660648,0.05701020364164372,0.010459352160771864,mvnorm,GDINA,66
MAP,0.06838645699655622,0.02972650798862483,0.010672242497260051,mvnorm,GDINA,67
mp,0.07647466785143145,0.06576612018764136,0.002230135085326217,mvnorm,GDINA,67
MAP,0.07722283232730277,0.06180837868755053,0.01907463195997946,mvnorm,GDINA,68
mp,0.0842546331900311,0.08118033638402217,0.01527061518765729,mvnorm,GDINA,68
MAP,0.08451259463261906,0.02773056641073647,0.015114401570842506,mvnorm,GDINA,69
mp,0.09351167653499307,0.07877290254406637,0.006468475660929301,mvnorm,GDINA,69
MAP,0.08055895734222272,0.036190574706578715,0.010183197049461459,mvnorm,GDINA,70
mp,0.09111657754915739,0.07404687717772711,0.00586305191477832,mvnorm,GDINA,70
MAP,0.06867730157217902,0.010096939638169091,0.026841781753680977,mvnorm,GDINA,71
mp,0.07765537965090046,0.05649794632785344,0.008695372855932948,mvnorm,GDINA,71
MAP,0.07241164386086357,0.01999409138479278,0.021172509454964756,mvnorm,GDINA,72
mp,0.0817785834997263,0.06049955128335083,0.010431282526125366,mvnorm,GDINA,72
MAP,0.08118604745230469,0.039399133964383305,0.019223097467151812,mvnorm,GDINA,73
mp,0.08946079442271158,0.07742194183210406,0.01026506831815252,mvnorm,GDINA,73
MAP,0.06841436680431306,0.015879444557041943,0.01598773855845715,mvnorm,GDINA,74
mp,0.07698498845526351,0.05937088273056597,0.008247639525497306,mvnorm,GDINA,74
MAP,0.06585522259425886,0.022828028663514386,0.024118141825436208,mvnorm,GDINA,75
mp,0.07376799536346769,0.06030022276162008,0.007914662109783551,mvnorm,GDINA,75
MAP,0.06867038986578328,0.019333275881123532,0.005915061869750198,mvnorm,GDINA,76
mp,0.07723253766840055,0.05914394469110718,0.005810222735455098,mvnorm,GDINA,76
MAP,0.0722699512444844,0.04474043252392632,0.004413165121986958,mvnorm,GDINA,77
mp,0.07756399297108009,0.07290882247685378,0.006704183677152998,mvnorm,GDINA,77
MAP,0.06727620266227015,0.033409210302464305,0.014407551434449228,mvnorm,GDINA,78
mp,0.07626963162299832,0.06251583200963136,0.005466599805273371,mvnorm,GDINA,78
MAP,0.0680327279786753,0.029365603792930055,0.009292984119659873,mvnorm,GDINA,79
mp,0.07571493349623727,0.0664163740757921,0.006463792274916314,mvnorm,GDINA,79
MAP,0.07879932932606735,0.03301956917140835,0.014545858519807702,mvnorm,GDINA,80
mp,0.08819240929271724,0.07034979666815733,0.01073067109007555,mvnorm,GDINA,80
MAP,0.07094430826131358,0.020197951962132896,0.01788619144698193,mvnorm,GDINA,81
mp,0.08160590711778537,0.05465974308786535,0.005832877560729921,mvnorm,GDINA,81
MAP,0.06549578689538009,0.039536506220723765,0.022142830383793364,mvnorm,GDINA,82
mp,0.0725658637634276,0.062039625140474446,0.013356618016288973,mvnorm,GDINA,82
MAP,0.07340886324563642,0.05129894035707916,0.010290605740982983,mvnorm,GDINA,83
mp,0.08023403018586857,0.07321049666351365,0.004998706436015609,mvnorm,GDINA,83
MAP,0.0607185660272473,0.03199553297676566,0.012053023082385214,mvnorm,GDINA,84
mp,0.06830704174427414,0.061212753393713154,0.010961382277085992,mvnorm,GDINA,84
MAP,0.06898282773044442,0.03381412557916235,0.016674001064223284,mvnorm,GDINA,85
mp,0.07722080375400674,0.06443634638566137,0.0072681621762177,mvnorm,GDINA,85
MAP,0.08184574688486125,0.0362428379955489,0.0101409066221244,mvnorm,GDINA,86
mp,0.0893972095440376,0.07225551809401647,0.008317719245994086,mvnorm,GDINA,86
MAP,0.06290812828200826,0.034283740090934864,0.013952005295768358,mvnorm,GDINA,87
mp,0.0685368538933158,0.06354790259655696,0.006329600521871661,mvnorm,GDINA,87
MAP,0.06357691506859932,0.03570302596923494,0.0126302744746998,mvnorm,GDINA,88
mp,0.07191234081180183,0.062195684221703955,0.00833754040820105,mvnorm,GDINA,88
MAP,0.0759006642160889,0.023708139431730516,0.01612817902918554,mvnorm,GDINA,89
mp,0.08555869525273596,0.06429961352561016,0.011794946115782771,mvnorm,GDINA,89
MAP,0.06844453834361025,0.018771123531661684,0.014256471038203244,mvnorm,GDINA,90
mp,0.07725973647640347,0.054068906131132716,0.004984641612455854,mvnorm,GDINA,90
MAP,0.07371933163064708,0.04543363126973691,0.01680552281990305,mvnorm,GDINA,91
mp,0.0806532793356338,0.07312926934410735,0.009073602550472008,mvnorm,GDINA,91
MAP,0.07461063294003148,0.041138511848528264,0.012358781672313218,mvnorm,GDINA,92
mp,0.08223798178880651,0.07078276483707394,0.00759315532567955,mvnorm,GDINA,92
MAP,0.0670628218854694,0.03483316344162282,0.013070348721108217,mvnorm,GDINA,93
mp,0.07520805233654289,0.06466424528195834,0.009398606998229433,mvnorm,GDINA,93
MAP,0.06617476893981548,0.023682305526592822,0.026833948018087115,mvnorm,GDINA,94
mp,0.07340515532511334,0.06248535113325026,0.00909147227310879,mvnorm,GDINA,94
MAP,0.06192340846437814,0.03150766881024167,0.007800686114849307,mvnorm,GDINA,95
mp,0.06823159721585642,0.05974744093287133,0.0023999941210715663,mvnorm,GDINA,95
MAP,0.07501091476124304,0.03393588641877533,0.009502909854930623,mvnorm,GDINA,96
mp,0.08058073184304483,0.07712336426687388,0.003548770717210819,mvnorm,GDINA,96
MAP,0.06351641288763371,-0.016553404578048336,0.023910658262786915,mvnorm,GDINA,97
mp,0.07538015530635477,0.04221991139502063,0.004904965114916424,mvnorm,GDINA,97
MAP,0.06974529469287277,0.02424175687382594,0.023855493303415125,mvnorm,GDINA,98
mp,0.07739964269047156,0.06795097885736166,0.011578584942616045,mvnorm,GDINA,98
MAP,0.06666984735442003,0.043052027938490944,0.006505133179722284,mvnorm,GDINA,99
mp,0.07180392430992767,0.06538050107432797,0.005322354747796838,mvnorm,GDINA,99
MAP,0.07239032767660118,0.04677077786931801,0.005162840370867333,mvnorm,GDINA,100
mp,0.07946657129330066,0.07537498356382648,0.005062955264172311,mvnorm,GDINA,100
MAP,0.0836182540370188,0.031902602190685324,0.023916968608526955,higher.order,GDINA,1
mp,0.09450744084815645,0.07099135099349262,0.007276579874191891,higher.order,GDINA,1
MAP,0.07635150311004708,0.008154885561166482,0.03605803445984639,higher.order,GDINA,2
mp,0.08547336206776811,0.06452056410643738,0.011492689010807237,higher.order,GDINA,2
MAP,0.08970880685176119,0.03628146986605037,0.016901285144743546,higher.order,GDINA,3
mp,0.09853289981051801,0.07990737111558592,0.01669507935354151,higher.order,GDINA,3
MAP,0.0860916408953901,0.03975947799184415,0.010661902969942185,higher.order,GDINA,4
mp,0.09487825522332217,0.07769820918143289,0.008082267926704679,higher.order,GDINA,4
MAP,0.09547880576568955,0.05057174012530708,0.02602523690099196,higher.order,GDINA,5
mp,0.10420244730658684,0.08748122600685752,0.01157385542547582,higher.order,GDINA,5
MAP,0.0831695537628557,0.014110850786959452,0.016445030893381195,higher.order,GDINA,6
mp,0.09269373125859444,0.06565106726361729,0.012676225564592277,higher.order,GDINA,6
MAP,0.09595913620752061,0.05150996520128979,0.02706878785680151,higher.order,GDINA,7
mp,0.1053965381517529,0.0897537375176934,0.013977392566496582,higher.order,GDINA,7
MAP,0.07725474243717195,-0.004062126409741904,0.023867750712595084,higher.order,GDINA,8
mp,0.0872025525385331,0.05348641952475661,0.006125140401419896,higher.order,GDINA,8
MAP,0.09582049605692808,0.030557107954371943,0.03841494013675806,higher.order,GDINA,9
mp,0.10396181133661803,0.08262914750451453,0.009025761147543965,higher.order,GDINA,9
MAP,0.0869719132393717,0.02410096439715487,0.0194547465876963,higher.order,GDINA,10
mp,0.09752960604741165,0.0773475831396728,0.008119861603703846,higher.order,GDINA,10
MAP,0.09611538915612641,0.04248010749881387,0.009379602609721123,higher.order,GDINA,11
mp,0.10452777161619493,0.08596458911348694,0.004365954772905203,higher.order,GDINA,11
MAP,0.09436800145451853,0.033513422436104716,0.02344195837768818,higher.order,GDINA,12
mp,0.10339780290043583,0.0880326479626578,0.008574501839663391,higher.order,GDINA,12
MAP,0.09048859439898435,0.026652282193320182,0.05040537364700493,higher.order,GDINA,13
mp,0.09837321705792762,0.077034808417459,0.016588716635540474,higher.order,GDINA,13
MAP,0.07935962693598435,0.022811735209237845,0.01971178737155036,higher.order,GDINA,14
mp,0.08786770421458696,0.06399670625281076,0.010483212432095709,higher.order,GDINA,14
MAP,0.09866148919711193,0.05446308639627278,0.008989574104067718,higher.order,GDINA,15
mp,0.1059519863731523,0.09972175324155647,0.0053926467692197375,higher.order,GDINA,15
MAP,0.07929877507011193,0.026176961152799976,0.014937183228337106,higher.order,GDINA,16
mp,0.0896935719133387,0.07117648924539717,0.005458413958667121,higher.order,GDINA,16
MAP,0.08232293257581777,0.020403858406306975,0.0231529951673391,higher.order,GDINA,17
mp,0.09025753681652215,0.08244810522402295,0.011568736211601104,higher.order,GDINA,17
MAP,0.09178221795146943,0.020678873875596197,0.004835671203234584,higher.order,GDINA,18
mp,0.09998673354464302,0.07572003605318661,0.00445089860426558,higher.order,GDINA,18
MAP,0.09158068351935562,0.03248545053794036,0.012669246419183404,higher.order,GDINA,19
mp,0.10082878409480561,0.08077661744170031,0.00738733045014609,higher.order,GDINA,19
MAP,0.09407864653777372,0.04399264866708277,0.004442068935955328,higher.order,GDINA,20
mp,0.10273369483017107,0.08801278602059398,0.008268208349116962,higher.order,GDINA,20
MAP,0.08972248583299038,0.027993688128961483,0.019814410013245378,higher.order,GDINA,21
mp,0.09882917944922362,0.07815274955304001,0.006829301949368945,higher.order,GDINA,21
MAP,0.09092137788722136,0.03557604414744371,0.013457562718713461,higher.order,GDINA,22
mp,0.09865691720735191,0.08283506691763379,0.006940122961769645,higher.order,GDINA,22
MAP,0.08569017089559257,0.024029834153913843,0.026751393683368676,higher.order,GDINA,23
mp,0.09575707571860093,0.07371080038116108,0.0034180056868352,higher.order,GDINA,23
MAP,0.08130091890076825,0.02694933369312723,0.006906767183691456,higher.order,GDINA,24
mp,0.08906065649179412,0.06924619956651716,0.006194303907283056,higher.order,GDINA,24
MAP,0.08185587432451948,0.033749060972387425,0.007892397135288732,higher.order,GDINA,25
mp,0.09010709091540171,0.07362869365946499,0.008432739034984576,higher.order,GDINA,25
MAP,0.09417594823927829,0.02592785257321507,0.020497518815731624,higher.order,GDINA,26
mp,0.10348884719577933,0.08217465060396177,0.009817743193808631,higher.order,GDINA,26
MAP,0.08435661255946673,0.040112305663554886,0.02077014068859279,higher.order,GDINA,27
mp,0.09087267458070539,0.08303882111881065,0.009849680396097979,higher.order,GDINA,27
MAP,0.08829242477179197,0.034615535748689676,0.021299981904162674,higher.order,GDINA,28
mp,0.09841778508510925,0.07468284529080978,0.013243734723384935,higher.order,GDINA,28
MAP,0.0947672819131777,0.05255692954167064,0.00814633832575509,higher.order,GDINA,29
mp,0.10136839591268915,0.09253736266023053,0.0064017464827873325,higher.order,GDINA,29
MAP,NA,NA,NA,higher.order,GDINA,30
mp,NA,NA,NA,higher.order,GDINA,30
MAP,0.08476292946187243,0.029852019268956087,0.021809988026253512,higher.order,GDINA,31
mp,0.09409802560571376,0.07398804530599172,0.008211551761945006,higher.order,GDINA,31
MAP,0.08087260144109726,0.010523695059820173,0.026913724037402827,higher.order,GDINA,32
mp,0.09128175095552327,0.06044811575712507,0.008200992407352045,higher.order,GDINA,32
MAP,0.07832771088666796,0.016592834872586244,0.010453629207073007,higher.order,GDINA,33
mp,0.08827149612049708,0.06508244663938913,0.006957847629277498,higher.order,GDINA,33
MAP,0.095652220594603,0.04825807721191223,0.018589702284726665,higher.order,GDINA,34
mp,0.10183548852779276,0.09453255331167539,0.01149870235705736,higher.order,GDINA,34
MAP,0.08419901716072024,0.015809204888165264,0.0089811292048715,higher.order,GDINA,35
mp,0.0908568039545972,0.07479299171956656,0.004863164944305714,higher.order,GDINA,35
MAP,0.08982362237467319,0.04024949890353044,0.014186757406264938,higher.order,GDINA,36
mp,0.10092162498904539,0.0814058024364707,0.004366104434689555,higher.order,GDINA,36
MAP,0.0884092167022218,0.04861114243665604,0.011393721756380992,higher.order,GDINA,37
mp,0.09734474770753553,0.08413725523898888,0.005421163080104384,higher.order,GDINA,37
MAP,0.08848055253572386,0.048884321395429343,0.009178701258806628,higher.order,GDINA,38
mp,0.09502173888122578,0.08654577816031733,0.0068665917076536015,higher.order,GDINA,38
MAP,0.08984822800897216,-0.012688590469731016,0.07353771236824849,higher.order,GDINA,39
mp,0.10031433435985691,0.06971966624015515,0.010940502869607786,higher.order,GDINA,39
MAP,0.0962237696967921,0.02689830041327763,0.008576235972199808,higher.order,GDINA,40
mp,0.10538591255437511,0.09071184507213183,0.007774682660198806,higher.order,GDINA,40
MAP,0.08698704161643392,-0.021742842655965464,0.0357493024147418,higher.order,GDINA,41
mp,0.09397571611847831,0.0710416257466523,0.012246713722834755,higher.order,GDINA,41
MAP,0.07502873801457478,0.02030306945536422,0.0082720362733432,higher.order,GDINA,42
mp,0.08591636184769985,0.06182731379225635,0.004080982442293182,higher.order,GDINA,42
MAP,0.08232242170912599,0.00274160043827128,0.016255478227629183,higher.order,GDINA,43
mp,0.09256790719291823,0.05884376476795017,0.010342362190518371,higher.order,GDINA,43
MAP,0.08352241818478297,0.01381812585034736,0.010402879505534052,higher.order,GDINA,44
mp,0.09488257836486344,0.06557415176638182,0.010941348520640324,higher.order,GDINA,44
MAP,0.08886100688486953,0.041602696689315655,0.009390990406598363,higher.order,GDINA,45
mp,0.0970462124455497,0.08574997904030947,0.005009923278424626,higher.order,GDINA,45
MAP,0.08365317338045578,0.054220155488603705,0.014983862518357711,higher.order,GDINA,46
mp,0.08836872737080363,0.08577856266951556,0.0093801322797823,higher.order,GDINA,46
MAP,0.0673502191335901,0.019872914259881174,0.01355630269734005,higher.order,GDINA,47
mp,0.07587368803225394,0.054237404691457276,0.007546502781428591,higher.order,GDINA,47
MAP,0.10484676504571415,0.03249571642312116,0.030354871883160987,higher.order,GDINA,48
mp,0.11376658366706556,0.09695976232339923,0.006097706814527129,higher.order,GDINA,48
MAP,0.08562788022849188,0.03856748804207455,0.01864071941017798,higher.order,GDINA,49
mp,0.09645334000329626,0.07252039201784677,0.009309755434707388,higher.order,GDINA,49
MAP,0.08378579447976271,0.035066599163280913,0.0059570615889079975,higher.order,GDINA,50
mp,0.09384923327849365,0.06741120241818097,0.0037834428520694134,higher.order,GDINA,50
MAP,0.09146962684698523,0.046363231211072976,0.014808900226747836,higher.order,GDINA,51
mp,0.09845143133686748,0.08626709531497574,0.007396032420144702,higher.order,GDINA,51
MAP,0.08463273233842052,0.04578523960000695,0.015779445659580935,higher.order,GDINA,52
mp,0.0933423212166448,0.07449371729002323,0.010659248234774437,higher.order,GDINA,52
MAP,0.0850614237623119,0.05108518148180345,0.02236993101096377,higher.order,GDINA,53
mp,0.09220167606834262,0.08937111211028728,0.013977419802225952,higher.order,GDINA,53
MAP,0.08855660450824443,0.030253400050882354,0.020318560387552136,higher.order,GDINA,54
mp,0.09785189324546052,0.07887088328156952,0.007529300909551975,higher.order,GDINA,54
MAP,0.07615450775416338,0.015704214585484714,0.009972736456223567,higher.order,GDINA,55
mp,0.08662268372124783,0.06037407672498459,0.0074559311094366644,higher.order,GDINA,55
MAP,0.07666418554829824,0.0252830243072742,0.024382479392543472,higher.order,GDINA,56
mp,0.08490608407066043,0.06870047024074202,0.005862087879173693,higher.order,GDINA,56
MAP,0.0924915593037322,0.02926617004224335,0.024047795426788126,higher.order,GDINA,57
mp,0.10327743573885721,0.07765867298755345,0.01169126367477606,higher.order,GDINA,57
MAP,0.09575037455223409,0.0033403855259717895,0.02025068596034773,higher.order,GDINA,58
mp,0.10865535829757875,0.06942364329666446,0.013570984624442542,higher.order,GDINA,58
MAP,0.09599690100395475,0.04768353713038402,0.009373031569734088,higher.order,GDINA,59
mp,0.10514143657840304,0.08672837609865017,0.008207522139449126,higher.order,GDINA,59
MAP,0.09172906621790015,0.05639537855683177,0.015575420412773157,higher.order,GDINA,60
mp,0.09982409125801579,0.09178436422184601,0.00843092448969235,higher.order,GDINA,60
MAP,0.0817232968597761,-0.0031357499713178,0.03036158692288635,higher.order,GDINA,61
mp,0.0905247182601599,0.06441908588857266,0.00662569786107684,higher.order,GDINA,61
MAP,0.07599509985780198,0.02701024936052758,0.01387185008674409,higher.order,GDINA,62
mp,0.08277725231926895,0.06892349986243751,0.0065728984211139135,higher.order,GDINA,62
MAP,0.08797968717051673,0.019947322060176024,0.014115763479911022,higher.order,GDINA,63
mp,0.09739036804953725,0.07086284625916284,0.004586230276384413,higher.order,GDINA,63
MAP,0.08410840873031714,0.040500173356500496,0.012288742561477165,higher.order,GDINA,64
mp,0.09293900655042726,0.07665302927845871,0.00805072683597273,higher.order,GDINA,64
MAP,0.11003044206528904,0.06280841961049158,0.021793567381117002,higher.order,GDINA,65
mp,0.12036897244457485,0.10945444089653303,0.013023988169639095,higher.order,GDINA,65
MAP,0.08620082904376146,0.009804004405717154,0.020104576177853332,higher.order,GDINA,66
mp,0.09885302299715486,0.06496933097088134,0.005785726342209619,higher.order,GDINA,66
MAP,0.09219441980635565,0.06423338225390404,0.018816866009694712,higher.order,GDINA,67
mp,0.09937005021549657,0.08924238510645477,0.013565160972366139,higher.order,GDINA,67
MAP,0.08780064157140832,-0.006014585427142721,0.019490165869007044,higher.order,GDINA,68
mp,0.09829844996723187,0.06557159271815953,0.01187504499869015,higher.order,GDINA,68
MAP,0.09202464642711705,0.03984812514822741,0.02546242516579742,higher.order,GDINA,69
mp,0.10205347446901905,0.08557897447714861,0.008122014475453045,higher.order,GDINA,69
MAP,0.10950692028373915,0.05507646309736242,0.0215404890857107,higher.order,GDINA,70
mp,0.11993190796685509,0.10806709692094321,0.015176914145885683,higher.order,GDINA,70
MAP,0.08575341141970519,0.024530187504383846,0.010914213462225604,higher.order,GDINA,71
mp,0.09462650986716897,0.07473330430322303,0.005623048096939928,higher.order,GDINA,71
MAP,0.09121440419599594,0.04773793584746286,0.009421516711846552,higher.order,GDINA,72
mp,0.09892823347199653,0.08687968406684125,0.006575778744514534,higher.order,GDINA,72
MAP,0.08059803282555424,0.03254871275579748,0.030160514858225938,higher.order,GDINA,73
mp,0.088364488835191,0.07606003091519922,0.007785633752667989,higher.order,GDINA,73
MAP,0.09868987982446244,0.05626641868468275,0.01607734051661853,higher.order,GDINA,74
mp,0.1097228471577149,0.09241505137358233,0.01179066650363863,higher.order,GDINA,74
MAP,0.08234621984663404,0.02992322186684843,0.012318056756051823,higher.order,GDINA,75
mp,0.0911730950996357,0.0709527856875185,0.007354960931033122,higher.order,GDINA,75
MAP,0.07622233052954024,0.0035555263123617786,0.026074748223610767,higher.order,GDINA,76
mp,0.08625453071174524,0.05733034392452429,0.008332716853430214,higher.order,GDINA,76
MAP,0.09061238205036617,0.05111039473826071,0.005403176598471262,higher.order,GDINA,77
mp,0.09840586708912408,0.08515951056242577,0.007017945608556819,higher.order,GDINA,77
MAP,0.09368628652353181,0.02167330590992794,0.008556569279832808,higher.order,GDINA,78
mp,0.10382208520724996,0.0743105918134136,0.00931871892643365,higher.order,GDINA,78
MAP,0.08728842273101355,0.05205779128494831,0.013650015692262244,higher.order,GDINA,79
mp,0.09553314512278108,0.08492410401568282,0.007887614373005294,higher.order,GDINA,79
MAP,0.09077118148059457,0.029436910005380974,0.025142800679222775,higher.order,GDINA,80
mp,0.09907720209401588,0.08228417412882069,0.0117724776750037,higher.order,GDINA,80
MAP,0.08144458450162698,0.015600445708213192,0.005915496955838122,higher.order,GDINA,81
mp,0.09227504670386318,0.06451743655183567,0.004386202732715165,higher.order,GDINA,81
MAP,0.09042514949502074,0.05386294417365516,0.019368798062126547,higher.order,GDINA,82
mp,0.09762905782877566,0.08239543720805285,0.0075902078804816865,higher.order,GDINA,82
MAP,0.0849578572135539,0.013684528808633925,0.021592458617098065,higher.order,GDINA,83
mp,0.0938560156185743,0.06777101301285461,0.005502060656459535,higher.order,GDINA,83
MAP,0.09317726702825588,0.003055881832915392,0.02764509293991529,higher.order,GDINA,84
mp,0.10098852138233527,0.07910550071089432,0.006172697165701729,higher.order,GDINA,84
MAP,0.09670436472723754,0.04579635263851163,0.012937317732819299,higher.order,GDINA,85
mp,0.10720545521119,0.08489611640646148,0.0122032000598815,higher.order,GDINA,85
MAP,0.06773393277927262,0.00418378931975954,0.03290678868898049,higher.order,GDINA,86
mp,0.0751221301876402,0.04993220821029223,0.010202710027247746,higher.order,GDINA,86
MAP,0.08811947130762565,0.02057657815491045,0.02779345579858794,higher.order,GDINA,87
mp,0.09929729935923441,0.07463681880218985,0.007670815674570436,higher.order,GDINA,87
MAP,0.09374269537977913,0.05703776717954763,0.017581233307153096,higher.order,GDINA,88
mp,0.09972378478647954,0.09875585852053768,0.010578839134081102,higher.order,GDINA,88
MAP,0.09723367873638171,0.050474247503944615,0.017845579307497212,higher.order,GDINA,89
mp,0.10228265171515583,0.0982634649480398,0.010352862788913604,higher.order,GDINA,89
MAP,0.08938003381458529,0.0276503697833702,0.01472442680048151,higher.order,GDINA,90
mp,0.09859733715051151,0.08053155247603243,0.01807120847218955,higher.order,GDINA,90
MAP,0.08056881007710523,0.0032908658859605363,0.015799502148039803,higher.order,GDINA,91
mp,0.09021049501372394,0.06130762771147746,0.0049153309419759155,higher.order,GDINA,91
MAP,0.087249444528675807,0.02287222757329366,0.015550590916204785,higher.order,GDINA,92
mp,0.0971605770940901,0.07145901221485235,0.010080271028881961,higher.order,GDINA,92
MAP,0.08927370364097484,0.022316718799186473,0.012178975896222861,higher.order,GDINA,93
mp,0.1015574568524565,0.0759657701114994,0.0022157729445891373,higher.order,GDINA,93
MAP,0.08636255563115687,0.014019962107495064,0.030221480856390797,higher.order,GDINA,94
mp,0.09640127459252014,0.06636280480041933,0.016786751554485328,higher.order,GDINA,94
MAP,0.09235880846466894,0.04169230169172184,0.013616806071187636,higher.order,GDINA,95
mp,0.10089028383232058,0.08666878361428738,0.00924405554125039,higher.order,GDINA,95
MAP,0.08975362870849943,0.024810549896615124,0.008220814956119218,higher.order,GDINA,96
mp,0.09734209693815063,0.08326413263797566,0.012682169907857054,higher.order,GDINA,96
MAP,0.09521955840800671,0.03877040863545983,0.017413909160575832,higher.order,GDINA,97
mp,0.1038352888785131,0.08583544274925592,0.005739938140618874,higher.order,GDINA,97
MAP,0.08246561890101917,0.03248634260751624,0.017636496461351948,higher.order,GDINA,98
mp,0.09188938675161057,0.07166569124556726,0.007476861682708106,higher.order,GDINA,98
MAP,0.08237724302983782,0.020348768802878565,0.015416984053350647,higher.order,GDINA,99
mp,0.09266843079255353,0.06307961099996444,0.0060063007106505185,higher.order,GDINA,99
MAP,0.08846697757435232,0.023228793394122958,0.026753422903431103,higher.order,GDINA,100
mp,0.09693548885373676,0.07832590911072262,0.007585291358591164,higher.order,GDINA,100
MAP,0.036445574186839635,0.03246203995870977,0.005986713726527988,converg,GDINA,1
mp,0.04033787071687223,0.04710823145048801,0.005018666948571818,converg,GDINA,1
MAP,0.038318402989233225,0.028378541484469104,0.007884971630180237,converg,GDINA,2
mp,0.04343310317356801,0.04704672500741205,0.009337522205119003,converg,GDINA,2
MAP,0.03756930447277824,0.025712096159393627,0.005360295681906843,converg,GDINA,3
mp,0.042175260504211554,0.04387116382487122,0.004526275377980841,converg,GDINA,3
MAP,0.03384801710945535,0.015806304105607235,0.013338759803392195,converg,GDINA,4
mp,0.037304550758888236,0.04202492908357025,0.00602791840629686,converg,GDINA,4
MAP,0.03504779360237486,0.007200377122851455,0.013407243873854767,converg,GDINA,5
mp,0.04050286300226758,0.0305160997771702,0.00597744366595747,converg,GDINA,5
MAP,0.042685062774681974,0.021891131515806666,0.0076980917309787825,converg,GDINA,6
mp,0.04831624661055458,0.04320772363413642,0.005782604893802396,converg,GDINA,6
MAP,0.04393841050851352,0.020061875358509822,0.012434572860962247,converg,GDINA,7
mp,0.05163807536013629,0.045350156550839474,0.008333176396795431,converg,GDINA,7
MAP,0.03683434671011116,0.015403345718936543,0.014307334792426908,converg,GDINA,8
mp,0.041318017846100036,0.03845362077217617,0.005784052826929892,converg,GDINA,8
MAP,0.034808068739291036,0.013378181246430748,0.008226742312665437,converg,GDINA,9
mp,0.04046391168193197,0.03742336018627481,0.0022275777813192507,converg,GDINA,9
MAP,0.03911528970189951,0.015113557574064077,0.01404121621086753,converg,GDINA,10
mp,0.04528666019102216,0.03920380030193112,0.009078245039863797,converg,GDINA,10
MAP,0.03770853138402359,0.016535845309533764,0.009837176819688768,converg,GDINA,11
mp,0.042145602201388604,0.043772889113214905,0.004351815442819118,converg,GDINA,11
MAP,0.03949170688937054,0.02524099446703462,0.009153556080796347,converg,GDINA,12
mp,0.04387340357439808,0.04414121532395694,0.005098155813920471,converg,GDINA,12
MAP,0.03515877749278196,0.021011467159034857,0.012502213668519087,converg,GDINA,13
mp,0.03949449432049342,0.040108351357211816,0.00782801563158163,converg,GDINA,13
MAP,0.03934383339528573,0.019742366010466816,0.006833450265694198,converg,GDINA,14
mp,0.04424565178515257,0.04471697204035792,0.004929001406897603,converg,GDINA,14
MAP,0.04263140904795301,0.03396631594994398,0.0059690823474268925,converg,GDINA,15
mp,0.046477365595468084,0.05494274241406895,0.006169449044172004,converg,GDINA,15
MAP,0.0397240894560712,0.015625799572737815,0.0061881194237628865,converg,GDINA,16
mp,0.04495044653809961,0.03986821176761465,0.0037584943358010725,converg,GDINA,16
MAP,0.03990749928967624,0.013578727282487235,0.017167178078563994,converg,GDINA,17
mp,0.04515925611522193,0.04393849901384959,0.008575355638314556,converg,GDINA,17
MAP,0.044125456965663834,0.025252412212044884,0.004402781726737482,converg,GDINA,18
mp,0.04901549455239918,0.05056501807765938,0.007428825832125732,converg,GDINA,18
MAP,0.03578313648112864,0.0055838491402755335,0.019540462035450467,converg,GDINA,19
mp,0.04034646582884318,0.0400587774205234,0.008599716857089447,converg,GDINA,19
MAP,0.037604836522763016,0.03665136544124077,0.007730499018144142,converg,GDINA,20
mp,0.04119655717838839,0.047314326788016746,0.003144931304170812,converg,GDINA,20
MAP,0.03751427967214745,0.03342863120697738,0.01199093218741372,converg,GDINA,21
mp,0.04133967703523427,0.04726005451147009,0.0084246178084927,converg,GDINA,21
MAP,0.040848643346049006,0.015850531641675304,0.006586349616041755,converg,GDINA,22
mp,0.046027496084987636,0.04245687547211507,0.003917470697090721,converg,GDINA,22
MAP,0.04026886528853012,0.02221566399669852,0.010227317706693783,converg,GDINA,23
mp,0.04792439784683868,0.04096199831364015,0.007124926533347852,converg,GDINA,23
MAP,0.04342857213886551,0.02337887024713065,0.0160274242692015,converg,GDINA,24
mp,0.049742491428907125,0.0466820885642882,0.007754889224989438,converg,GDINA,24
MAP,0.03648291970054401,0.03072298830908983,0.01024961177055596,converg,GDINA,25
mp,0.04079374799153955,0.04589078939184088,0.006465268348416685,converg,GDINA,25
MAP,0.03377274747189309,0.010347510385553784,0.014455253456151111,converg,GDINA,26
mp,0.04055875881146973,0.032736980625524784,0.0085710020542712,converg,GDINA,26
MAP,0.030529433841157305,0.016255193831782623,0.012633041793756374,converg,GDINA,27
mp,0.036994992537474645,0.03439444672751291,0.006810642840347601,converg,GDINA,27
MAP,0.04698819122816315,0.03306073467481503,0.007768674335558589,converg,GDINA,28
mp,0.052122924146061386,0.05097361640635852,0.005674778152128303,converg,GDINA,28
MAP,0.04031230444628165,0.017003142603901004,0.00387422615457184,converg,GDINA,29
mp,0.04690563168187497,0.039299656950426254,0.004627008311961432,converg,GDINA,29
MAP,0.0401553319919047,0.024542714841376913,0.010499972846401164,converg,GDINA,30
mp,0.04608059913265008,0.04173180981004141,0.009744139095419062,converg,GDINA,30
MAP,0.03549509223166761,0.0211355847993183,0.014963957745004901,converg,GDINA,31
mp,0.04085591755136805,0.04011688790306771,0.008946199113162122,converg,GDINA,31
MAP,0.048444643338676784,0.037309905184594115,0.003121967069699571,converg,GDINA,32
mp,0.054159817179417084,0.055853736116111725,0.004915329119868865,converg,GDINA,32
MAP,0.030730205209714995,0.0019973230588715947,0.014797416283352021,converg,GDINA,33
mp,0.03711512086901375,0.026376840153638302,0.008417265755965183,converg,GDINA,33
MAP,0.042469084317796446,0.02418122813066806,0.011205229372620761,converg,GDINA,34
mp,0.04673996079140785,0.048798957154882174,0.011784158106936166,converg,GDINA,34
MAP,0.04336962539314325,0.010590909155266483,0.014679956770478675,converg,GDINA,35
mp,0.04748996426140424,0.042857613636376385,0.007756698213776725,converg,GDINA,35
MAP,0.032895588837065996,0.0139802231586384,0.010704474298640581,converg,GDINA,36
mp,0.03782120513811055,0.03575680624138686,0.007469063171045557,converg,GDINA,36
MAP,0.04131872010468122,0.010918195277317244,0.01140366116193504,converg,GDINA,37
mp,0.049962534602502835,0.0330836859271805,0.006076580297778675,converg,GDINA,37
MAP,0.04404118099269227,0.022148414316326668,0.010274929005227279,converg,GDINA,38
mp,0.05002730833513966,0.046957816969452906,0.006894911740728866,converg,GDINA,38
MAP,0.033450137216674496,0.01855679116272227,0.0109302319560041,converg,GDINA,39
mp,0.03766654883521493,0.032450027563522166,0.0185226373776684,converg,GDINA,39
MAP,0.03249107458568343,0.018376268934547205,0.014732502166390311,converg,GDINA,40
mp,0.038168818413107895,0.035837174048089504,0.011864627604947537,converg,GDINA,40
MAP,0.04155215651474195,0.013259655913367599,0.01721207245435615,converg,GDINA,41
mp,0.047635966401798756,0.04064504668643078,0.01185052270354042,converg,GDINA,41
MAP,0.03626852487523248,0.02333603023440698,0.006120491917066608,converg,GDINA,42
mp,0.04104625640874995,0.0408155480480867,0.004381929907226212,converg,GDINA,42
MAP,0.03472674377568226,0.015020123132045949,0.0071295185686807904,converg,GDINA,43
mp,0.03961017616359458,0.037143861460880216,0.005400153706155115,converg,GDINA,43
MAP,0.03691858012378946,0.009230001331467867,0.008637569772014046,converg,GDINA,44
mp,0.039498489722977745,0.042543708069517704,0.0035427048497971825,converg,GDINA,44
MAP,0.035015601547737606,0.021335993271116373,0.005073436624734773,converg,GDINA,45
mp,0.04044192818126512,0.04135493272612567,0.004827201127053636,converg,GDINA,45
MAP,0.02907941883536216,0.02450016293831888,0.001895413327091851,converg,GDINA,46
mp,0.03281745287519378,0.03400971532442374,0.004712426623532794,converg,GDINA,46
MAP,0.03413330033326117,0.02137151694868288,0.010620512811926639,converg,GDINA,47
mp,0.039422021954472766,0.04099454893954065,0.006576793821300545,converg,GDINA,47
MAP,0.037508026867756825,0.02100248851446258,0.00798070036332656,converg,GDINA,48
mp,0.04333415384645927,0.03757097083550677,0.00425529084535762,converg,GDINA,48
MAP,0.030803723870623988,0.014864106009962396,0.009203200076243164,converg,GDINA,49
mp,0.03649161987807596,0.0342835721574561,0.006651674747805817,converg,GDINA,49
MAP,0.04891316361951825,0.032464804935694126,0.00832559850634524,converg,GDINA,50
mp,0.054051281906412695,0.05650134151782493,0.0025375837119309204,converg,GDINA,50
MAP,0.038889147347034796,0.015911404388603084,0.010076591333779878,converg,GDINA,51
mp,0.04635983798547854,0.03857182952454354,0.007754675091182194,converg,GDINA,51
MAP,0.03156531721205806,0.009475136894474795,0.013114168741099079,converg,GDINA,52
mp,0.03726191780610211,0.032487594529414784,0.006965070603860004,converg,GDINA,52
MAP,0.04217598936736394,0.02602730168667682,0.009273081009984576,converg,GDINA,53
mp,0.04899847308425153,0.042379272081964604,0.006595207499746109,converg,GDINA,53
MAP,0.03615701647368583,0.025413533790286796,0.011734960585089486,converg,GDINA,54
mp,0.04058899187653292,0.04251508088421718,0.006683551687197568,converg,GDINA,54
MAP,0.028492892394740777,0.009267971412197346,0.01015194782060767,converg,GDINA,55
mp,0.033025102824446984,0.019063222967813993,0.017549290124585656,converg,GDINA,55
MAP,0.03509178941893744,0.02073808425756109,0.008928315617707105,converg,GDINA,56
mp,0.040315681244548734,0.03921782827788818,0.005510521897811195,converg,GDINA,56
MAP,0.04193912444902897,0.013104428003091827,0.007677366424232872,converg,GDINA,57
mp,0.048410987014509105,0.04281463778307717,0.0025027650958193877,converg,GDINA,57
MAP,0.03937694869475469,0.026892046676493666,0.007852997032453847,converg,GDINA,58
mp,0.044970318238760604,0.04558751071137765,0.003748482868880523,converg,GDINA,58
MAP,0.04242809904396799,0.017671295216931934,0.016366426213049425,converg,GDINA,59
mp,0.050060696142201475,0.041841760452173554,0.008509414096930758,converg,GDINA,59
MAP,0.033358023430387136,0.012965865079096871,0.009343956499563873,converg,GDINA,60
mp,0.03734460340536929,0.02810187099850391,0.01650613157782984,converg,GDINA,60
MAP,0.04247088890130357,0.0278883906642853,0.010632210087831422,converg,GDINA,61
mp,0.04672208175727073,0.04872489740070453,0.006441663695134383,converg,GDINA,61
MAP,0.036525128451990796,0.04084656042503727,0.011042082281797394,converg,GDINA,62
mp,0.040914481119570176,0.051323676184979794,0.008702401150352505,converg,GDINA,62
MAP,NA,NA,NA,converg,GDINA,63
mp,NA,NA,NA,converg,GDINA,63
MAP,0.03575330603734174,0.01238201050728054,0.011089133927135232,converg,GDINA,64
mp,0.04113879508281861,0.04143601684021026,0.006488347160228435,converg,GDINA,64
MAP,0.030007591709732884,0.01886287337763042,0.012570096000755171,converg,GDINA,65
mp,0.034724498899287574,0.03547525423173907,0.007376613616802865,converg,GDINA,65
MAP,0.039717212397491056,0.03222835902370738,0.006843567588608265,converg,GDINA,66
mp,0.043705223568259996,0.044127384106460416,0.004647438843066078,converg,GDINA,66
MAP,0.04264051622065393,0.03650462421006169,0.0105739023938367,converg,GDINA,67
mp,0.04653978410193722,0.053290193995608276,0.008233468315009151,converg,GDINA,67
MAP,0.03891220149813267,0.02636917700198556,0.00944882470623209,converg,GDINA,68
mp,0.04270112478763978,0.046631537907454224,0.0033118893164890903,converg,GDINA,68
MAP,0.04431907662212222,0.02500124749132152,0.0052408427336263505,converg,GDINA,69
mp,0.04986972953443362,0.0495662019780243,0.005954506480589797,converg,GDINA,69
MAP,0.03707094316228531,0.02151367457828796,0.015139590903523792,converg,GDINA,70
mp,0.04215145093511948,0.04267640073453369,0.008657182463578685,converg,GDINA,70
MAP,0.03337551620731177,0.025948961226067255,0.008554040718649304,converg,GDINA,71
mp,0.03672896857118519,0.04093515181187023,0.005947617326850186,converg,GDINA,71
MAP,0.04140517883248006,0.017525216366751476,0.01664339137381721,converg,GDINA,72
mp,0.04661724335400668,0.04406809070564739,0.007552163846795588,converg,GDINA,72
MAP,NA,NA,NA,converg,GDINA,73
mp,NA,NA,NA,converg,GDINA,73
MAP,0.036974510788138196,0.019764703937918873,0.014501112328879065,converg,GDINA,74
mp,0.041637401979016934,0.04313546827605429,0.007573480535292167,converg,GDINA,74
MAP,0.042790182615079816,0.024491463241945927,0.00837019156476898,converg,GDINA,75
mp,0.04865879754962969,0.047531171304625926,0.006451914843760876,converg,GDINA,75
MAP,0.03886347529147913,0.028553529643993464,0.010375089920085769,converg,GDINA,76
mp,0.044040665141573454,0.04826997865113448,0.005911951165451664,converg,GDINA,76
MAP,0.03966122711464565,0.036328201977946645,0.016958590941564364,converg,GDINA,77
mp,0.04309967164303043,0.05432198047981329,0.012957285019817029,converg,GDINA,77
MAP,0.033059976122535854,0.018274713631728473,0.008251242810715903,converg,GDINA,78
mp,0.03816355384101782,0.035333130770287796,0.004795932505238108,converg,GDINA,78
MAP,0.037500598635030705,0.018484994024313476,0.013962851718155854,converg,GDINA,79
mp,0.04238872180580462,0.03798399182002354,0.007775126158878796,converg,GDINA,79
MAP,0.03076962819296879,0.014149356883362387,0.011639707814702341,converg,GDINA,80
mp,0.03620153698113789,0.03398016897772652,0.006397906829023275,converg,GDINA,80
MAP,0.03924227871857942,0.04116756493701212,0.005855741333250294,converg,GDINA,81
mp,0.04266372257466446,0.05058539056916697,0.006118300368342742,converg,GDINA,81
MAP,0.039157957783734994,0.027473086279624005,0.010124080001541668,converg,GDINA,82
mp,0.04403390918072475,0.04294027545453911,0.009946864733078395,converg,GDINA,82
MAP,0.03182488423073686,0.014383432184968499,0.008209601306804325,converg,GDINA,83
mp,0.03661792211358729,0.03437779567062871,0.003455711061309781,converg,GDINA,83
MAP,0.04012881439051272,0.019728252193329656,0.009147763586607379,converg,GDINA,84
mp,0.044628616503070574,0.047391824899195654,0.006331820493384096,converg,GDINA,84
MAP,0.045287708805323054,0.026715818463419055,0.011092398889017014,converg,GDINA,85
mp,0.051625742379746334,0.046169246411532104,0.003227994428302885,converg,GDINA,85
MAP,0.033652183159096766,0.014526388992939437,0.007514501638921338,converg,GDINA,86
mp,0.03886606152482799,0.035930878951299476,0.005955411132702104,converg,GDINA,86
MAP,0.043127666984337676,0.021683339920520673,0.017523395500288367,converg,GDINA,87
mp,0.04905051132870664,0.0478383722499051,0.007680057071843965,converg,GDINA,87
MAP,0.034095287262230684,0.023737546545585207,0.0065769086079506,converg,GDINA,88
mp,0.0384077279513978,0.04060531659135258,0.004312488152648527,converg,GDINA,88
MAP,0.042269065005509074,0.018202995897743234,0.013372871807718666,converg,GDINA,89
mp,0.04812434832171238,0.045172255957210944,0.004492041748844392,converg,GDINA,89
MAP,0.031375267064769945,0.01230495900175652,0.0046297386990948935,converg,GDINA,90
mp,0.036342610859546896,0.031145844723106362,0.004894637773833919,converg,GDINA,90
MAP,0.03129764683891341,0.025934238505060162,0.007102170940177402,converg,GDINA,91
mp,0.035048756750371945,0.04118318395557439,0.008197440630641555,converg,GDINA,91
MAP,0.035979398992833735,0.027063425284540404,0.007022613281255488,converg,GDINA,92
mp,0.039149866965956945,0.04659620846268493,0.006298377079152633,converg,GDINA,92
MAP,0.03560648831201202,0.010830568471865337,0.008016627090090551,converg,GDINA,93
mp,0.04238264238567006,0.03611604077708335,0.006014988836548817,converg,GDINA,93
MAP,0.04257205719482313,0.024419063308039002,0.009822822357583404,converg,GDINA,94
mp,0.04844506259142282,0.04973178388115393,0.005887251573205968,converg,GDINA,94
MAP,0.03548645524600859,0.0257139825235655,0.01182132035569927,converg,GDINA,95
mp,0.03983605368819075,0.04202558995600103,0.008424160179641474,converg,GDINA,95
MAP,0.03931593540908384,0.02135704371910724,0.004501734300658704,converg,GDINA,96
mp,0.04542863206345599,0.040715439261953895,0.001778885749863188,converg,GDINA,96
MAP,0.037439743947462314,0.03177758337429067,0.006474310979640619,converg,GDINA,97
mp,0.04181410867282194,0.04370791387371734,0.005727664441499882,converg,GDINA,97
MAP,0.03904493476831745,0.02743580744282508,0.01340457160643967,converg,GDINA,98
mp,0.0434863130760437,0.046261326304055,0.006645697736874523,converg,GDINA,98
MAP,0.03691063840378759,0.016574301060500125,0.010033093825021301,converg,GDINA,99
mp,0.04248274619687624,0.03867541021082303,0.007705168055458067,converg,GDINA,99
MAP,0.038186243742410884,0.004684453240222423,0.015927044524061,converg,GDINA,100
mp,0.04449989160454564,0.0380978474084519,0.008145484385286552,converg,GDINA,100
MAP,0.07008326844956106,0.05435539772719381,0.01386246544981672,diverg,GDINA,1
mp,0.07656224779817757,0.07858744360315344,0.009440165957776152,diverg,GDINA,1
MAP,0.06923655086995259,0.04702942728417992,0.006029114024020818,diverg,GDINA,2
mp,0.07672855858231611,0.06775559541562999,0.005183925960366897,diverg,GDINA,2
MAP,0.05458747420833408,0.0322218802663065,0.011838791935868282,diverg,GDINA,3
mp,0.06074470943511577,0.05266545869012688,0.006950964156307862,diverg,GDINA,3
MAP,0.07433400429148565,0.043673811879473376,0.02611364348764885,diverg,GDINA,4
mp,0.08181940646711872,0.07867542717962299,0.0066552546768931225,diverg,GDINA,4
MAP,NA,NA,NA,diverg,GDINA,5
mp,NA,NA,NA,diverg,GDINA,5
MAP,0.06927245042539146,0.04634975028532494,0.015238463085134688,diverg,GDINA,6
mp,0.07723555540272063,0.0701625423607697,0.006327292699260959,diverg,GDINA,6
MAP,0.07428938770446808,0.06617197138047964,0.010751010907469242,diverg,GDINA,7
mp,0.0801583364874805,0.0829770725217082,0.009348052370867931,diverg,GDINA,7
MAP,0.06921918084009439,0.0454721102537379,0.012490397595716428,diverg,GDINA,8
mp,0.0755509285600708,0.06639524413350972,0.011205854692590419,diverg,GDINA,8
MAP,0.06501021700647756,0.024729249081173115,0.01089486114802917,diverg,GDINA,9
mp,0.07277518765407857,0.058411861556678546,0.0038169392139629586,diverg,GDINA,9
MAP,0.07106676460177548,0.05881555810633213,0.0129285112240324,diverg,GDINA,10
mp,0.07590497602171727,0.08248014374117262,0.006156357612495276,diverg,GDINA,10
MAP,0.06630403468468127,0.04571777009147033,0.010618237037886686,diverg,GDINA,11
mp,0.07425524953041425,0.0695716740893715,0.00983499880651181,diverg,GDINA,11
MAP,0.06941965507499831,0.04305856366827122,0.004712458805715467,diverg,GDINA,12
mp,0.07646374001915472,0.07187555003221105,0.0066177846610607615,diverg,GDINA,12
MAP,0.0810767146402865,0.06822573321641241,0.009871690090311401,diverg,GDINA,13
mp,0.08692234764500768,0.08992594584508669,0.01406078538765586,diverg,GDINA,13
MAP,0.08040185293110219,0.0555446976225997,0.014483616766840082,diverg,GDINA,14
mp,0.08603796884230336,0.08899568316893092,0.009163476726837068,diverg,GDINA,14
MAP,0.06864481690109452,0.028743591171269574,0.01236314432346949,diverg,GDINA,15
mp,0.07323991527305458,0.06967250235574189,0.0028862570025108415,diverg,GDINA,15
MAP,0.07109722235730362,0.04917116809227247,0.009930056338823054,diverg,GDINA,16
mp,0.07646102851836388,0.07470142964541687,0.009073968502064074,diverg,GDINA,16
MAP,0.06680558036311192,0.04551165019603656,0.013302805615742049,diverg,GDINA,17
mp,0.07142315340821849,0.06683458192622722,0.00937805895051181,diverg,GDINA,17
MAP,0.06777117194172988,0.031210388967836625,0.016148654582343328,diverg,GDINA,18
mp,0.07332972819964094,0.0671837387838382,0.009230423533586121,diverg,GDINA,18
MAP,0.05982077886533568,0.03520084658644726,0.015244003963339036,diverg,GDINA,19
mp,0.06693583767826702,0.058658729368287484,0.0089284470114497,diverg,GDINA,19
MAP,0.08093383112779393,0.056071190885803264,0.009358426236709561,diverg,GDINA,20
mp,0.08684842293454882,0.08653600385777317,0.006790346755191374,diverg,GDINA,20
MAP,0.06998006163338831,0.041506192762584236,0.018935428234761256,diverg,GDINA,21
mp,0.07642204750720909,0.07304170481995363,0.011467560193934977,diverg,GDINA,21
MAP,NA,NA,NA,diverg,GDINA,22
mp,NA,NA,NA,diverg,GDINA,22
MAP,0.0653114751394013,0.041351994828237766,0.013248010286858646,diverg,GDINA,23
mp,0.07149498228108736,0.06961758319972332,0.009982613355043267,diverg,GDINA,23
MAP,0.06692632649138092,0.04156225447241895,0.009630547048062085,diverg,GDINA,24
mp,0.07266707120532981,0.06857463669236034,0.007306343892445736,diverg,GDINA,24
MAP,0.07398677884218169,0.030106864078214998,0.02403340369705584,diverg,GDINA,25
mp,0.08046059797534241,0.07291495239768651,0.006664934656766897,diverg,GDINA,25
MAP,0.06545617220241196,0.03713989521537703,0.00986860080835209,diverg,GDINA,26
mp,0.072962651110364235,0.06504726297224428,0.0062260099303013,diverg,GDINA,26
MAP,NA,NA,NA,diverg,GDINA,27
mp,NA,NA,NA,diverg,GDINA,27
MAP,0.058214450914225696,0.0289438536931822,0.01364258100782279,diverg,GDINA,28
mp,0.06437243033952732,0.0568521016519835,0.010319170785736551,diverg,GDINA,28
MAP,0.06618833509504857,0.03548496136787647,0.009758006718036841,diverg,GDINA,29
mp,0.07288626574733628,0.06602794258173819,0.004796614036566755,diverg,GDINA,29
MAP,0.0771448559493275,0.0548753993277065,0.0065601674771164995,diverg,GDINA,30
mp,0.08518323329180959,0.08011437489407237,0.008635263637759726,diverg,GDINA,30
MAP,0.06664192255969816,0.051832446044933554,0.009278869357860405,diverg,GDINA,31
mp,0.07306526328098498,0.07563382846436337,0.004422081101926719,diverg,GDINA,31
MAP,0.05921986004280847,0.027278505553224197,0.009269445300461218,diverg,GDINA,32
mp,0.06623686517918523,0.05496793769314923,0.006134588633672666,diverg,GDINA,32
MAP,0.06529045996359428,0.03789708890317096,0.012157555473506425,diverg,GDINA,33
mp,0.07169421113918113,0.0670212576000599,0.008843031747981955,diverg,GDINA,33
MAP,0.06618363016850701,0.044018292402356,0.006330806101904548,diverg,GDINA,34
mp,0.07191847213515241,0.070094177801247,0.01005569057148062,diverg,GDINA,34
MAP,0.08203338399739504,0.07015954008987349,0.018356413005684243,diverg,GDINA,35
mp,0.08836180456952003,0.09554484724982627,0.010058724538529597,diverg,GDINA,35
MAP,0.06129286587159343,0.019587595464899105,0.011919112605560438,diverg,GDINA,36
mp,0.06669118932545082,0.05936152313775874,0.00575406356900467,diverg,GDINA,36
MAP,0.07211313213480276,0.05047878820953819,0.012258568532964068,diverg,GDINA,37
mp,0.07874033364769882,0.07849384834256905,0.014861675949542597,diverg,GDINA,37
MAP,0.05780188192470247,0.03821213873412212,0.011397460641070204,diverg,GDINA,38
mp,0.06401687698639508,0.058050176080223365,0.010558667265650058,diverg,GDINA,38
MAP,0.06504827185517804,0.046922737357300195,0.011916406907436611,diverg,GDINA,39
mp,0.07111847838108468,0.07037946656842098,0.006556116819412569,diverg,GDINA,39
MAP,0.06018183953692012,0.017489093180447935,0.00844454527432532,diverg,GDINA,40
mp,0.06555109119771874,0.05891761938319228,0.002627860345662065,diverg,GDINA,40
MAP,0.06631831886006269,0.05223688487574431,0.007325595968648542,diverg,GDINA,41
mp,0.07221687134996291,0.07430401788114846,0.006354199353802007,diverg,GDINA,41
MAP,0.059507194920062255,0.026064414645870938,0.007943005033913477,diverg,GDINA,42
mp,0.06516296302326359,0.061221382004701896,0.005977797771478524,diverg,GDINA,42
MAP,0.06116164265308993,0.03820008229309121,0.005786093993573243,diverg,GDINA,43
mp,0.06859503334084785,0.061034484574365847,0.005060580307748541,diverg,GDINA,43
MAP,0.06813648092000531,0.03409589833802799,0.010147806497375783,diverg,GDINA,44
mp,0.0754534177609333,0.06589585348110469,0.007071280383664967,diverg,GDINA,44
MAP,0.06383033635202343,0.03310912238367684,0.0063634825812045135,diverg,GDINA,45
mp,0.07039631096810094,0.060655878453163115,0.005777429707935301,diverg,GDINA,45
MAP,0.06753950772717289,0.04463549545389705,0.007280877138538639,diverg,GDINA,46
mp,0.07260100729686021,0.07186725985834601,0.00680077069828767,diverg,GDINA,46
MAP,0.055486109462388446,0.034402757832769096,0.013627277774018133,diverg,GDINA,47
mp,0.06311730170272806,0.05570970977757364,0.005412836211771648,diverg,GDINA,47
MAP,0.06898551899108483,0.03830388576714811,0.007383843989350568,diverg,GDINA,48
mp,0.0772920753244935,0.06466456884854667,0.007792549139917922,diverg,GDINA,48
MAP,0.07585868214875299,0.06585156763467825,0.0103956140497811,diverg,GDINA,49
mp,0.08163530091505278,0.08556981395035157,0.007985546120370828,diverg,GDINA,49
MAP,0.06922893106965422,0.04231610147055927,0.013351294866240775,diverg,GDINA,50
mp,0.07769111712789081,0.06923153976850806,0.00824844801525349,diverg,GDINA,50
MAP,0.0662549205738821,0.03295421358741154,0.01634679578320866,diverg,GDINA,51
mp,0.07095756690550911,0.06731093748539684,0.006034697450804686,diverg,GDINA,51
MAP,0.06632482493052061,0.04085892136986433,0.014622811856898744,diverg,GDINA,52
mp,0.0729897360879579,0.0708602711124633,0.00811098177452515,diverg,GDINA,52
MAP,0.06539545516854768,0.04115067382615646,0.012171244213897151,diverg,GDINA,53
mp,0.07226790762112828,0.06815247409445659,0.004386735040477311,diverg,GDINA,53
MAP,0.06808685868233129,0.04198731399781718,0.007888762325449732,diverg,GDINA,54
mp,0.07409611132020204,0.07038101689969739,0.006092169659456848,diverg,GDINA,54
MAP,0.0673982069706334,0.04299806047277561,0.0032376932393552225,diverg,GDINA,55
mp,0.07248851698047606,0.07101611119612061,0.005688197672992384,diverg,GDINA,55
MAP,0.07664582532054806,0.03764530429444285,0.0246957107037333,diverg,GDINA,56
mp,0.08192731019139095,0.07736920021496028,0.012816340783469991,diverg,GDINA,56
MAP,0.06247353965622276,0.04695157074443049,0.016023789422028426,diverg,GDINA,57
mp,0.06761207979236877,0.06435810320353812,0.00772205699286997,diverg,GDINA,57
MAP,0.0712720722210814,0.043129804535376265,0.011077322087232345,diverg,GDINA,58
mp,0.07735932035234644,0.07254207409092005,0.00571784262349034,diverg,GDINA,58
MAP,0.06169202817383301,0.03802954254599262,0.0122002113701567,diverg,GDINA,59
mp,0.06794180677601978,0.05983266578334597,0.006830273170659334,diverg,GDINA,59
MAP,0.08047521538761819,0.05739107217531117,0.013579157581380143,diverg,GDINA,60
mp,0.08589229953830466,0.09038538322088631,0.0061604714082519165,diverg,GDINA,60
MAP,NA,NA,NA,diverg,GDINA,61
mp,NA,NA,NA,diverg,GDINA,61
MAP,0.07173406900832711,0.05506694445854728,0.015495735974400796,diverg,GDINA,62
mp,0.0769693020937651,0.07979920962976089,0.009327426175479703,diverg,GDINA,62
MAP,0.07651865021591382,0.0613157728352814,0.0036126632562685835,diverg,GDINA,63
mp,0.08312615984224576,0.08239766125867319,0.0035339394066525097,diverg,GDINA,63
MAP,0.06254287384052912,0.03313163298434221,0.00919660513935544,diverg,GDINA,64
mp,0.0666275473646203,0.07140920488428285,0.00399399817599425,diverg,GDINA,64
MAP,0.06358233011995565,0.01608697676092262,0.016073933876472095,diverg,GDINA,65
mp,0.0708617878368379,0.05899683520216251,0.006283772038484421,diverg,GDINA,65
MAP,0.0805302028734342,0.045886333826298725,0.02604017168844495,diverg,GDINA,66
mp,0.08723927297027528,0.0849259140180631,0.013498146071035652,diverg,GDINA,66
MAP,0.07141689225605045,0.04923217941047936,0.006143793552884121,diverg,GDINA,67
mp,0.07837537182720798,0.07305277573275534,0.004270833483874125,diverg,GDINA,67
MAP,0.06368598178830474,0.007129172378755017,0.016977558721304586,diverg,GDINA,68
mp,0.07130131236741234,0.051193433627279024,0.008308067878372885,diverg,GDINA,68
MAP,0.06449997219105807,0.03664993246431679,0.007149452065496028,diverg,GDINA,69
mp,0.0700023506216921,0.06540828882668706,0.004932477218111187,diverg,GDINA,69
MAP,0.07339423502392708,0.05732614869594397,0.006620513093152525,diverg,GDINA,70
mp,0.08181660118348401,0.07940191126482879,0.01039143776666542,diverg,GDINA,70
MAP,0.07241340779552373,0.045767637816529066,0.006023193746536695,diverg,GDINA,71
mp,0.078693109949946,0.0725124542567384,0.007035303132994796,diverg,GDINA,71
MAP,0.06765822687490797,0.044549827471804665,0.0035704914725702428,diverg,GDINA,72
mp,0.07410288385485285,0.07034927340232179,0.005933115343481899,diverg,GDINA,72
MAP,0.07039329056101891,0.04942220902607033,0.01761192081808327,diverg,GDINA,73
mp,0.07729210607235129,0.07105535033157954,0.011858585062376978,diverg,GDINA,73
MAP,0.06982070559389228,0.03659592521745409,0.0212566060647628,diverg,GDINA,74
mp,0.07679413569504967,0.06706948502726566,0.014300325588152621,diverg,GDINA,74
MAP,0.05466810524939658,0.032859322869419824,0.012436665894235957,diverg,GDINA,75
mp,0.06205719340124764,0.057045232920574375,0.007518584422094349,diverg,GDINA,75
MAP,0.07119542264954003,0.03482053982630259,0.010521211572921229,diverg,GDINA,76
mp,0.07869700325844398,0.07100956288554157,0.0023785898696702746,diverg,GDINA,76
MAP,0.06799293689392644,0.020026655403583202,0.007803606900700083,diverg,GDINA,77
mp,0.07532323356268836,0.06280456208883393,0.008937943916315633,diverg,GDINA,77
MAP,0.06280671107359928,0.031061905329731687,0.012522974834860489,diverg,GDINA,78
mp,0.07009186139259821,0.06332996365318744,0.005026322805013721,diverg,GDINA,78
MAP,0.06102900803165588,0.04149734643448705,0.010301255136478015,diverg,GDINA,79
mp,0.07048158057110439,0.06578585005737905,0.005748231555815046,diverg,GDINA,79
MAP,0.07913422475748869,0.04775642349978028,0.020692238765267205,diverg,GDINA,80
mp,0.08608053204682174,0.07443480408087128,0.012070307426671568,diverg,GDINA,80
MAP,0.06569668420407344,0.015077164819336188,0.022890470305853776,diverg,GDINA,81
mp,0.07351230882525384,0.06373699099562395,0.006355155448174251,diverg,GDINA,81
MAP,0.06504871741773072,0.047586420586751305,0.005321802783447229,diverg,GDINA,82
mp,0.07230869978184272,0.06772125233707217,0.002943475128970624,diverg,GDINA,82
MAP,0.06319906882170766,0.043754941861552016,0.02852544768898993,diverg,GDINA,83
mp,0.06806303904023074,0.06209099306916748,0.036093221713345086,diverg,GDINA,83
MAP,0.06060323443086548,0.03678643061570058,0.016472287649657507,diverg,GDINA,84
mp,0.06644011054972095,0.060844366108680846,0.005259627814655386,diverg,GDINA,84
MAP,0.06093133304436377,0.04411574567371924,0.010183476864766195,diverg,GDINA,85
mp,0.06571955853277814,0.06655469450001332,0.006523209717679814,diverg,GDINA,85
MAP,0.06679632633608833,0.05986879653172649,0.00609978576455835,diverg,GDINA,86
mp,0.07046515649051473,0.07934214334713487,0.005381509400604275,diverg,GDINA,86
MAP,0.05989732074477461,0.0351550292772043,0.016099254040785892,diverg,GDINA,87
mp,0.06642888407322672,0.06344952720628541,0.013028120978738374,diverg,GDINA,87
MAP,0.07205728382374789,0.04456369633022276,0.015206718194433899,diverg,GDINA,88
mp,0.07841594547183464,0.07343584635213128,0.010109974215519206,diverg,GDINA,88
MAP,0.06237864013034173,0.04163944996569773,0.009842584986949574,diverg,GDINA,89
mp,0.0694051482583771,0.06227896993916167,0.006294826141053271,diverg,GDINA,89
MAP,0.07279712357693055,0.044368887717798296,0.015165245496517073,diverg,GDINA,90
mp,0.08065028930183898,0.07548583456558565,0.007986493900437213,diverg,GDINA,90
MAP,0.07224003199741968,0.051295552142854126,0.01859713922327195,diverg,GDINA,91
mp,0.07564275329717678,0.08615512232915282,0.014139469799996238,diverg,GDINA,91
MAP,0.07370665647808469,0.02251089250930504,0.01104829152542225,diverg,GDINA,92
mp,0.081522841942175725,0.06711236296570607,0.004077939884381989,diverg,GDINA,92
MAP,0.06833880711214094,0.03437339995919526,0.008189477413289523,diverg,GDINA,93
mp,0.07424836890253994,0.06703660152451074,0.006514813608657813,diverg,GDINA,93
MAP,0.06341211161301474,0.03176456934349801,0.013512059161345355,diverg,GDINA,94
mp,0.07178991788647097,0.060973076746037344,0.00812681757781752,diverg,GDINA,94
MAP,0.07824125516138909,0.0551255602283108,0.018564640039964185,diverg,GDINA,95
mp,0.08362407593656285,0.0866085083076112,0.007263831807910861,diverg,GDINA,95
MAP,0.07449799240033836,0.06386936084673618,0.01052784392913626,diverg,GDINA,96
mp,0.08041372223910101,0.08402621267585036,0.008610213447286966,diverg,GDINA,96
MAP,0.07672794332977255,0.05680362702069405,0.01623713041799289,diverg,GDINA,97
mp,0.08236711115624874,0.08715703241041718,0.01135963740075782,diverg,GDINA,97
MAP,0.06912741076363395,0.048609342695663076,0.011380622641435096,diverg,GDINA,98
mp,0.07500177482126552,0.06938569131636317,0.009245558717130632,diverg,GDINA,98
MAP,0.07384612787968158,0.051965940299280894,0.015077166244228783,diverg,GDINA,99
mp,0.08112498816739191,0.07757067458639347,0.007622868206871365,diverg,GDINA,99
MAP,0.06049919483799615,0.04065471006028482,0.00589821223135105,diverg,GDINA,100
mp,0.06632667024590722,0.06223687091411382,0.005637610079832635,diverg,GDINA,100
MAP,0.11319710651752832,0.056910581600185944,0.016629622870066307,unstructured,GDINA,1
mp,0.12173084506766124,0.10987432350445353,0.015965316867185757,unstructured,GDINA,1
MAP,0.11316125729510343,0.05772167057291158,0.014395264745800898,unstructured,GDINA,2
mp,0.12221526020207646,0.10672354502102052,0.00931514521358561,unstructured,GDINA,2
MAP,0.09885514087621827,0.04526504871087145,0.0039769521446875915,unstructured,GDINA,3
mp,0.10891878324873988,0.08855713394926064,0.007681702956770717,unstructured,GDINA,3
MAP,0.10160111794946367,0.06695128771656503,0.011721936006303649,unstructured,GDINA,4
mp,0.10982935415864395,0.10082964875554537,0.009178957631889782,unstructured,GDINA,4
MAP,0.10370964269282189,0.042557867168884246,0.024738817961930094,unstructured,GDINA,5
mp,0.11305593728533112,0.09531127573428569,0.013342895045600281,unstructured,GDINA,5
MAP,0.09725901395738287,0.028004703879599947,0.007636776723938145,unstructured,GDINA,6
mp,0.1062307793384432,0.08323238315850522,0.0036205054985232552,unstructured,GDINA,6
MAP,0.10578078672801257,0.06057307575808533,0.016060430345118223,unstructured,GDINA,7
mp,0.1138842597741608,0.09936788919945867,0.01127897746566001,unstructured,GDINA,7
MAP,0.11396417304246106,0.0895107941775446,0.0054162059283332595,unstructured,GDINA,8
mp,0.12291419357801422,0.1291931935122746,0.005666287579975792,unstructured,GDINA,8
MAP,0.11210051317475102,0.06150380118927838,0.014391561874710381,unstructured,GDINA,9
mp,0.11976813193204965,0.10744477095350825,0.008838838962145702,unstructured,GDINA,9
MAP,0.10282266947182295,0.043477213976274506,0.013920652101327726,unstructured,GDINA,10
mp,0.11258646091139476,0.0930657438209715,0.00779532962718853,unstructured,GDINA,10
MAP,0.08385989300678097,0.02997691306275528,0.013683782104809994,unstructured,GDINA,11
mp,0.09166841470672688,0.07140329343788375,0.012231254541529136,unstructured,GDINA,11
MAP,0.10688353655291173,0.047797251327199,0.01255429492490311,unstructured,GDINA,12
mp,0.11617018921180144,0.09567711743078777,0.00852484321134938,unstructured,GDINA,12
MAP,0.10485803700228387,0.07292712232670384,0.01948294899537269,unstructured,GDINA,13
mp,0.11151906870630085,0.1159848208761122,0.018924165624008244,unstructured,GDINA,13
MAP,0.11052082926461207,0.059058720388890824,0.019573247501566395,unstructured,GDINA,14
mp,0.12030072126789232,0.10337894067357674,0.006654243263126381,unstructured,GDINA,14
MAP,0.11736147804873959,0.06281522446273768,0.015545901006869218,unstructured,GDINA,15
mp,0.12733825441233487,0.11411905967144913,0.010761522438473357,unstructured,GDINA,15
MAP,0.09698360749660219,0.05746022918970788,0.020162718607298277,unstructured,GDINA,16
mp,0.10399541156289799,0.09673597426513685,0.010625896991807108,unstructured,GDINA,16
MAP,0.09197899231704866,0.03803895883971707,0.02168376214448202,unstructured,GDINA,17
mp,0.10124966514815527,0.06557194898847281,0.0368154166128426,unstructured,GDINA,17
MAP,0.11242880774913723,0.06813116426239958,0.013368510746656148,unstructured,GDINA,18
mp,0.12333716260812586,0.10708287263234714,0.00758670796897568,unstructured,GDINA,18
MAP,0.10635355860936109,0.028290883520575898,0.00944422994569654,unstructured,GDINA,19
mp,0.11552833490833277,0.09509588685682989,0.012088218783815618,unstructured,GDINA,19
MAP,0.10658029828055206,0.03976695477993981,0.016899622844975485,unstructured,GDINA,20
mp,0.11679813167739928,0.09127031744972008,0.008985879712832216,unstructured,GDINA,20
MAP,0.10655710479223633,0.054295584684508014,0.050831064837721984,unstructured,GDINA,21
mp,0.11225340323705107,0.07985055412590639,0.07315150395539255,unstructured,GDINA,21
MAP,0.09065395606957076,0.030277489585664438,0.011882761897444282,unstructured,GDINA,22
mp,0.09802850570812059,0.0737839569024678,0.009204210834010552,unstructured,GDINA,22
MAP,0.09922746114563614,0.016441873445686112,0.020705820668024656,unstructured,GDINA,23
mp,0.10800559826078049,0.09450587598484078,0.008340473247307967,unstructured,GDINA,23
MAP,0.11497863079008519,0.0741752662054003,0.028386810880265463,unstructured,GDINA,24
mp,0.12236658640467718,0.12056968250573888,0.015020636500221276,unstructured,GDINA,24
MAP,0.10758275651956992,0.034015944214484915,0.01853922836363037,unstructured,GDINA,25
mp,0.11713802828934626,0.09406051433674911,0.014470466818441557,unstructured,GDINA,25
MAP,0.1108764985990136,0.06461372457335628,0.017276109425646922,unstructured,GDINA,26
mp,0.12091926630834222,0.10930184667566785,0.009291912323513535,unstructured,GDINA,26
MAP,0.09129572965420846,0.04423570806310079,0.009583966838660009,unstructured,GDINA,27
mp,0.09855164018607891,0.08612852765305314,0.006635140783517855,unstructured,GDINA,27
MAP,0.12248516134438453,0.07355008133736332,0.02183952486542054,unstructured,GDINA,28
mp,0.13145839432482423,0.12356112061159362,0.015765507305582453,unstructured,GDINA,28
MAP,NA,NA,NA,unstructured,GDINA,29
mp,NA,NA,NA,unstructured,GDINA,29
MAP,0.08846094156969384,0.029560228257387036,0.015740401071614705,unstructured,GDINA,30
mp,0.09644441383644699,0.0746187372266837,0.00926848796357444,unstructured,GDINA,30
MAP,0.07695342525482943,0.035346266809682,0.009775516622943828,unstructured,GDINA,31
mp,0.0847146844397476,0.06339641961211483,0.004732275679223558,unstructured,GDINA,31
MAP,0.10059707649235798,0.03594295649490251,0.016756967648413956,unstructured,GDINA,32
mp,0.11293608274737008,0.0786947811898155,0.01403975220248138,unstructured,GDINA,32
MAP,0.11936537976160265,0.07919869471542433,0.022201066663049728,unstructured,GDINA,33
mp,0.130247987039455,0.1224752257676753,0.010988225789166577,unstructured,GDINA,33
MAP,0.09666588629974314,0.03669358208034709,0.02276944035505375,unstructured,GDINA,34
mp,0.1050870867599665,0.08649850237102959,0.011825445380112274,unstructured,GDINA,34
MAP,0.11217475235455737,0.06610695869088108,0.023882500397146872,unstructured,GDINA,35
mp,0.12113859711336639,0.1113516393076176,0.011015741296378225,unstructured,GDINA,35
MAP,0.09058064259705792,0.045628539308191364,0.016054079903561454,unstructured,GDINA,36
mp,0.09863710028162057,0.08057719887515243,0.012500340130172458,unstructured,GDINA,36
MAP,0.11294361805369231,0.029712528525579818,0.015858758655535377,unstructured,GDINA,37
mp,0.121590957618455,0.10219393612801969,0.006032614414980027,unstructured,GDINA,37
MAP,0.1050182222589342,0.01183567342513812,0.01349728725509228,unstructured,GDINA,38
mp,0.11337833643615405,0.08556806095002982,0.013741298092110513,unstructured,GDINA,38
MAP,0.10641086875425164,0.04079877571398306,0.010985871686204698,unstructured,GDINA,39
mp,0.11863786391251804,0.09313065961139619,0.007764959772468115,unstructured,GDINA,39
MAP,0.0984238320405676,0.016029944737265232,0.03222741977726333,unstructured,GDINA,40
mp,0.10747091560697226,0.08545227586608507,0.007685664614775288,unstructured,GDINA,40
MAP,0.0973978234414745,0.03882216228723537,0.00973561886864964,unstructured,GDINA,41
mp,0.10616478113869586,0.08790073048628753,0.009688211594969746,unstructured,GDINA,41
MAP,0.10317871553093558,0.058675470551046965,0.015632920139657273,unstructured,GDINA,42
mp,0.11089307860628587,0.10167346685814262,0.012130394999174779,unstructured,GDINA,42
MAP,0.10189944300320108,0.016516200860207282,0.019411682438560646,unstructured,GDINA,43
mp,0.11071743524921769,0.08848749458833681,0.008730950120206159,unstructured,GDINA,43
MAP,0.11952660699465181,0.07282029103565585,0.020562989440999324,unstructured,GDINA,44
mp,0.12924203487424674,0.1216997145265361,0.01121702338597629,unstructured,GDINA,44
MAP,0.11930605771351847,0.09049820537380807,0.007290878210191766,unstructured,GDINA,45
mp,0.126178701681026,0.127238056762459,0.008860155022254675,unstructured,GDINA,45
MAP,0.09474040044408319,0.030683904217599905,0.011098040659377794,unstructured,GDINA,46
mp,0.10596615684752365,0.07467296861295598,0.007289230534586434,unstructured,GDINA,46
MAP,0.09886348124732772,0.04020214011655949,0.03590400333241251,unstructured,GDINA,47
mp,0.10758493311159827,0.08383205318119166,0.05073815091603955,unstructured,GDINA,47
MAP,0.09475805610446,0.04962488923967961,0.011476735323890179,unstructured,GDINA,48
mp,0.10408631150164896,0.08490525209371225,0.007506757223124695,unstructured,GDINA,48
MAP,0.1100856818670962,0.05715657862997193,0.02616744274044139,unstructured,GDINA,49
mp,0.11806676809871672,0.11267200155011137,0.010934742190303718,unstructured,GDINA,49
MAP,0.10541469813882394,0.0378475140436353,0.011464663316815178,unstructured,GDINA,50
mp,0.11598775170304314,0.09489803243752275,0.0055098641106131096,unstructured,GDINA,50
MAP,0.09555858134435546,0.009476436294232494,0.047987443691590435,unstructured,GDINA,51
mp,0.10673939188687007,0.07082872688655735,0.011120005569902705,unstructured,GDINA,51
MAP,0.12560227323543263,0.07350941574407267,0.017182545105003343,unstructured,GDINA,52
mp,0.13220405736374866,0.12855200151632953,0.007024790067645926,unstructured,GDINA,52
MAP,0.0913905258116679,0.032506271200506455,0.005055412888876679,unstructured,GDINA,53
mp,0.10139803783200126,0.07785611403266901,0.009886723886032756,unstructured,GDINA,53
MAP,0.10784991324031895,0.046145441320520175,0.022315766887139425,unstructured,GDINA,54
mp,0.11522373678919763,0.10146314839811961,0.006931368134926671,unstructured,GDINA,54
MAP,0.08841954573747461,0.010914934673228079,0.024063441614270566,unstructured,GDINA,55
mp,0.09672793548984715,0.07544776255364485,0.008309134671165107,unstructured,GDINA,55
MAP,0.11487574156295999,0.05993798293626219,0.01797797551793082,unstructured,GDINA,56
mp,0.12450729454937187,0.11252127871176038,0.011528715447024388,unstructured,GDINA,56
MAP,0.10426201089437877,0.06352306873586623,0.018478235830875715,unstructured,GDINA,57
mp,0.11358748454601923,0.10157521070516491,0.00999413234600326,unstructured,GDINA,57
MAP,0.10623395421980819,0.0697614646726745,0.006566064361517127,unstructured,GDINA,58
mp,0.11544973348694697,0.10509264766172538,0.009020096428086695,unstructured,GDINA,58
MAP,0.10821443917149416,0.0651560498776451,0.007730951292494577,unstructured,GDINA,59
mp,0.11606137073743612,0.10897965470474506,0.0033488202367002525,unstructured,GDINA,59
MAP,0.11587091695421815,0.08058731119397933,0.016459679707922857,unstructured,GDINA,60
mp,0.1262911510942603,0.1145516495430592,0.010189096338918822,unstructured,GDINA,60
MAP,0.08900958238301275,0.030742421441762265,0.02101805391969743,unstructured,GDINA,61
mp,0.09789313403882927,0.09173314217658238,0.01357529843586965,unstructured,GDINA,61
MAP,0.1216401113785724,0.064075724997301,0.013907189148055442,unstructured,GDINA,62
mp,0.1316255208384663,0.12064966112025091,0.00965475783262502,unstructured,GDINA,62
MAP,0.11445393792895257,0.04521481802602479,0.029022959223038335,unstructured,GDINA,63
mp,0.1265358503739618,0.09760732903944443,0.012854886388400174,unstructured,GDINA,63
MAP,0.1104042641003578,0.05359601630058075,0.0237665078894275,unstructured,GDINA,64
mp,0.11987313647905255,0.10704463002707129,0.015724719135031467,unstructured,GDINA,64
MAP,0.09011355480198728,0.024961338741836973,0.0031696774678430266,unstructured,GDINA,65
mp,0.09961414400566007,0.0733195638919811,0.008796341708060184,unstructured,GDINA,65
MAP,0.10509139913469973,0.0521641305304418,0.011310803592638816,unstructured,GDINA,66
mp,0.11606569716240572,0.09699551382781535,0.008717218890407117,unstructured,GDINA,66
MAP,0.11230387809093557,0.06340640471526987,0.028656454879168746,unstructured,GDINA,67
mp,0.12265680615614982,0.10550765255735253,0.012388370946008052,unstructured,GDINA,67
MAP,0.1005995538303932,0.04692708330536504,0.02398923292274213,unstructured,GDINA,68
mp,0.10834550679737363,0.09628292839001604,0.014748366411331124,unstructured,GDINA,68
MAP,0.10424922484431544,0.03557301610293678,0.027508805418689195,unstructured,GDINA,69
mp,0.11425228690115283,0.09304375643465534,0.010299362643326515,unstructured,GDINA,69
MAP,0.10793347362027896,0.06169819902510197,0.015338401310019083,unstructured,GDINA,70
mp,0.11669186689919334,0.1055479450870586,0.00813888066057698,unstructured,GDINA,70
MAP,0.09701599784043391,0.033630717651264935,0.028324117355943496,unstructured,GDINA,71
mp,0.10516828033307281,0.08990442034387534,0.014994819327136377,unstructured,GDINA,71
MAP,0.0916572983077143,0.022551213645273186,0.03430245978867853,unstructured,GDINA,72
mp,0.10035082539358935,0.07615188927791229,0.005338421607063148,unstructured,GDINA,72
MAP,0.1014761865693959,0.037166730623255186,0.007570945077873565,unstructured,GDINA,73
mp,0.11184250989222976,0.08721663985215465,0.010739588807652313,unstructured,GDINA,73
MAP,0.10704034971822765,0.06341028262313168,0.016381440562509817,unstructured,GDINA,74
mp,0.1158228416838457,0.10140068796325279,0.008026370811909692,unstructured,GDINA,74
MAP,0.09591672218497146,0.02952535582735404,0.017576461130364623,unstructured,GDINA,75
mp,0.10358129556180894,0.0875872125730707,0.005435461534414052,unstructured,GDINA,75
MAP,0.11275663960222138,0.037902351194293186,0.02709493568064039,unstructured,GDINA,76
mp,0.12313194238650664,0.08622982232356653,0.048311425204473575,unstructured,GDINA,76
MAP,0.08769347157831842,0.0038751330241480935,0.021674560178961157,unstructured,GDINA,77
mp,0.0950545998154619,0.07290672106004963,0.00760552389010803,unstructured,GDINA,77
MAP,0.08355088134694759,0.028250295453882954,0.02104572141451906,unstructured,GDINA,78
mp,0.09350924779778716,0.06947260202736062,0.009632496579016585,unstructured,GDINA,78
MAP,0.10667248806033654,0.052500380100111,0.013122707499573333,unstructured,GDINA,79
mp,0.11775453750685956,0.09688008211371135,0.007491010618916866,unstructured,GDINA,79
MAP,0.09794490840362062,0.04044733835212745,0.01986138712205972,unstructured,GDINA,80
mp,0.10643695546925609,0.08468002439463215,0.00684329505327683,unstructured,GDINA,80
MAP,0.10318698433571612,0.05006574647656797,0.02255273863925876,unstructured,GDINA,81
mp,0.11138220324775029,0.09460155443128022,0.008674849240437082,unstructured,GDINA,81
MAP,0.10128734585764655,0.026329240954499674,0.021445755440353924,unstructured,GDINA,82
mp,0.11144778634731763,0.0839068978262039,0.015574540125127401,unstructured,GDINA,82
MAP,0.09998230630396883,0.049025399761982204,0.018609567216249165,unstructured,GDINA,83
mp,0.11117922746448575,0.08647552400818447,0.014377201168939842,unstructured,GDINA,83
MAP,0.10344368352886696,0.049427412984796,0.040124034577049654,unstructured,GDINA,84
mp,0.11036556394739083,0.09494920487648131,0.028721500203781745,unstructured,GDINA,84
MAP,0.10003142172984034,0.03640558469490763,0.017605215068392365,unstructured,GDINA,85
mp,0.11027081621838063,0.08496812575099057,0.007320258084355204,unstructured,GDINA,85
MAP,0.10571631881891183,0.047657071030743584,0.028961625613795602,unstructured,GDINA,86
mp,0.11448525389130529,0.10038516756755267,0.017771377718930708,unstructured,GDINA,86
MAP,0.11657757394105964,0.03876817335056726,0.018997975151423513,unstructured,GDINA,87
mp,0.12820633681184312,0.09952820402125333,0.0052675318090181925,unstructured,GDINA,87
MAP,0.10419747968536398,0.03740607070631279,0.028128462688744645,unstructured,GDINA,88
mp,0.11348948559492668,0.09664838197095733,0.009533292630689862,unstructured,GDINA,88
MAP,0.10538450723403675,0.04986617197687451,0.010528345905666668,unstructured,GDINA,89
mp,0.1173489722748111,0.09042272606974834,0.007030589127397515,unstructured,GDINA,89
MAP,0.1001514007723386,0.04256329918348046,0.026177216167728393,unstructured,GDINA,90
mp,0.10907713949112052,0.09190830768393467,0.013952660648917573,unstructured,GDINA,90
MAP,0.10858523911916876,0.07689633561145673,0.010632935754845807,unstructured,GDINA,91
mp,0.11652159831342766,0.10962878073222039,0.008961895632686605,unstructured,GDINA,91
MAP,0.10419201018665114,0.02882282596291321,0.042764172098963896,unstructured,GDINA,92
mp,0.11266697821882647,0.09400066340743195,0.011400543817601068,unstructured,GDINA,92
MAP,0.10699637753185465,0.01121446837349368,0.03011001026532715,unstructured,GDINA,93
mp,0.11736324052153094,0.08791041394802088,0.009184164808026505,unstructured,GDINA,93
MAP,0.11061220373357897,0.07302633804614246,0.00994029703787203,unstructured,GDINA,94
mp,0.11914119549849865,0.11448151121630688,0.018146224365056116,unstructured,GDINA,94
MAP,0.09847368210694071,0.035855834117838103,0.016235802763299206,unstructured,GDINA,95
mp,0.1074287318744972,0.09432219954586259,0.007839307595555315,unstructured,GDINA,95
MAP,0.10202671813216414,0.05903777797717777,0.011617881105954483,unstructured,GDINA,96
mp,0.11065961149325511,0.10533659778798972,0.014480188099402554,unstructured,GDINA,96
MAP,0.09786265919952182,0.04646140313813721,0.02861680610800606,unstructured,GDINA,97
mp,0.10600346100075461,0.09218839880515409,0.011015351510671087,unstructured,GDINA,97
MAP,0.09638346724687603,0.02892370499867184,0.02722897334902324,unstructured,GDINA,98
mp,0.1065501022143087,0.08481043963948129,0.01217980966109632,unstructured,GDINA,98
MAP,0.11621625535695852,0.07476304954427003,0.024439881404637976,unstructured,GDINA,99
mp,0.12616742047605803,0.11415605051608377,0.015397762371682487,unstructured,GDINA,99
MAP,0.11048833016667667,0.08209305386011796,0.013683028733221279,unstructured,GDINA,100
mp,0.11917719997248283,0.11571523109457532,0.0063592223400523095,unstructured,GDINA,100
