estmethod,imv_full,imv_mean,imv_sd,attribute,modeltype,rep
MAP,0.03617839427528467,0.04173455457179004,0.007075942722041097,linear,DINA,1
mp,0.038991258634291245,0.05305891330527978,0.005396010317291261,linear,DINA,1
MAP,0.030434767502972544,0.0379198000566723,0.0034624820836141597,linear,DINA,2
mp,0.032796136391704145,0.04582702503149522,0.004396553881593836,linear,DINA,2
MAP,0.03308105973306414,0.030806891217081668,0.01830768749050541,linear,DINA,3
mp,0.033892109328366705,0.03979260643213516,0.02257218424952405,linear,DINA,3
MAP,0.03200358893383517,0.0391363619296735,0.009354377740672045,linear,DINA,4
mp,0.03413802477513011,0.051340481755536356,0.006413795951142923,linear,DINA,4
MAP,0.03277463708923252,0.033333632333484256,0.008940379797375622,linear,DINA,5
mp,0.03618440945644859,0.04748876468510008,0.0033828224255079667,linear,DINA,5
MAP,0.03708276857505732,0.03850644970314543,0.00855028920383846,linear,DINA,6
mp,0.040510930861921486,0.051814245483354615,0.006952474384934214,linear,DINA,6
MAP,0.03808235884035073,0.04840484219348525,0.004668712621120348,linear,DINA,7
mp,0.04067956011672841,0.05458161812220274,0.00700916667918245,linear,DINA,7
MAP,0.033682163939884095,0.04270089383501777,0.005961382388648688,linear,DINA,8
mp,0.034990873772692374,0.053592733464320814,0.00302825778037122,linear,DINA,8
MAP,0.03905165029246841,0.04761113566810657,0.005537824180656289,linear,DINA,9
mp,0.04343694725980338,0.05933437457418573,0.0025714680396867378,linear,DINA,9
MAP,0.03740656802849343,0.04358187494333489,0.007559586489554391,linear,DINA,10
mp,0.04102607364274406,0.05340187324932116,0.004738779130203583,linear,DINA,10
MAP,0.029209638842921114,0.0378304574170965,0.005088644494197843,linear,DINA,11
mp,0.030625606645604316,0.04446421378174858,0.0055839145132609985,linear,DINA,11
MAP,0.03454939415100103,0.04250742262201286,0.007737632123211331,linear,DINA,12
mp,0.0361960060282654,0.05205785497173673,0.005586676775460451,linear,DINA,12
MAP,0.02903940048153509,0.038458746170869626,0.005990614994373033,linear,DINA,13
mp,0.03020849984404517,0.046483831792478676,0.004619577901746121,linear,DINA,13
MAP,0.03173093965844189,0.03826280596041491,0.00752070896720732,linear,DINA,14
mp,0.0339568610981839,0.047090704156396344,0.0054851660888156064,linear,DINA,14
MAP,0.034645818468306125,0.039847612941451095,0.008127070716605043,linear,DINA,15
mp,0.0377600221601362,0.054531795658206025,0.004331924268155246,linear,DINA,15
MAP,0.035055585330574006,0.036652044890337576,0.02061979412656682,linear,DINA,16
mp,0.03740613041109897,0.04062413506338856,0.022913763333776285,linear,DINA,16
MAP,0.03003102306625707,0.04310092449104193,0.011387155114068837,linear,DINA,17
mp,0.033894251908753746,0.0495097573096248,0.009108559878487197,linear,DINA,17
MAP,0.02840459995884414,0.03868477290943116,0.006879160996098732,linear,DINA,18
mp,0.03100484215025161,0.04518372841367256,0.004583515042027962,linear,DINA,18
MAP,0.030442747647886192,0.037211348188037556,0.0015367963762440299,linear,DINA,19
mp,0.03272269655046133,0.048391974635787274,0.0037537331972091886,linear,DINA,19
MAP,0.03659040192063077,0.037062979882068164,0.005724130090204662,linear,DINA,20
mp,0.0402236754090909,0.04738742286493457,0.0032898683878705174,linear,DINA,20
MAP,0.034687764882136735,0.03823961667766105,0.013860615544260326,linear,DINA,21
mp,0.03676491320398167,0.052172713373831295,0.01114323255674615,linear,DINA,21
MAP,0.02773217362023294,0.03536894982810055,0.007248407994188246,linear,DINA,22
mp,0.031384832172087845,0.043283685218052516,0.004419684689345041,linear,DINA,22
MAP,0.037403441381580645,0.03662800428975126,0.022177940412064577,linear,DINA,23
mp,0.03879119159666374,0.045889961672802154,0.026342665617789137,linear,DINA,23
MAP,NA,NA,NA,linear,DINA,24
mp,NA,NA,NA,linear,DINA,24
MAP,0.03308371734805633,0.03555184890389806,0.005699418008493917,linear,DINA,25
mp,0.03672806573513945,0.05053624328501516,0.00310145030514911,linear,DINA,25
MAP,0.030537353283643494,0.03057573976594002,0.009937001353213473,linear,DINA,26
mp,0.03294892493514521,0.0438670395456418,0.010237319739007399,linear,DINA,26
MAP,0.03232421137221018,0.040451442958595804,0.01092801206002939,linear,DINA,27
mp,0.03452179883283342,0.047778843065866466,0.009200480764205115,linear,DINA,27
MAP,0.03013704123233133,0.03551494186067248,0.009008189311361468,linear,DINA,28
mp,0.03408825805577949,0.04562576944210114,0.010883483689467977,linear,DINA,28
MAP,0.04259734477648574,0.05250170684542251,0.007387406577007562,linear,DINA,29
mp,0.045916192854755455,0.06200192209634944,0.005485872934613218,linear,DINA,29
MAP,0.03812730379901353,0.037349649790167125,0.011831528887738136,linear,DINA,30
mp,0.03994938299455815,0.05672428991737414,0.0022556559814930436,linear,DINA,30
MAP,0.03458810575547088,0.04184598079295766,0.011603727423084575,linear,DINA,31
mp,0.03758879915298679,0.05154156227817608,0.009295942787276225,linear,DINA,31
MAP,0.03316967726364421,0.04469825950266479,0.004832837461273729,linear,DINA,32
mp,0.03567880965094502,0.051253698578448366,0.004029729129290869,linear,DINA,32
MAP,0.03352974876630724,0.039819002105472436,0.009584365996162995,linear,DINA,33
mp,0.03532746850371599,0.05144115345780098,0.008791242410462419,linear,DINA,33
MAP,0.03701249621335049,0.0380328696554081,0.006793257201464892,linear,DINA,34
mp,0.04005618206930934,0.04952134655924323,0.002845123622395609,linear,DINA,34
MAP,0.03126045949745398,0.036099393178688176,0.014684677594760982,linear,DINA,35
mp,0.034792794957097785,0.048670896109847,0.00823930087312607,linear,DINA,35
MAP,NA,NA,NA,linear,DINA,36
mp,NA,NA,NA,linear,DINA,36
MAP,0.034556726109411795,0.03745688643786033,0.010626457579533094,linear,DINA,37
mp,0.036315048139226466,0.050780123724275796,0.006435131580821826,linear,DINA,37
MAP,0.03514619949176025,0.04400161060616415,0.00821938135006939,linear,DINA,38
mp,0.03804953710748082,0.05203095309729559,0.005672590974345422,linear,DINA,38
MAP,0.029672427263528697,0.04226055323028092,0.007221743279094777,linear,DINA,39
mp,0.03176801047068892,0.047509680162073645,0.006958984765020371,linear,DINA,39
MAP,0.02959595570420431,0.03102731763081654,0.018996768669710836,linear,DINA,40
mp,0.031316180771333996,0.03903977523039287,0.02229773451970534,linear,DINA,40
MAP,0.032407807589752334,0.030769285032877285,0.01909972158553799,linear,DINA,41
mp,0.03488972498100925,0.03941511717283207,0.02295243654123065,linear,DINA,41
MAP,0.028462120708452845,0.03662891886541227,0.0022717881096567622,linear,DINA,42
mp,0.02991586996690002,0.043652143977544,0.003604094341572206,linear,DINA,42
MAP,0.030851581013362078,0.03739173183930511,0.021401453573496234,linear,DINA,43
mp,0.03316578876392055,0.04141969962686059,0.0235439907132849,linear,DINA,43
MAP,0.03343199031412739,0.0384620767630696,0.0072426069889500325,linear,DINA,44
mp,0.03592703473480011,0.049524326010326,0.004732364498726239,linear,DINA,44
MAP,0.03217517992457199,0.03137354045880631,0.0051550676744109005,linear,DINA,45
mp,0.03414700760027819,0.04727052744146171,0.004948430403787081,linear,DINA,45
MAP,0.03292498746851458,0.038171045767725585,0.006652300786876273,linear,DINA,46
mp,0.0355644823370519,0.04957577119804933,0.004389911236990444,linear,DINA,46
MAP,0.03491014597939987,0.04149999423371021,0.006365916786447754,linear,DINA,47
mp,0.03637546559014949,0.05235033839628297,0.006273152094111497,linear,DINA,47
MAP,NA,NA,NA,linear,DINA,48
mp,NA,NA,NA,linear,DINA,48
MAP,0.03192563658930389,0.03534208800904479,0.010740451961156467,linear,DINA,49
mp,0.03410715269537348,0.04680939873820587,0.007168190039964637,linear,DINA,49
MAP,0.037864492232410285,0.05048329305859677,0.005103185549362209,linear,DINA,50
mp,0.041352479206229364,0.05767622812942104,0.0033986230453579313,linear,DINA,50
MAP,0.030793911196039723,0.03143755310453718,0.007986852271249059,linear,DINA,51
mp,0.03307629012824974,0.04322081362652028,0.004777913227650992,linear,DINA,51
MAP,0.02590557301765616,0.03708973258227022,0.008361662893436286,linear,DINA,52
mp,0.027786340369157086,0.04284943707730609,0.0073115007259886506,linear,DINA,52
MAP,0.028939528400871068,0.0366116588640634,0.006303323646515335,linear,DINA,53
mp,0.03155071642571361,0.04306377680419572,0.005340290185088693,linear,DINA,53
MAP,0.03246541887138215,0.04237790512225788,0.00792839695586357,linear,DINA,54
mp,0.035016407061438534,0.0503685765206324,0.005632970954144792,linear,DINA,54
MAP,0.029358261345702043,0.04043660426590846,0.008560573596211294,linear,DINA,55
mp,0.031060960499358296,0.0458411230511791,0.007916834665121011,linear,DINA,55
MAP,0.036867768471495824,0.054893199515714156,0.00857069869867938,linear,DINA,56
mp,0.03887623438441037,0.061108194571716956,0.006786381258196635,linear,DINA,56
MAP,0.03335729471633373,0.039436455218429076,0.008796890712804028,linear,DINA,57
mp,0.03641355208705113,0.047935947890853065,0.007157270178467315,linear,DINA,57
MAP,0.03328122608430516,0.041114764706195066,0.004727198652973899,linear,DINA,58
mp,0.03664310699829154,0.04824059493730032,0.003642592779154827,linear,DINA,58
MAP,0.03543691242787594,0.027771413740295695,0.01124674796113057,linear,DINA,59
mp,0.038553771539962915,0.050742978290995305,0.007751600538729937,linear,DINA,59
MAP,0.032474459229202335,0.04472594752203386,0.005600178429258198,linear,DINA,60
mp,0.03412693994608822,0.05412160617235613,0.005419607812485559,linear,DINA,60
MAP,0.030164062972756523,0.0330358110117057,0.002326819334723739,linear,DINA,61
mp,0.03186412215084639,0.04148587047129584,0.0050762681743669,linear,DINA,61
MAP,0.030679241965831737,0.03209130219358791,0.002623555200927116,linear,DINA,62
mp,0.03435575827535223,0.04257603427764268,0.0029178401580751846,linear,DINA,62
MAP,0.03519244713448389,0.0417109995847715,0.0056547994842845156,linear,DINA,63
mp,0.03816901745460482,0.05199718491484328,0.003015622404614285,linear,DINA,63
MAP,0.027923552626336716,0.03770248141538069,0.008805234385871297,linear,DINA,64
mp,0.030490630114639622,0.04302082026178146,0.007013148622578214,linear,DINA,64
MAP,0.032857629774150826,0.04561421097324032,0.005912922020443204,linear,DINA,65
mp,0.03451543414890639,0.052605558927463915,0.0033685246042432938,linear,DINA,65
MAP,0.0318569104942653,0.03620326466172131,0.011492220394632808,linear,DINA,66
mp,0.03498054739718589,0.048220981425163775,0.008470363328708975,linear,DINA,66
MAP,0.03080516039289976,0.037172874642960846,0.02212654592123568,linear,DINA,67
mp,0.03266920570020782,0.04158768783317463,0.02423554093540043,linear,DINA,67
MAP,0.0340863255792813,0.04565414864686832,0.00575610158735441,linear,DINA,68
mp,0.036197126026903344,0.05253650633811776,0.004036793427176952,linear,DINA,68
MAP,0.033690386984536046,0.04062612117290662,0.0041413061791383795,linear,DINA,69
mp,0.0356398223228032,0.052141807103158834,0.0043671488365157225,linear,DINA,69
MAP,0.036697113342754745,0.02673176402556741,0.02510582000586886,linear,DINA,70
mp,0.03913995996986823,0.03109135502237111,0.028973817255760436,linear,DINA,70
MAP,0.029575260195474695,0.033656833515081384,0.009292391212040809,linear,DINA,71
mp,0.03233636785540894,0.043564629324808625,0.005518521462475434,linear,DINA,71
MAP,0.027211740559623915,0.031831134535341296,0.003792666854105478,linear,DINA,72
mp,0.029391128356061568,0.04112278120033572,0.004574044891303935,linear,DINA,72
MAP,0.03420215010303695,0.04605741615816868,0.0063597760302392115,linear,DINA,73
mp,0.03565869979953828,0.05394085653349921,0.0071086112686482746,linear,DINA,73
MAP,0.029576923201418363,0.03478309616206722,0.008855980288317682,linear,DINA,74
mp,0.03209335232161515,0.045649013269880113,0.00909241934322177,linear,DINA,74
MAP,0.033095542636837276,0.042956928874140536,0.005278934007708933,linear,DINA,75
mp,0.03615664971201483,0.04954200139125121,0.004348269140052579,linear,DINA,75
MAP,NA,NA,NA,linear,DINA,76
mp,NA,NA,NA,linear,DINA,76
MAP,0.03907877268732597,0.04984156639040792,0.009874433137764064,linear,DINA,77
mp,0.040956569482447705,0.056830027065217156,0.008143211557890027,linear,DINA,77
MAP,NA,NA,NA,linear,DINA,78
mp,NA,NA,NA,linear,DINA,78
MAP,0.03627753846674288,0.023063051124651904,0.021290515656737872,linear,DINA,79
mp,0.03844125267289907,0.030404213476313453,0.028019597641212673,linear,DINA,79
MAP,0.03462818984380183,0.03572632773507767,0.016109080901148716,linear,DINA,80
mp,0.03722875287641095,0.050285637667437585,0.010897479487355123,linear,DINA,80
MAP,0.03290213820901365,0.03466681191953136,0.009044230184770899,linear,DINA,81
mp,0.034550595458569894,0.04990839168684842,0.005226922451620822,linear,DINA,81
MAP,0.03408560365302877,0.03218325624435501,0.01879287635928128,linear,DINA,82
mp,0.03689115294127743,0.03877001193894082,0.02245791758029531,linear,DINA,82
MAP,0.03714742203200805,0.03187581209959399,0.018343152670618337,linear,DINA,83
mp,0.04010866906414231,0.0392790634338612,0.021996237150177317,linear,DINA,83
MAP,NA,NA,NA,linear,DINA,84
mp,NA,NA,NA,linear,DINA,84
MAP,0.03133329246649295,0.04206534835146764,0.005132167068049577,linear,DINA,85
mp,0.03350042119906826,0.051308037311021064,0.003269581784423606,linear,DINA,85
MAP,0.03175493980366612,0.031871577745824844,0.014261149813595553,linear,DINA,86
mp,0.033198458310129735,0.045321558486370005,0.009028876638096945,linear,DINA,86
MAP,0.03594844500569009,0.04444352041469829,0.009583903869275863,linear,DINA,87
mp,0.039391396421138945,0.05258761844397368,0.0070571823693516625,linear,DINA,87
MAP,0.03252152584335457,0.03368338580065888,0.007659649591140964,linear,DINA,88
mp,0.034290392613564494,0.04781245315665975,0.0063264589645591375,linear,DINA,88
MAP,0.028534504636828797,0.03919896253047231,0.0038851066005329694,linear,DINA,89
mp,0.030446205041745084,0.044665080168168544,0.003228372963244155,linear,DINA,89
MAP,NA,NA,NA,linear,DINA,90
mp,NA,NA,NA,linear,DINA,90
MAP,0.03012195850813131,0.040383436818740244,0.005189139552539948,linear,DINA,91
mp,0.03219705594960018,0.04678543607220653,0.005147270438082368,linear,DINA,91
MAP,0.03218344539598843,0.026648492403260532,0.016056292741638833,linear,DINA,92
mp,0.03423932899200098,0.033284186378849875,0.01930430254214859,linear,DINA,92
MAP,0.031075473793231723,0.036479842827422296,0.0029507913596276436,linear,DINA,93
mp,0.03472467048921303,0.04463620707106923,0.003285802025667287,linear,DINA,93
MAP,0.032402692348466475,0.03600681863182002,0.01609428611767741,linear,DINA,94
mp,0.034535331367372815,0.05287660491660381,0.011510389195235917,linear,DINA,94
MAP,0.034950631166318545,0.0453506410452307,0.006207829905606389,linear,DINA,95
mp,0.037213980875607455,0.052169781357272564,0.004991438595546217,linear,DINA,95
MAP,0.033205524819888955,0.042223108150432065,0.006046371724299587,linear,DINA,96
mp,0.03518615606435762,0.05221635371852582,0.009395223126056786,linear,DINA,96
MAP,NA,NA,NA,linear,DINA,97
mp,NA,NA,NA,linear,DINA,97
MAP,0.0386541056948755,0.04857012278568142,0.00646952211030429,linear,DINA,98
mp,0.04167026869501864,0.056856535921872155,0.0048831050497934484,linear,DINA,98
MAP,0.029530370157437768,0.024475925171396316,0.015240939496155244,linear,DINA,99
mp,0.032387209888853324,0.03530423530940699,0.02031643373992928,linear,DINA,99
MAP,0.03534956147609385,0.033931390949261696,0.011616694918694924,linear,DINA,100
mp,0.03921031261723577,0.04822364442603785,0.0053213971203588785,linear,DINA,100
MAP,0.14827525250271725,0.10652248714388551,0.024716813935668058,independent,DINA,1
mp,0.1550432363569425,0.15442355346068715,0.016042172276897745,independent,DINA,1
MAP,0.11289183030834336,0.08854547947859331,0.012421604728744103,independent,DINA,2
mp,0.11931958172088097,0.1199002098231375,0.010924034910537958,independent,DINA,2
MAP,0.12528056121245926,0.08993940098118086,0.027641259819644697,independent,DINA,3
mp,0.1302329183616067,0.1261484608801463,0.014251384832739158,independent,DINA,3
MAP,0.14944921234273456,0.13243922605189049,0.013288857588974218,independent,DINA,4
mp,0.15562032873251969,0.16042196531693975,0.006128285118414981,independent,DINA,4
MAP,0.1355517861160152,0.07543496416688115,0.01790612257251213,independent,DINA,5
mp,0.14369879526391818,0.1272919390924501,0.012331097030994925,independent,DINA,5
MAP,NA,NA,NA,independent,DINA,6
mp,NA,NA,NA,independent,DINA,6
MAP,0.15343689825947457,0.1179102042589386,0.03058320173472618,independent,DINA,7
mp,0.1607395144812977,0.16042291319006854,0.016898991287141535,independent,DINA,7
MAP,0.1509726943465005,0.127870191386535,0.021352855200807975,independent,DINA,8
mp,0.15735484327452798,0.17069059218438667,0.02076105122952003,independent,DINA,8
MAP,0.15135468752595568,0.11848332945335238,0.017025649266623467,independent,DINA,9
mp,0.15715054785166782,0.1623262773349849,0.009297679236580847,independent,DINA,9
MAP,0.13645248180954114,0.08878040615067415,0.01165349940501324,independent,DINA,10
mp,0.14610652769220467,0.12826702050107086,0.012829891344399904,independent,DINA,10
MAP,0.1355067195328302,0.09780070856666202,0.019777369806778175,independent,DINA,11
mp,0.14273427635091335,0.1383313850693197,0.009320420694719807,independent,DINA,11
MAP,0.13641280750019774,0.10706994513114323,0.009016526144789157,independent,DINA,12
mp,0.14143210071425866,0.1419273206509046,0.005394965528428295,independent,DINA,12
MAP,0.13667890782781555,0.1101508872817073,0.014240723190301317,independent,DINA,13
mp,0.14188348734490996,0.14360781778723114,0.013070254506959733,independent,DINA,13
MAP,0.14094390187324374,0.12073178804456895,0.00827666716375616,independent,DINA,14
mp,0.14710698683573495,0.1497610492830412,0.008260317799355155,independent,DINA,14
MAP,0.14174560956832172,0.10750594912508007,0.012062965411132774,independent,DINA,15
mp,0.1491926766886661,0.14544959836871196,0.010582739190364482,independent,DINA,15
MAP,0.11946738519831945,0.08103499502866399,0.011826345962337495,independent,DINA,16
mp,0.12411726638878748,0.12061697897901562,0.004498823552951654,independent,DINA,16
MAP,0.12623546745574332,0.0757594823372262,0.024588687951085923,independent,DINA,17
mp,0.1327915275240045,0.11700856348011246,0.01769256074742527,independent,DINA,17
MAP,0.13744758561113607,0.09430461908346091,0.012930558564168085,independent,DINA,18
mp,0.14591495324699957,0.13338635078681463,0.009135635490186294,independent,DINA,18
MAP,0.13386962074286654,0.10757872304948292,0.018025356582072723,independent,DINA,19
mp,0.13929859627825478,0.14103617710183042,0.012371256133609267,independent,DINA,19
MAP,0.132088470634231,0.11792533140379223,0.011679127226947483,independent,DINA,20
mp,0.13831188108145967,0.15034052052968275,0.006031199438674423,independent,DINA,20
MAP,NA,NA,NA,independent,DINA,21
mp,NA,NA,NA,independent,DINA,21
MAP,0.13256400867169846,0.09870931302071681,0.010450082390995381,independent,DINA,22
mp,0.140455693608586,0.13694155931934557,0.0071115457290831284,independent,DINA,22
MAP,0.12117857391580213,0.04653215577668436,0.015543031163482024,independent,DINA,23
mp,0.1285525348178251,0.10980138780106105,0.006418003175178361,independent,DINA,23
MAP,0.1296209277191483,0.10106776840304561,0.015607079183857859,independent,DINA,24
mp,0.13608055019463244,0.12883096738492622,0.013476365474119513,independent,DINA,24
MAP,0.13837667909613516,0.11035595419141794,0.017157749410881214,independent,DINA,25
mp,0.14436711589285464,0.14093141869133843,0.011737085872814567,independent,DINA,25
MAP,0.13765992404475824,0.08462848035062617,0.052456090089534856,independent,DINA,26
mp,0.14388275756637048,0.11873532400016423,0.0676722248266289,independent,DINA,26
MAP,0.12904651871005798,0.09023506547651089,0.02825767005130903,independent,DINA,27
mp,0.1348834352860543,0.13847762397895433,0.011597475070786636,independent,DINA,27
MAP,0.1297113431390212,0.10704820013371728,0.02005631454303097,independent,DINA,28
mp,0.13581721033895436,0.14403508372353424,0.017704489695846256,independent,DINA,28
MAP,0.13158551312833744,0.10070093932624768,0.0054474778910766795,independent,DINA,29
mp,0.13716816345137292,0.13624120187492528,0.008100282184201316,independent,DINA,29
MAP,0.1655944856447023,0.15258197794808576,0.01581943922099636,independent,DINA,30
mp,0.17349261094750923,0.18138835043499574,0.01154926825432635,independent,DINA,30
MAP,0.1274096214640025,0.09497919908745092,0.006322737264581849,independent,DINA,31
mp,0.13401080957291123,0.12579974774857094,0.0038274498115012903,independent,DINA,31
MAP,0.13841633477401272,0.09839244928136834,0.014249932082091174,independent,DINA,32
mp,0.143935384936923,0.13773416078431572,0.007801591889809832,independent,DINA,32
MAP,0.13073150102652217,0.10934937035166042,0.017734638278376198,independent,DINA,33
mp,0.13656495866542034,0.13425240130826527,0.018633965117749767,independent,DINA,33
MAP,0.13544476980109263,0.08784594881171497,0.00909033169700996,independent,DINA,34
mp,0.14123505377495357,0.13763527258246058,0.011311328751337722,independent,DINA,34
MAP,0.1429913220901823,0.09101859342798777,0.01970022355765234,independent,DINA,35
mp,0.1509271830131876,0.1382159894915615,0.0069782969735087035,independent,DINA,35
MAP,0.12385492733622752,0.08832553928138506,0.014275126740148896,independent,DINA,36
mp,0.12956099552187714,0.1241404217612564,0.011954240165060092,independent,DINA,36
MAP,0.1500351236503589,0.09941623146587743,0.01761762998905862,independent,DINA,37
mp,0.1583555569088156,0.15313075790580163,0.012212482537406954,independent,DINA,37
MAP,0.13354324556112798,0.10022894301988443,0.005537242707379167,independent,DINA,38
mp,0.1392091425739731,0.13230065773248958,0.00377997621962464,independent,DINA,38
MAP,0.1282546726249526,0.089389332756548,0.010797323207170108,independent,DINA,39
mp,0.1343654644166882,0.12692595411001265,0.00800433303862009,independent,DINA,39
MAP,0.14199888918258266,0.102485756136246,0.01714126053498097,independent,DINA,40
mp,0.14894958549774212,0.14364442405331757,0.013233234605358916,independent,DINA,40
MAP,NA,NA,NA,independent,DINA,41
mp,NA,NA,NA,independent,DINA,41
MAP,0.15195631343610047,0.12070929745540303,0.014767058998261855,independent,DINA,42
mp,0.15661418622662682,0.16010765779722175,0.011399611759695534,independent,DINA,42
MAP,0.13966355109847,0.10375955420431254,0.01236653167947563,independent,DINA,43
mp,0.14670931345178428,0.13973896979653774,0.009363432620155866,independent,DINA,43
MAP,0.1448697034596144,0.11197945851549514,0.016828265403159372,independent,DINA,44
mp,0.1528427528409117,0.15212878268506586,0.010103127607777079,independent,DINA,44
MAP,0.14504926745016608,0.09051382997113736,0.018025718494781833,independent,DINA,45
mp,0.15326302122407817,0.14282196642626063,0.006650350565616388,independent,DINA,45
MAP,0.13160867004981477,0.1027822157478917,0.005708163281140147,independent,DINA,46
mp,0.1364803745329833,0.1358620698649067,0.009027592916072424,independent,DINA,46
MAP,0.1324684144237241,0.09478544443067553,0.013153596992107431,independent,DINA,47
mp,0.13889203382702064,0.13749158712182347,0.00797261820319554,independent,DINA,47
MAP,0.1376909032101287,0.10233699166090243,0.016498677429001685,independent,DINA,48
mp,0.14357243764207983,0.1329180514054076,0.009666134902396532,independent,DINA,48
MAP,0.13242579983067304,0.09831340432035371,0.011249821624021546,independent,DINA,49
mp,0.13940257741299034,0.13037588907116388,0.007203123444095574,independent,DINA,49
MAP,0.14743407628066002,0.06841954692819556,0.0638845022590342,independent,DINA,50
mp,0.1542767491937206,0.09101273154026691,0.08327446349728304,independent,DINA,50
MAP,0.14947184871009414,0.09017227636614238,0.051358402186293034,independent,DINA,51
mp,0.15565323550479337,0.12414294392091167,0.06956522705283673,independent,DINA,51
MAP,0.12470038530689587,0.09387639302650419,0.009031278048604404,independent,DINA,52
mp,0.1317252197275235,0.12399299332336178,0.009623739135944654,independent,DINA,52
MAP,0.14324224952084916,0.14175272504004502,0.01589405058346859,independent,DINA,53
mp,0.1482121826290971,0.16783120860431694,0.012716392190925433,independent,DINA,53
MAP,0.15656069818122237,0.15326384902807702,0.006268345367454712,independent,DINA,54
mp,0.16321773219935737,0.17913965124596307,0.010304619331697452,independent,DINA,54
MAP,0.14306199449559426,0.09396592284615375,0.011944423101844032,independent,DINA,55
mp,0.149200186668837,0.14501302313243275,0.008063522109260698,independent,DINA,55
MAP,0.13959333028615922,0.10221773686534806,0.019629184637869952,independent,DINA,56
mp,0.14708160364351672,0.13614011942484633,0.009089994531176806,independent,DINA,56
MAP,0.14526066928510084,0.12587183192669657,0.018601674946845587,independent,DINA,57
mp,0.15410910577382683,0.154841112009777,0.01561677952622459,independent,DINA,57
MAP,0.1404945214596777,0.10053586992183079,0.008953135103234445,independent,DINA,58
mp,0.14699447426731235,0.14458819076758786,0.0046441636495598015,independent,DINA,58
MAP,0.1297856087216918,0.09098644909660512,0.009364545635907552,independent,DINA,59
mp,0.13512746666569417,0.12989929086815233,0.011129421840577868,independent,DINA,59
MAP,0.13580278493028142,0.07866159279708977,0.022158740685924,independent,DINA,60
mp,0.14438361409868042,0.12826573240615508,0.010622805903097828,independent,DINA,60
MAP,0.1333777410756672,0.09037104811092786,0.013185506951571628,independent,DINA,61
mp,0.14263609670121707,0.12767129551522427,0.012982572111348395,independent,DINA,61
MAP,0.12243424746274807,0.06015771339245527,0.014764908543780651,independent,DINA,62
mp,0.12979568962750332,0.10985108887411929,0.008294392910038985,independent,DINA,62
MAP,0.12122830015543895,0.08660580644361798,0.004342792205320477,independent,DINA,63
mp,0.12676389816955005,0.12052171825520257,0.009069252543658446,independent,DINA,63
MAP,0.13157289710132267,0.10245229355022971,0.016782709332623123,independent,DINA,64
mp,0.1384671694647188,0.13410470430121607,0.009404722902831458,independent,DINA,64
MAP,0.13935023768963933,0.09622805828781394,0.015202897883544703,independent,DINA,65
mp,0.1476745773827151,0.137373648884598,0.007495871579560281,independent,DINA,65
MAP,NA,NA,NA,independent,DINA,66
mp,NA,NA,NA,independent,DINA,66
MAP,0.13088663026096037,0.09768282617193826,0.019888186621228574,independent,DINA,67
mp,0.13774246108882196,0.13642217918149768,0.022020078433229263,independent,DINA,67
MAP,0.13376089460608423,0.09209683324053711,0.014977990756063625,independent,DINA,68
mp,0.14032890532239356,0.13108063315440902,0.01329277790980057,independent,DINA,68
MAP,0.14494607332751877,0.10293320232254394,0.014737468099399482,independent,DINA,69
mp,0.15339763813426427,0.14548119078567684,0.012956956661330545,independent,DINA,69
MAP,0.136961322369693,0.09259663708164513,0.02934719991917534,independent,DINA,70
mp,0.14127327591373823,0.1427424539180906,0.011484011256444448,independent,DINA,70
MAP,0.120233057356238,0.04737921740992432,0.044865037349590985,independent,DINA,71
mp,0.12695273941490534,0.07404047516755305,0.06797499596209843,independent,DINA,71
MAP,0.14366330486300533,0.12360362759147037,0.005962995160232076,independent,DINA,72
mp,0.15081578270720195,0.15460681305773233,0.010221764747938794,independent,DINA,72
MAP,0.13041220446974697,0.08866346800459235,0.01072875410485812,independent,DINA,73
mp,0.13589808571568096,0.13424385872202962,0.006433102112455733,independent,DINA,73
MAP,0.13012846272817022,0.09900214719990608,0.0028609012735544732,independent,DINA,74
mp,0.13585102805628854,0.13513270880025896,0.007773839964863693,independent,DINA,74
MAP,0.11844751295312472,0.05944285301976054,0.01604232932267637,independent,DINA,75
mp,0.12474508358435454,0.1083465942974537,0.006405594242856089,independent,DINA,75
MAP,0.135878841333237,0.08916463158406045,0.005434856852061363,independent,DINA,76
mp,0.14501423836592747,0.12683989839686133,0.011031562070104877,independent,DINA,76
MAP,0.14227910573034896,0.11079521573890087,0.014631436677491024,independent,DINA,77
mp,0.1517007844800063,0.14629359019566324,0.007180813219717471,independent,DINA,77
MAP,0.14922745063806475,0.1189613172110637,0.01610446515064635,independent,DINA,78
mp,0.15621267846246917,0.16319530054314527,0.010299535498688162,independent,DINA,78
MAP,0.13488943859608557,0.1010799860546099,0.01931028056736308,independent,DINA,79
mp,0.14128098839117237,0.13536889695258247,0.010460163372879656,independent,DINA,79
MAP,0.12225458479984819,0.09215249353839423,0.008386697326566016,independent,DINA,80
mp,0.12896547120090263,0.12053216320921316,0.005858708189089044,independent,DINA,80
MAP,0.12965991226563192,0.08636333169609942,0.013633309633293629,independent,DINA,81
mp,0.1361380886350738,0.1271601917719185,0.010915794232121257,independent,DINA,81
MAP,0.1405518912913194,0.10982469696661701,0.019147784220147995,independent,DINA,82
mp,0.14621009511820612,0.14198657870620293,0.009689732433301098,independent,DINA,82
MAP,0.14418954590631322,0.11412774338137982,0.02373972587067875,independent,DINA,83
mp,0.15093620580405065,0.15334769840846346,0.009830513361801983,independent,DINA,83
MAP,0.14756297512982414,0.10856028803449531,0.01126528232105544,independent,DINA,84
mp,0.15519831116625202,0.14719928993045225,0.007343789149662378,independent,DINA,84
MAP,0.13206600150182937,0.07782182526691742,0.044812214221144134,independent,DINA,85
mp,0.13706396088703868,0.1149409916716551,0.06457698583771924,independent,DINA,85
MAP,0.13136566114264625,0.11124088260363303,0.013046272271998264,independent,DINA,86
mp,0.1380761016953708,0.13641728085609828,0.013773950650800679,independent,DINA,86
MAP,0.132250024482469,0.08728851883413706,0.016776163588368784,independent,DINA,87
mp,0.13975062558344994,0.1290184715424485,0.013811968257468466,independent,DINA,87
MAP,0.1449793401308218,0.12624237080903505,0.010264354856476806,independent,DINA,88
mp,0.15096438622336034,0.1537548516461413,0.009316572242365066,independent,DINA,88
MAP,0.13482826215179844,0.09885512576289679,0.017265308718136127,independent,DINA,89
mp,0.14076382024431447,0.14287825023037556,0.012984301439919937,independent,DINA,89
MAP,0.12079436630135985,0.06413939111698662,0.01586347696742905,independent,DINA,90
mp,0.1286343499294443,0.10867272894510319,0.012645792611924727,independent,DINA,90
MAP,NA,NA,NA,independent,DINA,91
mp,NA,NA,NA,independent,DINA,91
MAP,0.14391643622550002,0.09142679815029522,0.010255612101532351,independent,DINA,92
mp,0.1526373545247433,0.14035627919669696,0.015214884596572616,independent,DINA,92
MAP,0.1407663512197439,0.11989470239309474,0.016666357668712353,independent,DINA,93
mp,0.147362945772422,0.15688517034995386,0.009300268448764599,independent,DINA,93
MAP,0.14722839602425608,0.11588324788389026,0.016220699295899504,independent,DINA,94
mp,0.15395230437564383,0.15207264360639663,0.012347901509262236,independent,DINA,94
MAP,0.14173267275578327,0.10130090036388828,0.017670043336587195,independent,DINA,95
mp,0.14866566351798516,0.15204178117093872,0.019006286250814408,independent,DINA,95
MAP,0.13441965786696214,0.09734742022605637,0.01921837792210066,independent,DINA,96
mp,0.14129409601662077,0.13321092699047782,0.01271442671328052,independent,DINA,96
MAP,0.13878750236683918,0.10336451252566078,0.01892806141371333,independent,DINA,97
mp,0.1471464813203382,0.13703925004747367,0.009457452658982657,independent,DINA,97
MAP,0.15036244368594442,0.10825911604921648,0.018299221892133757,independent,DINA,98
mp,0.1562428361840963,0.15641315174512269,0.003543017235192972,independent,DINA,98
MAP,0.12644236842091017,0.07842100373578093,0.016900612610929195,independent,DINA,99
mp,0.13392162124670992,0.1159444554211893,0.014346675038994646,independent,DINA,99
MAP,0.1344096798858897,0.09897779940986563,0.015988331017129126,independent,DINA,100
mp,0.14186269260012987,0.13486966452893243,0.013257259837384568,independent,DINA,100
MAP,0.07167763186524982,0.05704891338532723,0.01563160080654279,mvnorm,DINA,1
mp,0.07751575630510281,0.07838290582179246,0.011616568357108384,mvnorm,DINA,1
MAP,0.06574015047140595,0.04633637388273809,0.00732700578782052,mvnorm,DINA,2
mp,0.07075179044518927,0.07587949828328348,0.002050285470443835,mvnorm,DINA,2
MAP,0.059622903758840835,0.053672476147554,0.009710900792829236,mvnorm,DINA,3
mp,0.06541119025931236,0.06761111231870068,0.008510873042510811,mvnorm,DINA,3
MAP,0.07090389600882466,0.05324926505125669,0.01656571663678315,mvnorm,DINA,4
mp,0.07597777754283797,0.07416544261046973,0.0055841455325554065,mvnorm,DINA,4
MAP,0.06467073666787652,0.04790100202257966,0.008953711991042524,mvnorm,DINA,5
mp,0.06830398014586148,0.07692227862333283,0.006990867072768118,mvnorm,DINA,5
MAP,0.07035293849363047,0.05604934103320228,0.007818158940241508,mvnorm,DINA,6
mp,0.07483844060216464,0.07580390047290843,0.004665834310293897,mvnorm,DINA,6
MAP,0.07059753714012347,0.0516436588520626,0.010484105711731646,mvnorm,DINA,7
mp,0.07577855906391591,0.07589965437675407,0.005867902845418083,mvnorm,DINA,7
MAP,0.07426932386982109,0.06760629530064771,0.01163555710009757,mvnorm,DINA,8
mp,0.07867676685518177,0.0833746451059258,0.011418919890559556,mvnorm,DINA,8
MAP,0.06210705538307603,0.05353063735868101,0.009579449772402238,mvnorm,DINA,9
mp,0.06652805901477744,0.07006247414121575,0.0067840899716288365,mvnorm,DINA,9
MAP,0.07240778278182264,0.06029542482835066,0.0015704801647959596,mvnorm,DINA,10
mp,0.07817373226163728,0.07744862420288098,0.0021009888440724485,mvnorm,DINA,10
MAP,0.0700965978748687,0.06393368898011575,0.009893024041854638,mvnorm,DINA,11
mp,0.07554704758522238,0.08092447009545446,0.005839507314426433,mvnorm,DINA,11
MAP,0.07371774569555098,0.06189670941496116,0.007549275149959231,mvnorm,DINA,12
mp,0.0785454391717597,0.08143458217831541,0.007029853198137532,mvnorm,DINA,12
MAP,0.07278609817833248,0.06614698501862155,0.007831467008644084,mvnorm,DINA,13
mp,0.07725540184672619,0.08162708214265613,0.005393737216262314,mvnorm,DINA,13
MAP,0.06682736493298416,0.051252906958565186,0.004730815943109438,mvnorm,DINA,14
mp,0.0709959339303389,0.07359248639199602,0.0074763469057069955,mvnorm,DINA,14
MAP,0.07531800384240689,0.04226776435186822,0.016174069043068097,mvnorm,DINA,15
mp,0.08001755467378104,0.07995404319625488,0.007545793898540353,mvnorm,DINA,15
MAP,0.06916803693094238,0.05268438278667067,0.006968752980515125,mvnorm,DINA,16
mp,0.07347331363614662,0.07404820525890995,0.009392201084488233,mvnorm,DINA,16
MAP,0.06426998680838802,0.05134118121181563,0.005783769009992932,mvnorm,DINA,17
mp,0.0669515564715528,0.06899910980956936,0.0074496899090622055,mvnorm,DINA,17
MAP,0.07066803433210563,0.05767254893298139,0.013620005320710057,mvnorm,DINA,18
mp,0.07511285183142224,0.07952116952015245,0.011599768570253384,mvnorm,DINA,18
MAP,0.05920086718180696,0.04317140471040194,0.009750066471705286,mvnorm,DINA,19
mp,0.06365268981728908,0.06405469875352514,0.008303938813143084,mvnorm,DINA,19
MAP,0.07296919452562381,0.06552426794525522,0.011172352465912307,mvnorm,DINA,20
mp,0.07746842691916232,0.08272145660915084,0.01068006088039192,mvnorm,DINA,20
MAP,0.07039290241918801,0.05078144701185884,0.006816139892892486,mvnorm,DINA,21
mp,0.07656505947261845,0.07725446090457723,0.004758221489692025,mvnorm,DINA,21
MAP,0.06074553215005423,0.04125372805817189,0.012248361156501223,mvnorm,DINA,22
mp,0.06688769202010275,0.061576596066495244,0.0062560536483023755,mvnorm,DINA,22
MAP,0.06717918745513742,0.056388852294451945,0.004404496017863266,mvnorm,DINA,23
mp,0.0711754938330872,0.07108982141099975,0.008465404320424726,mvnorm,DINA,23
MAP,0.060990945176141155,0.03084128836979489,0.013555808633423433,mvnorm,DINA,24
mp,0.06668904609420892,0.061969842466950496,0.0029818847233568794,mvnorm,DINA,24
MAP,0.06486572932427107,0.05298996489642157,0.00694285476807591,mvnorm,DINA,25
mp,0.0679887071362363,0.07363763704659623,0.008283844896918267,mvnorm,DINA,25
MAP,0.06929876506683615,0.05518723612663455,0.006427428121079149,mvnorm,DINA,26
mp,0.07588878957290858,0.07648866705735392,0.006077367552820438,mvnorm,DINA,26
MAP,0.0678515807218889,0.04916491124878647,0.003900488646855384,mvnorm,DINA,27
mp,0.07257099064494554,0.07230138183772741,0.005692881899218669,mvnorm,DINA,27
MAP,0.0658889865478427,0.03918854783258653,0.012872818122552407,mvnorm,DINA,28
mp,0.07031415703484947,0.06848922771193283,0.00866183321890538,mvnorm,DINA,28
MAP,0.07619810862191714,0.06257318462864543,0.007275582378105036,mvnorm,DINA,29
mp,0.0809277715657328,0.0824109352468861,0.002766331022147665,mvnorm,DINA,29
MAP,0.06264089714279365,0.04171843252872327,0.0126276502081609,mvnorm,DINA,30
mp,0.06700602121274948,0.07168804097842683,0.010512181504475176,mvnorm,DINA,30
MAP,0.06174991599479685,0.03497453230216065,0.009416789065416497,mvnorm,DINA,31
mp,0.0671558747503442,0.06435776411063268,0.005230676549237303,mvnorm,DINA,31
MAP,0.07760046240627652,0.06743103129814428,0.011383361470009064,mvnorm,DINA,32
mp,0.08220938368739225,0.0884051252487491,0.005153331729848272,mvnorm,DINA,32
MAP,0.07387903557311817,0.059864720269777856,0.008524578176890178,mvnorm,DINA,33
mp,0.07901124067183755,0.07876106825504942,0.008244702658694964,mvnorm,DINA,33
MAP,0.06584998460530912,0.03626743107110844,0.007833962451560747,mvnorm,DINA,34
mp,0.07188153753114192,0.06698033976564287,0.0026581947277923117,mvnorm,DINA,34
MAP,0.07151788391146546,0.06035628869574897,0.01826832455852388,mvnorm,DINA,35
mp,0.07716175759933189,0.07670211709422847,0.00986218431823041,mvnorm,DINA,35
MAP,0.062359256689604674,0.04482603096555213,0.012445799672049871,mvnorm,DINA,36
mp,0.06721366914698111,0.06747446663425025,0.008443479300200953,mvnorm,DINA,36
MAP,0.06662360918740816,0.04662478266889251,0.010435852887127853,mvnorm,DINA,37
mp,0.0705824966632761,0.07406567209712425,0.002553659298778438,mvnorm,DINA,37
MAP,0.06914295098617655,0.05872251162101587,0.013753797169948954,mvnorm,DINA,38
mp,0.07361578413989305,0.08069215649426374,0.007006311564836224,mvnorm,DINA,38
MAP,0.06929260940810993,0.054286000971950674,0.00953820578441776,mvnorm,DINA,39
mp,0.07438606928722868,0.07560945404444626,0.007992526770879704,mvnorm,DINA,39
MAP,0.06910266753792686,0.04753271301144784,0.014831642499206734,mvnorm,DINA,40
mp,0.07283225147029011,0.0745572163748283,0.006396496552927352,mvnorm,DINA,40
MAP,0.06757231164867579,0.0461226655000029,0.006886650564311195,mvnorm,DINA,41
mp,0.07272268893114726,0.07079665142718865,0.0040810029296754384,mvnorm,DINA,41
MAP,0.053837829027454126,0.039557196420354004,0.00821697049808631,mvnorm,DINA,42
mp,0.057548362928316374,0.06184444656244059,0.00617634849732453,mvnorm,DINA,42
MAP,0.07569609740616336,0.05100507667554478,0.014818139578459172,mvnorm,DINA,43
mp,0.07994423420700113,0.08255017386279824,0.008787258864748163,mvnorm,DINA,43
MAP,0.07578659437911006,0.05524338147850977,0.013417226383635133,mvnorm,DINA,44
mp,0.08205743791013423,0.08508244447459408,0.00697822135954673,mvnorm,DINA,44
MAP,0.06731592701034904,0.05557489230972383,0.011504585451132959,mvnorm,DINA,45
mp,0.07299558657094601,0.07532427781457463,0.007753678617375889,mvnorm,DINA,45
MAP,0.07459013689875821,0.06564019611090542,0.010924306004081799,mvnorm,DINA,46
mp,0.0787460852576948,0.08537451343269796,0.00407880853443356,mvnorm,DINA,46
MAP,0.07635185079196452,0.07240558797324004,0.010156074480073482,mvnorm,DINA,47
mp,0.08357250843026506,0.0894471453554217,0.002806849738338384,mvnorm,DINA,47
MAP,0.06166530091760972,0.05436223549173984,0.003922100092270439,mvnorm,DINA,48
mp,0.06515414722414326,0.07136223947912654,0.00406957324636684,mvnorm,DINA,48
MAP,0.06804907375660231,0.05758178592197815,0.006015000591975878,mvnorm,DINA,49
mp,0.07337059228255127,0.07562562848588861,0.005466616884708582,mvnorm,DINA,49
MAP,0.07848863810318277,0.06383338311245505,0.015344961422591409,mvnorm,DINA,50
mp,0.08273873560194497,0.08910122374597516,0.006959049414961818,mvnorm,DINA,50
MAP,0.07091757953118229,0.05620067750731756,0.013815196617858268,mvnorm,DINA,51
mp,0.07450132847742885,0.07904247918883711,0.008234656174633379,mvnorm,DINA,51
MAP,0.062336862864034503,0.04650032360262912,0.007500294788834565,mvnorm,DINA,52
mp,0.06811057307213375,0.06643080442980213,0.005408768002606402,mvnorm,DINA,52
MAP,0.06293002804038116,0.05313954253104306,0.006060811245753024,mvnorm,DINA,53
mp,0.06709751916619192,0.07283823268866617,0.005008184557036253,mvnorm,DINA,53
MAP,0.06482219967015697,0.04601866816758004,0.010245111774042123,mvnorm,DINA,54
mp,0.06847090362188518,0.07487694025225712,0.008857977393958558,mvnorm,DINA,54
MAP,0.05565603667534629,0.04359869032533855,0.00830434030066017,mvnorm,DINA,55
mp,0.059273615173144854,0.0685128268164508,0.009591865932041666,mvnorm,DINA,55
MAP,0.06880532686774037,0.04305343985712094,0.005654049441506066,mvnorm,DINA,56
mp,0.07448774487564634,0.07025812065214943,0.0018349148935860877,mvnorm,DINA,56
MAP,0.057093896151296356,0.04351879032877269,0.0054807499727516865,mvnorm,DINA,57
mp,0.06086716139758379,0.05986354577229491,0.005233593243955864,mvnorm,DINA,57
MAP,0.07232354902797351,0.05876720040831793,0.009686780819840502,mvnorm,DINA,58
mp,0.07663289086544782,0.0797998107864821,0.00456171247282979,mvnorm,DINA,58
MAP,0.06448895130022438,0.05053427428706244,0.01050844561490652,mvnorm,DINA,59
mp,0.06836542114128441,0.06976263592646074,0.010589469231068746,mvnorm,DINA,59
MAP,0.06277509955642359,0.039108466507061485,0.012005529960834926,mvnorm,DINA,60
mp,0.06724680474202953,0.06814435863726284,0.004628140291027112,mvnorm,DINA,60
MAP,0.06174212962466447,0.050654337816998136,0.0037342640797456647,mvnorm,DINA,61
mp,0.0656890340795345,0.06873859922553924,0.003801664925717665,mvnorm,DINA,61
MAP,0.06440207516713757,0.05531071603153474,0.00516034646412473,mvnorm,DINA,62
mp,0.06796967312491164,0.0757896915492329,0.00732576945379987,mvnorm,DINA,62
MAP,0.06969867363649176,0.05101090348188329,0.008533099702604647,mvnorm,DINA,63
mp,0.07479046347323019,0.07647891095173921,0.009465385389791699,mvnorm,DINA,63
MAP,0.06621762335411348,0.04258659281132899,0.01660578594808893,mvnorm,DINA,64
mp,0.07204048640563207,0.06849573726227587,0.006300803018630704,mvnorm,DINA,64
MAP,0.07255556884036427,0.06345078300442708,0.007031359176859692,mvnorm,DINA,65
mp,0.07850942094643955,0.08257061448750716,0.006628526237130549,mvnorm,DINA,65
MAP,0.07658564300120249,0.06225905617512963,0.004542281356286194,mvnorm,DINA,66
mp,0.08254014968607849,0.08542046528665197,0.005370624205921573,mvnorm,DINA,66
MAP,0.06197888834136815,0.046267166050854625,0.01018605202605031,mvnorm,DINA,67
mp,0.067805006025800807,0.06859690422862211,0.00930180582583096,mvnorm,DINA,67
MAP,0.0649520229232958,0.03752346292405104,0.01119993984750725,mvnorm,DINA,68
mp,0.07014245161094178,0.07206327520140003,0.003102573819794778,mvnorm,DINA,68
MAP,0.0755580159136343,0.06874155685087055,0.01198422227243641,mvnorm,DINA,69
mp,0.07988036394629391,0.08461909527186644,0.009571193059353776,mvnorm,DINA,69
MAP,0.06853705262070126,0.052108851588525136,0.008772119074859643,mvnorm,DINA,70
mp,0.07236614808834649,0.07466176254742243,0.004665532696306056,mvnorm,DINA,70
MAP,0.06726191045651657,0.05065464243422465,0.014515332540232432,mvnorm,DINA,71
mp,0.07247300177233024,0.07446018233104583,0.007880122832217883,mvnorm,DINA,71
MAP,0.07228828898798471,0.049228451074752475,0.011941735667517552,mvnorm,DINA,72
mp,0.07972281416307421,0.07481278960455129,0.007813795559563338,mvnorm,DINA,72
MAP,0.07327777936045979,0.05210993532416133,0.008358134217522255,mvnorm,DINA,73
mp,0.07615044232659268,0.0832805772467277,0.006998240700593888,mvnorm,DINA,73
MAP,0.0599940291233763,0.05137303871947814,0.007302615191531463,mvnorm,DINA,74
mp,0.06403919416591504,0.07108820042392383,0.0026873746170074197,mvnorm,DINA,74
MAP,0.06312801566686112,0.0497745450975856,0.01431672180547864,mvnorm,DINA,75
mp,0.06942455469096907,0.06799653368990353,0.00683156785192201,mvnorm,DINA,75
MAP,0.06820174363817842,0.05561912811680832,0.013072696199511206,mvnorm,DINA,76
mp,0.07257509642973205,0.07288835333619274,0.011268135302856246,mvnorm,DINA,76
MAP,0.05657931361283281,0.04087694967607094,0.006366486341503468,mvnorm,DINA,77
mp,0.062105745726273594,0.05865249501107,0.004084401174726348,mvnorm,DINA,77
MAP,0.06790841072026502,0.050688123968478084,0.01677171198269291,mvnorm,DINA,78
mp,0.07215042752502934,0.07436152565401605,0.0070688622500933215,mvnorm,DINA,78
MAP,0.06036414546984325,0.043911539975713294,0.008128115078109118,mvnorm,DINA,79
mp,0.06488079148513909,0.06468906336102558,0.007700239538238834,mvnorm,DINA,79
MAP,0.06052604785716166,0.043568652591066306,0.010794005631860946,mvnorm,DINA,80
mp,0.06478842554897153,0.06634405073291977,0.003946633188377818,mvnorm,DINA,80
MAP,0.0748939753884472,0.06972888079804505,0.018504801272051674,mvnorm,DINA,81
mp,0.07944589628333214,0.08545537540970369,0.014374741390608363,mvnorm,DINA,81
MAP,0.07877558078196352,0.06224177257355022,0.007779347387332941,mvnorm,DINA,82
mp,0.08309397980836657,0.0852887586023625,0.009361235501221657,mvnorm,DINA,82
MAP,0.0728062014120798,0.05781934623684615,0.011207773234034334,mvnorm,DINA,83
mp,0.07670401287781274,0.07915210974367612,0.006696112229407575,mvnorm,DINA,83
MAP,0.07146753684649436,0.06005234271242515,0.01223414617012192,mvnorm,DINA,84
mp,0.07601491927422796,0.07766024227949558,0.009808023158558003,mvnorm,DINA,84
MAP,0.0724842469490781,0.05727264475900196,0.01812366933475109,mvnorm,DINA,85
mp,0.07791349538333228,0.08020873628259106,0.010282009280466551,mvnorm,DINA,85
MAP,0.0631084148815449,0.0487430782118961,0.011529955750845478,mvnorm,DINA,86
mp,0.06814460929554925,0.06924912217347182,0.008955283821665678,mvnorm,DINA,86
MAP,0.0626874565872253,0.05522747559517519,0.006601450930128291,mvnorm,DINA,87
mp,0.06770262566394444,0.06660505877385332,0.005683033172474578,mvnorm,DINA,87
MAP,0.064924167538263,0.05576579499327501,0.008170040446051805,mvnorm,DINA,88
mp,0.06940956971976142,0.07362615822080766,0.004219761845466156,mvnorm,DINA,88
MAP,0.06738915613086953,0.06512806546163492,0.0070379877933973165,mvnorm,DINA,89
mp,0.07110795185202845,0.07866207949822622,0.007323473544831871,mvnorm,DINA,89
MAP,0.0656384523420292,0.05812913668526169,0.006440360073041733,mvnorm,DINA,90
mp,0.06980054322323702,0.07753892408014118,0.004837834160449341,mvnorm,DINA,90
MAP,0.06833789015744766,0.05409057070419735,0.01397935651826335,mvnorm,DINA,91
mp,0.07366831562485121,0.07573657346908311,0.009018722707554192,mvnorm,DINA,91
MAP,0.06838226271955887,0.05700167282023339,0.013694773483136375,mvnorm,DINA,92
mp,0.07338219283246364,0.07561587492097639,0.007923808318261692,mvnorm,DINA,92
MAP,0.0676256901516813,0.06204643124564229,0.007848653218281253,mvnorm,DINA,93
mp,0.07192065204524992,0.07764900934952929,0.0031792669158485576,mvnorm,DINA,93
MAP,0.0684266168214689,0.04490706368080561,0.011749196158234568,mvnorm,DINA,94
mp,0.07406200226088522,0.07221878844202617,0.00723800311799694,mvnorm,DINA,94
MAP,0.05872908227127289,0.04522742761623186,0.01045972964567972,mvnorm,DINA,95
mp,0.06333812306986421,0.06697056941012847,0.006228388324859305,mvnorm,DINA,95
MAP,0.06715241590463177,0.03322050303053969,0.011712714485118632,mvnorm,DINA,96
mp,0.07158696074511452,0.06661876426216955,0.004135528046300922,mvnorm,DINA,96
MAP,0.06606310771250368,0.05371455846565948,0.0070327319916973895,mvnorm,DINA,97
mp,0.07015408204251279,0.07323180733041325,0.0063633648847335285,mvnorm,DINA,97
MAP,0.0665785816325514,0.05345279046297717,0.01354234956067557,mvnorm,DINA,98
mp,0.07145265222558461,0.0733486506242935,0.0083653693820362,mvnorm,DINA,98
MAP,0.07295410579270069,0.05951869795421833,0.013035371771702537,mvnorm,DINA,99
mp,0.07868072304167043,0.07912212753839101,0.008043415024468823,mvnorm,DINA,99
MAP,0.06316784103354883,0.041146478218027964,0.004893726299166676,mvnorm,DINA,100
mp,0.06617078554818652,0.06697245838694045,0.006446807945604413,mvnorm,DINA,100
MAP,0.07795270881290954,0.0579660467334074,0.013406833144402875,higher.order,DINA,1
mp,0.0830299643933435,0.08465576630750883,0.009141900223665412,higher.order,DINA,1
MAP,0.08476712724832758,0.05344085737981599,0.015032607255133303,higher.order,DINA,2
mp,0.090829002981395,0.08752817516912718,0.008182144988851402,higher.order,DINA,2
MAP,0.08287318580710103,0.06289075719230144,0.004648473861016706,higher.order,DINA,3
mp,0.08896140792083769,0.08844605243772649,0.0023498747072413667,higher.order,DINA,3
MAP,0.07552894153237438,0.04759480112591629,0.011605372503766686,higher.order,DINA,4
mp,0.08244807165252871,0.07083532315705478,0.006716610062186196,higher.order,DINA,4
MAP,0.07550605826366048,0.03805719253004063,0.03702414560448599,higher.order,DINA,5
mp,0.07966775458882555,0.052265023825798354,0.04910580205815397,higher.order,DINA,5
MAP,0.09142955197569927,0.07640115486370125,0.013979943142975581,higher.order,DINA,6
mp,0.09620277158046171,0.10046646947686226,0.010762504750936113,higher.order,DINA,6
MAP,NA,NA,NA,higher.order,DINA,7
mp,NA,NA,NA,higher.order,DINA,7
MAP,0.07492965976805069,0.053879713528842264,0.012414132439566955,higher.order,DINA,8
mp,0.07877719506488776,0.08530220471497002,0.010290676772871103,higher.order,DINA,8
MAP,0.07816949814663075,0.04672041475171331,0.01252919490515872,higher.order,DINA,9
mp,0.0821635061395499,0.07852477254937076,0.003912304891458521,higher.order,DINA,9
MAP,0.0920904838936267,0.07896239329163794,0.009009192269945508,higher.order,DINA,10
mp,0.09634797519184053,0.10147086025839126,0.008036973991750195,higher.order,DINA,10
MAP,0.07445986291115304,0.04456747085625388,0.012662123697575717,higher.order,DINA,11
mp,0.07848247581053375,0.07664690135273342,0.009387907969552389,higher.order,DINA,11
MAP,0.07811700404220218,0.05839757207701834,0.005518098594676353,higher.order,DINA,12
mp,0.08332321150741165,0.0809705349920175,0.002481280776220477,higher.order,DINA,12
MAP,0.08110731902745358,0.05203760280915848,0.02162715013763314,higher.order,DINA,13
mp,0.08957578145185544,0.08081234661080271,0.006181056780855528,higher.order,DINA,13
MAP,0.06856054038717388,0.05329601406733384,0.00869542718823514,higher.order,DINA,14
mp,0.07480423647559548,0.07416330652672945,0.009002740398579078,higher.order,DINA,14
MAP,0.07668454620961382,0.05360078919160961,0.022212457898329162,higher.order,DINA,15
mp,0.08065399107696446,0.08625192682781428,0.01166025248870099,higher.order,DINA,15
MAP,0.07615193420357108,0.06581118582281995,0.020393957806176168,higher.order,DINA,16
mp,0.081218349046939,0.08624835243027355,0.011254263712594132,higher.order,DINA,16
MAP,0.08703664418440046,0.04139239332131283,0.010938512325201277,higher.order,DINA,17
mp,0.09251546036238904,0.08339654531581027,0.004437439123969589,higher.order,DINA,17
MAP,0.08381542711986323,0.07454006536288109,0.011042905870212323,higher.order,DINA,18
mp,0.08764683924842197,0.09297847788646747,0.006698849131994176,higher.order,DINA,18
MAP,0.0729194797597678,0.05944366516087477,0.013140728982511635,higher.order,DINA,19
mp,0.07832722287629558,0.07716689102152029,0.0110865648415969,higher.order,DINA,19
MAP,0.08335093026133546,0.05542768201713815,0.00935507065760951,higher.order,DINA,20
mp,0.0891364366468603,0.08168574221447865,0.006627160380269813,higher.order,DINA,20
MAP,0.07341732820935816,0.057945161597737646,0.017215947792875313,higher.order,DINA,21
mp,0.07788852819259809,0.07746085215387852,0.01133221582446735,higher.order,DINA,21
MAP,0.07208660529165757,0.05307366644841288,0.015235431134778371,higher.order,DINA,22
mp,0.07705975618159162,0.07228240553556287,0.01013209659388946,higher.order,DINA,22
MAP,0.07976750683207773,0.06426220214285379,0.01230753625362413,higher.order,DINA,23
mp,0.0850063843065583,0.08456287065306561,0.00851365750897451,higher.order,DINA,23
MAP,0.07118292949606043,0.044494861595108064,0.0073549959039726645,higher.order,DINA,24
mp,0.07740802255545859,0.07178435596674221,0.006461806612728755,higher.order,DINA,24
MAP,0.0772330302291022,0.0630317917788038,0.01236940602212723,higher.order,DINA,25
mp,0.0835894254595611,0.08334669091742265,0.010083159018436488,higher.order,DINA,25
MAP,0.08493563703663917,0.06607523650794078,0.009152655223639429,higher.order,DINA,26
mp,0.08998050372963563,0.09095704353264146,0.0077817805448438665,higher.order,DINA,26
MAP,0.0722667278121326,0.03809473220234139,0.022339034700785507,higher.order,DINA,27
mp,0.07629338774065655,0.05837201458448231,0.03298408687459303,higher.order,DINA,27
MAP,0.07423125778042093,0.054920212809010785,0.006201673935938763,higher.order,DINA,28
mp,0.08050331716450126,0.07505453067968214,0.00693350487533535,higher.order,DINA,28
MAP,0.07666921626575307,0.0634107903712008,0.013927175629056588,higher.order,DINA,29
mp,0.08116989071746121,0.081249984062621,0.00756901600986285,higher.order,DINA,29
MAP,0.07763047596255128,0.056992910436121536,0.012027576433998564,higher.order,DINA,30
mp,0.0817993242949424,0.08252424505645749,0.003175601065991919,higher.order,DINA,30
MAP,0.07992499082357969,0.04941989929406469,0.010822151510005052,higher.order,DINA,31
mp,0.08701515146723988,0.07408954559498071,0.007978015029493888,higher.order,DINA,31
MAP,0.0803900379566304,0.04668288491091522,0.019549950225902293,higher.order,DINA,32
mp,0.08656627412390526,0.07675877897184986,0.007864697080171209,higher.order,DINA,32
MAP,0.08060328026305642,0.06490139022303065,0.014498768997180774,higher.order,DINA,33
mp,0.0867334578043638,0.08263986152025876,0.008935224965544518,higher.order,DINA,33
MAP,0.08826456512696011,0.06043137308159239,0.024131130847080066,higher.order,DINA,34
mp,0.09322244218672057,0.10113904021987814,0.011863419278191737,higher.order,DINA,34
MAP,0.07611364271710726,0.042198310301079706,0.011885974068197571,higher.order,DINA,35
mp,0.08157815263053604,0.0775364754044607,0.00544288870619429,higher.order,DINA,35
MAP,0.07004833107375733,0.05059832727199633,0.010330895299648857,higher.order,DINA,36
mp,0.07460414282496024,0.07380320028953787,0.007139131754562203,higher.order,DINA,36
MAP,0.08024542833141787,0.05296003087955817,0.021749094699143604,higher.order,DINA,37
mp,0.08522063365270824,0.09054115561717552,0.01658399050956271,higher.order,DINA,37
MAP,0.07133643565087504,0.046318317555906784,0.008197476585220543,higher.order,DINA,38
mp,0.07616439095186645,0.07160304191936834,0.00877705483314729,higher.order,DINA,38
MAP,0.07548443404610798,0.05439016646870932,0.01090472583388941,higher.order,DINA,39
mp,0.07988120810311479,0.07825380234840504,0.008969553680349284,higher.order,DINA,39
MAP,0.07045441664151765,0.044392621094442135,0.00666163083123166,higher.order,DINA,40
mp,0.07764599783800974,0.06591254655704665,0.010717993309223415,higher.order,DINA,40
MAP,0.07075071826497477,0.05716762598995223,0.011764726314893089,higher.order,DINA,41
mp,0.07558068065757102,0.07360245363337657,0.010063475859686496,higher.order,DINA,41
MAP,0.08526630085813573,0.04779349337215998,0.01469156538447414,higher.order,DINA,42
mp,0.08922664475357618,0.0936480281464057,0.0041730986620743685,higher.order,DINA,42
MAP,0.07520622449104593,0.05823976441653901,0.009418864302837443,higher.order,DINA,43
mp,0.0816319242055286,0.07641931763552821,0.004207315745155348,higher.order,DINA,43
MAP,0.07048192382238815,0.04172916450644208,0.01521263971687565,higher.order,DINA,44
mp,0.07494903516697643,0.07238104713761392,0.011309036298206322,higher.order,DINA,44
MAP,0.06981478937827484,0.046137312058623835,0.004783575335225313,higher.order,DINA,45
mp,0.07771973213251043,0.0674239548366851,0.00530589906551396,higher.order,DINA,45
MAP,0.07737506389112701,0.05267857190287722,0.009886834012991648,higher.order,DINA,46
mp,0.08154485946777743,0.07747398717173246,0.00818777020653761,higher.order,DINA,46
MAP,0.07774164761439172,0.058290191116431155,0.010046141592781733,higher.order,DINA,47
mp,0.08485469569587034,0.08350750329465917,0.00597827666206885,higher.order,DINA,47
MAP,0.0828471316446655,0.039096720726459554,0.018674393179860912,higher.order,DINA,48
mp,0.08918644290829285,0.07646074997975208,0.009578662262877893,higher.order,DINA,48
MAP,0.07862926519761675,0.06454502662313275,0.009488908035444605,higher.order,DINA,49
mp,0.0828934316534282,0.08257454081496823,0.006803654716380275,higher.order,DINA,49
MAP,0.07344240152349457,0.04952099119608402,0.012931033705101836,higher.order,DINA,50
mp,0.08084515684924415,0.07447862465024664,0.01067626313160331,higher.order,DINA,50
MAP,0.07361603703949471,0.044044728542178245,0.009641317989776126,higher.order,DINA,51
mp,0.07800533934832375,0.07403993975825121,0.009212606212837132,higher.order,DINA,51
MAP,0.07745614760417285,0.0352178705508243,0.01501356830066785,higher.order,DINA,52
mp,0.08264943168408904,0.07376057024841462,0.009775126619706316,higher.order,DINA,52
MAP,0.08324825946535161,0.05184997820305311,0.021147424341138296,higher.order,DINA,53
mp,0.0894832259464065,0.08118205216804118,0.01435301786832383,higher.order,DINA,53
MAP,0.07614527089375507,0.044905999366986575,0.008608607985946716,higher.order,DINA,54
mp,0.08236439337339366,0.07419942381690472,0.00696927309745545,higher.order,DINA,54
MAP,0.07797673751594827,0.06574154803691526,0.01290120556203741,higher.order,DINA,55
mp,0.0825726167463536,0.08648001608367355,0.009050088377723661,higher.order,DINA,55
MAP,0.07350606077116606,0.05464266063259409,0.015777860321011455,higher.order,DINA,56
mp,0.07934671183053714,0.07704512078893289,0.010110688551855604,higher.order,DINA,56
MAP,0.06784874461617493,0.0339961109368391,0.02419207201783148,higher.order,DINA,57
mp,0.07239636432550875,0.06921646129279496,0.006013461139371798,higher.order,DINA,57
MAP,0.07435103310989603,0.062121156122116626,0.004009958022118796,higher.order,DINA,58
mp,0.07977998503148505,0.08016017748166174,0.0018528996072655075,higher.order,DINA,58
MAP,0.08144630117714066,0.03838981603311141,0.03814055710760084,higher.order,DINA,59
mp,0.08674147985834127,0.05304128728421925,0.048904470584917044,higher.order,DINA,59
MAP,NA,NA,NA,higher.order,DINA,60
mp,NA,NA,NA,higher.order,DINA,60
MAP,0.08520380178604614,0.07178578212299618,0.010691616401889896,higher.order,DINA,61
mp,0.08998141551409446,0.09275974795797773,0.007853196760458347,higher.order,DINA,61
MAP,0.07454001640519899,0.052309090002068,0.01513694427220608,higher.order,DINA,62
mp,0.07853135342112061,0.07998076650980296,0.010950531875175265,higher.order,DINA,62
MAP,0.06970699610864313,0.04593983172900655,0.012614860885254755,higher.order,DINA,63
mp,0.07490331393500615,0.07284757831038514,0.0029543581495949977,higher.order,DINA,63
MAP,0.08166199700956718,0.05817570154229005,0.011446357614680677,higher.order,DINA,64
mp,0.08950309464133692,0.08255758438139897,0.012644373611715668,higher.order,DINA,64
MAP,0.0797008249721884,0.06311025294158186,0.0142917573461437,higher.order,DINA,65
mp,0.08438449372152675,0.08471151804286897,0.009257225777593846,higher.order,DINA,65
MAP,0.08297369595124862,0.06482573697074802,0.011249385683011488,higher.order,DINA,66
mp,0.08678128438522802,0.08901299832458039,0.009533411854381413,higher.order,DINA,66
MAP,0.07371132353598582,0.03493645049657849,0.006701724211778439,higher.order,DINA,67
mp,0.07981157920772125,0.07142356666442429,0.003855704509826511,higher.order,DINA,67
MAP,0.08004450824214418,0.03990185734941226,0.016792399593847325,higher.order,DINA,68
mp,0.08396894967024532,0.07839806865445986,0.010652017908151037,higher.order,DINA,68
MAP,0.07210579915070485,0.053798472624234706,0.010738123113102082,higher.order,DINA,69
mp,0.07733209418900389,0.07141751820400415,0.012248158674189791,higher.order,DINA,69
MAP,0.07885561335568729,0.060161451541035645,0.01580508599753344,higher.order,DINA,70
mp,0.0854844115995845,0.08135807589303344,0.011334024870237916,higher.order,DINA,70
MAP,0.07624679093567589,0.04496942643092359,0.00903038424828915,higher.order,DINA,71
mp,0.08163843210257116,0.07581427033955704,0.005918043810709467,higher.order,DINA,71
MAP,0.08322456561902558,0.06123702229263397,0.015997217190616607,higher.order,DINA,72
mp,0.08810593804913504,0.08763005817897963,0.012203452582565588,higher.order,DINA,72
MAP,0.080820541963329,0.06881375339354658,0.00926735424437237,higher.order,DINA,73
mp,0.0855005148845655,0.08758014098233051,0.005759354478448013,higher.order,DINA,73
MAP,0.06691792416535108,0.04053612876134657,0.006004218737966095,higher.order,DINA,74
mp,0.07299280834977497,0.06841949692594629,0.004411057518547651,higher.order,DINA,74
MAP,0.08236470968490724,0.07020349816753027,0.0153799324421892,higher.order,DINA,75
mp,0.08793077150349869,0.0950764417617967,0.005353150005445677,higher.order,DINA,75
MAP,0.07527782277054362,0.05242199637848648,0.017228905650338546,higher.order,DINA,76
mp,0.08146097415252952,0.07951001713958696,0.009577763220338601,higher.order,DINA,76
MAP,0.07602349875065943,0.04285645222637511,0.008776856299838955,higher.order,DINA,77
mp,0.0807159910137377,0.07608350309789684,0.005620717802224318,higher.order,DINA,77
MAP,0.08194164602449712,0.05555263027990239,0.006651104207370455,higher.order,DINA,78
mp,0.0882471890450095,0.08246276104316173,0.00355465527032908,higher.order,DINA,78
MAP,0.08109680261927715,0.04711544279466324,0.013310509058381895,higher.order,DINA,79
mp,0.08696871660598583,0.08132670445065375,0.0033425875007197675,higher.order,DINA,79
MAP,0.07164054309416643,0.057035406693918864,0.034293277933841744,higher.order,DINA,80
mp,0.07610038034087685,0.07102524983030738,0.040690003931452626,higher.order,DINA,80
MAP,0.08457826531178748,0.06257252861899179,0.008825667790862432,higher.order,DINA,81
mp,0.08990887954957438,0.0897338500211365,0.0033285855193001673,higher.order,DINA,81
MAP,0.07958347632771043,0.05847709125088455,0.010917530939738867,higher.order,DINA,82
mp,0.0836335349113235,0.08737979740649279,0.00973995885963373,higher.order,DINA,82
MAP,0.07031509161020708,0.04766838721979612,0.007458756110893303,higher.order,DINA,83
mp,0.07606637861866933,0.07188774795154369,0.0047059409563008974,higher.order,DINA,83
MAP,0.0869794031904831,0.051373226598792864,0.011908638340151469,higher.order,DINA,84
mp,0.09450635021373531,0.08510352157687161,0.007330473485661104,higher.order,DINA,84
MAP,0.08762695473007379,0.0509743824600422,0.017832374196795925,higher.order,DINA,85
mp,0.09467765562532184,0.08464131113908671,0.006572676663850433,higher.order,DINA,85
MAP,0.08806858627073284,0.0669193858750754,0.01731320819169868,higher.order,DINA,86
mp,0.0936148502475563,0.097002086517439,0.011909244000173475,higher.order,DINA,86
MAP,0.07994775773706139,0.052012099798764456,0.007598046811103374,higher.order,DINA,87
mp,0.0866865368480392,0.08166905954641425,0.006852591725360174,higher.order,DINA,87
MAP,0.07316450950231737,0.05081655703993185,0.0025979427330772025,higher.order,DINA,88
mp,0.07846264149639924,0.07681963240308158,0.0023900218601918483,higher.order,DINA,88
MAP,0.08756690274266468,0.05988910715101187,0.008209555645435048,higher.order,DINA,89
mp,0.09412420125973403,0.08642623254793967,0.006343783700671529,higher.order,DINA,89
MAP,0.08177231751855436,0.06028561559804727,0.010994294242033962,higher.order,DINA,90
mp,0.08638544568064989,0.08520433608317535,0.006549312111204056,higher.order,DINA,90
MAP,0.07791708808643771,0.058449023127951215,0.007227830003740454,higher.order,DINA,91
mp,0.08576134829748808,0.08354835244700952,0.0088131607524895815,higher.order,DINA,91
MAP,0.06979181215597842,0.05300622079977798,0.00856007370277218,higher.order,DINA,92
mp,0.07413776166752283,0.0718844149530678,0.0028465423001559666,higher.order,DINA,92
MAP,0.06809529311617477,0.05365583723162864,0.016342018144834224,higher.order,DINA,93
mp,0.07272438716007408,0.07343058815793989,0.012261383329609408,higher.order,DINA,93
MAP,0.08656173173603285,0.07498527383704538,0.008000541481149388,higher.order,DINA,94
mp,0.09090394573024914,0.0979653831839929,0.0056084101085325695,higher.order,DINA,94
MAP,0.0746582898384065,0.05974378962656158,0.009467756479895912,higher.order,DINA,95
mp,0.07968440214339856,0.08048332100643332,0.005504184170394703,higher.order,DINA,95
MAP,0.07985939744889614,0.05706998298405584,0.012147303508392304,higher.order,DINA,96
mp,0.0875413189728803,0.08317757602562888,0.008692483416011193,higher.order,DINA,96
MAP,0.08078098327756779,0.06148919596284693,0.012557410024928295,higher.order,DINA,97
mp,0.0851879504098416,0.08848484585952644,0.011562512553631304,higher.order,DINA,97
MAP,0.08749572833436617,0.0692116766864546,0.009084661301373951,higher.order,DINA,98
mp,0.09273300715706065,0.09437244632053528,0.005834562089612862,higher.order,DINA,98
MAP,0.077015881018202,0.056546644654054616,0.015432497985528544,higher.order,DINA,99
mp,0.0812658197695481,0.0815105146561931,0.007918866982065023,higher.order,DINA,99
MAP,0.07299278012194732,0.04632533865388304,0.012741052757593511,higher.order,DINA,100
mp,0.07802250976406089,0.07561650766452442,0.011658867901755927,higher.order,DINA,100
MAP,0.05339402652873067,0.059337561586728274,0.0141421474044266,converg,DINA,1
mp,0.056036121919148855,0.07472636934374427,0.009087358808655762,converg,DINA,1
MAP,0.04429271236186928,0.05047653737919646,0.0077700725032135995,converg,DINA,2
mp,0.04812180564526427,0.061144539245378215,0.005531032258520398,converg,DINA,2
MAP,0.03990119288035871,0.04186440525327856,0.005140289153467819,converg,DINA,3
mp,0.04265222360093481,0.05237187206686539,0.0048210563595487395,converg,DINA,3
MAP,0.04011026639254766,0.04397621527130902,0.007083799519541006,converg,DINA,4
mp,0.04398436187900232,0.05277011872020465,0.005873635324485381,converg,DINA,4
MAP,0.0422222505833885,0.04713686853227976,0.005083197148075504,converg,DINA,5
mp,0.04402789010394194,0.057904750754482016,0.002622596580578947,converg,DINA,5
MAP,0.047235804988892766,0.0560783739565338,0.007533740400623801,converg,DINA,6
mp,0.05157059250983804,0.06627163544586204,0.0066586490370251945,converg,DINA,6
MAP,0.051389841793918416,0.05823365088167757,0.006245390056753909,converg,DINA,7
mp,0.05505374219158007,0.07068479726053968,0.005980019138398547,converg,DINA,7
MAP,0.045167664464666045,0.043549562597459235,0.005653055098146684,converg,DINA,8
mp,0.04869479037863318,0.05519060480111321,0.005070284394673738,converg,DINA,8
MAP,0.046799443314543686,0.0567112720391987,0.01565148484521545,converg,DINA,9
mp,0.04969531142695789,0.06416253110056348,0.01203057793481377,converg,DINA,9
MAP,0.04445843590444975,0.05305992996503164,0.007684942245521805,converg,DINA,10
mp,0.04723914936186474,0.06310297510442528,0.005549103684365889,converg,DINA,10
MAP,0.03705829624809456,0.03725058710151349,0.009096434413672515,converg,DINA,11
mp,0.04056962821902888,0.053508646798286395,0.009187980103706944,converg,DINA,11
MAP,NA,NA,NA,converg,DINA,12
mp,NA,NA,NA,converg,DINA,12
MAP,0.03253072559348628,0.03954299464408036,0.0024518654560511956,converg,DINA,13
mp,0.03609307224461434,0.048646843938609415,0.002937676087490328,converg,DINA,13
MAP,0.043850545677523244,0.049324831535162816,0.004454266315055782,converg,DINA,14
mp,0.047401656765518774,0.06055387405876525,0.0023447856009259703,converg,DINA,14
MAP,0.05185622703624643,0.058788237310639466,0.006935264265661674,converg,DINA,15
mp,0.05445722449197023,0.07115667854092728,0.009040805311833312,converg,DINA,15
MAP,0.03898438822986898,0.04249100849526469,0.008990748357848454,converg,DINA,16
mp,0.04221281276432491,0.054322310735100965,0.006745627116588369,converg,DINA,16
MAP,0.044292287817747494,0.04372797554647274,0.025290786112151374,converg,DINA,17
mp,0.04765930451468051,0.051615473340354476,0.029373423714147535,converg,DINA,17
MAP,0.04586201602826295,0.04998376527072061,0.004396820962044964,converg,DINA,18
mp,0.048704373002979265,0.060250171928242904,0.0023138088331293924,converg,DINA,18
MAP,0.03758541604966406,0.04412659232689031,0.008657123318844053,converg,DINA,19
mp,0.04000261037194938,0.053600944364352025,0.00430223781810523,converg,DINA,19
MAP,0.04187001621438761,0.04079590980618201,0.008442142878929953,converg,DINA,20
mp,0.044961690231199225,0.055250420332295366,0.0054842188884676015,converg,DINA,20
MAP,0.04545617855598222,0.05390976634378933,0.0034626112312215163,converg,DINA,21
mp,0.04852219512901792,0.06427330256668946,0.0040253577744484145,converg,DINA,21
MAP,0.04200134988801211,0.04339401835232945,0.005617556757446298,converg,DINA,22
mp,0.04403378339941883,0.055520086908999754,0.001406117323246755,converg,DINA,22
MAP,0.03946954725658392,0.04126063035482763,0.008968242308160524,converg,DINA,23
mp,0.04269963802462662,0.05195643021862709,0.006538088006528376,converg,DINA,23
MAP,0.04252346655145414,0.04835832404142977,0.012393220602778797,converg,DINA,24
mp,0.04477332808510543,0.06009882686315756,0.01234549777521162,converg,DINA,24
MAP,0.05568365277342481,0.053545350568103035,0.009894575927691766,converg,DINA,25
mp,0.05977301340562317,0.06868935013098046,0.00603768482558319,converg,DINA,25
MAP,0.04818759663011195,0.06406570457078908,0.014384730739976296,converg,DINA,26
mp,0.0509475053282635,0.07082143097747852,0.013293561082903244,converg,DINA,26
MAP,0.05372310823221438,0.05019399015701295,0.01488161328483912,converg,DINA,27
mp,0.05809632533689091,0.07097143633758055,0.008305747105233763,converg,DINA,27
MAP,0.03322607876900887,0.03272986156327757,0.007134974063968821,converg,DINA,28
mp,0.037178544563865004,0.04351887062018834,0.0033310887430256396,converg,DINA,28
MAP,0.0424750605601042,0.0468584235847138,0.0020150589597972067,converg,DINA,29
mp,0.044366535924899135,0.05759610750946827,0.0023182542386953136,converg,DINA,29
MAP,0.04748727240195636,0.04158208429810984,0.02430733247444757,converg,DINA,30
mp,0.050358255300984686,0.0503156597592751,0.02854977416758629,converg,DINA,30
MAP,0.04712409432238431,0.04729777945382144,0.007965702169186347,converg,DINA,31
mp,0.04958566791226363,0.06017879504493785,0.0065294413006849765,converg,DINA,31
MAP,0.039903787970406245,0.040970499170877174,0.010526489279548308,converg,DINA,32
mp,0.042435688291422385,0.053830175184836876,0.005371007778954955,converg,DINA,32
MAP,0.04615073523994767,0.050005289881668816,0.008935758251793666,converg,DINA,33
mp,0.05052006966657909,0.06312112735469881,0.0035468164436961136,converg,DINA,33
MAP,0.038980100386278596,0.04385990951216155,0.008839584149883516,converg,DINA,34
mp,0.04108980035974831,0.05451995443703894,0.006744390642392038,converg,DINA,34
MAP,0.03915152268591742,0.04337777486114967,0.010433855348627582,converg,DINA,35
mp,0.0417989899294713,0.05424693130107225,0.006359125942480352,converg,DINA,35
MAP,0.04621915819400405,0.05288429354602842,0.0077404678073456305,converg,DINA,36
mp,0.04826568499490276,0.06315621094115771,0.005325832938781801,converg,DINA,36
MAP,0.048090791508472744,0.05290447320496695,0.007347189751055251,converg,DINA,37
mp,0.050647633664040875,0.06623970019572244,0.006745507276580114,converg,DINA,37
MAP,0.04086633485575475,0.04753404673229221,0.007307368462604594,converg,DINA,38
mp,0.04244386916725389,0.05821826939351827,0.005280440321105364,converg,DINA,38
MAP,0.04065959581825756,0.043501915556784634,0.0049152165023162355,converg,DINA,39
mp,0.04441899933947663,0.05472738675443695,0.005673998768446164,converg,DINA,39
MAP,0.047287849400290606,0.05762731495347439,0.0031503390378666797,converg,DINA,40
mp,0.05007138028045362,0.0665660654128195,0.004206233589217118,converg,DINA,40
MAP,0.03915213284619294,0.050321391154661596,0.009897692819099298,converg,DINA,41
mp,0.041661124790718526,0.06123571706178166,0.009133317728496302,converg,DINA,41
MAP,0.05083338650431306,0.055269112080868724,0.009962174619962506,converg,DINA,42
mp,0.05539884435450526,0.0660167421746152,0.007527823751319105,converg,DINA,42
MAP,NA,NA,NA,converg,DINA,43
mp,NA,NA,NA,converg,DINA,43
MAP,0.04313386155652151,0.04800146816960374,0.010632715030952625,converg,DINA,44
mp,0.04570279187451204,0.06131004121418246,0.007547610007885529,converg,DINA,44
MAP,0.046970576410754174,0.04845453712960935,0.0037531369385034965,converg,DINA,45
mp,0.050700008807604544,0.061019265537300416,0.005345931541016814,converg,DINA,45
MAP,0.04768901054547125,0.04824285473005451,0.011478702957384405,converg,DINA,46
mp,0.05150442019281058,0.06265731929061397,0.007038284161439195,converg,DINA,46
MAP,0.040170939326513146,0.04566924746359413,0.009601110557584653,converg,DINA,47
mp,0.04291033754810506,0.05595351254883658,0.007504101303272672,converg,DINA,47
MAP,NA,NA,NA,converg,DINA,48
mp,NA,NA,NA,converg,DINA,48
MAP,0.04250448209463985,0.05545198836535685,0.01230150387951586,converg,DINA,49
mp,0.04342230885729429,0.06169459098809977,0.008203898315229502,converg,DINA,49
MAP,0.046933198614163285,0.060370553732751846,0.0021106157229070998,converg,DINA,50
mp,0.04995667660246567,0.06705462891817335,0.003140247269401277,converg,DINA,50
MAP,0.04335982357859338,0.04819960110921367,0.006181352212219162,converg,DINA,51
mp,0.04614018083944986,0.05818089168563839,0.004685129448998242,converg,DINA,51
MAP,0.04714255222847376,0.06198038818517536,0.00764155893434669,converg,DINA,52
mp,0.049786475810115145,0.06775417429722681,0.007447914966845737,converg,DINA,52
MAP,0.03763555115667607,0.034671975409865434,0.008506466557583988,converg,DINA,53
mp,0.04105727334038374,0.047254925413214764,0.002499057105192095,converg,DINA,53
MAP,0.039110055017862445,0.04524247448689002,0.007121072896206424,converg,DINA,54
mp,0.04259485625724219,0.054769419268496745,0.005891659872221699,converg,DINA,54
MAP,0.039567355291860826,0.047608901077137986,0.014865444436753177,converg,DINA,55
mp,0.04176049071742647,0.05938574881763657,0.011390078352128413,converg,DINA,55
MAP,0.04989706068485582,0.05437342981195119,0.006462562253140771,converg,DINA,56
mp,0.05303443172326085,0.06821933781639244,0.005577847235227969,converg,DINA,56
MAP,0.03998297640230911,0.043257638698591665,0.008711019803490323,converg,DINA,57
mp,0.043343325050063886,0.05515889430074121,0.0062053319002395215,converg,DINA,57
MAP,0.04429947629539939,0.046818388320167485,0.008187713898758532,converg,DINA,58
mp,0.0479705641531529,0.059256984037342676,0.004629944946140485,converg,DINA,58
MAP,0.0473942208588864,0.051088271723047016,0.008820435398367282,converg,DINA,59
mp,0.050641094312603455,0.06314492491974559,0.005314914197677995,converg,DINA,59
MAP,0.04996038409681738,0.054891522441826546,0.009476892320750543,converg,DINA,60
mp,0.05343457253863939,0.06775307561903621,0.004597816790307196,converg,DINA,60
MAP,0.04800487542794386,0.058704025317801535,0.00819993505247037,converg,DINA,61
mp,0.05055409621350448,0.0628400413227028,0.007556143624641365,converg,DINA,61
MAP,0.05119343103498362,0.05383599337468458,0.005195532775960956,converg,DINA,62
mp,0.052458835597598064,0.06685338939078868,0.006072994554918363,converg,DINA,62
MAP,NA,NA,NA,converg,DINA,63
mp,NA,NA,NA,converg,DINA,63
MAP,0.04178531524973707,0.04365561950583628,0.008165226932303173,converg,DINA,64
mp,0.04504292599639573,0.05562866872694703,0.0045573580185737485,converg,DINA,64
MAP,0.04012198524766828,0.0383099494951861,0.00778167185278388,converg,DINA,65
mp,0.04366902173795533,0.0520883168292513,0.004327632713244252,converg,DINA,65
MAP,0.043878080163430984,0.0464080932831739,0.005200089632015257,converg,DINA,66
mp,0.0479304608791787,0.0582735052032936,0.003979532606631456,converg,DINA,66
MAP,0.04420175882035933,0.04440541626675467,0.024913359417752946,converg,DINA,67
mp,0.04731518483309655,0.05098192019923894,0.02862017177640105,converg,DINA,67
MAP,0.04286333878518669,0.04859680397231566,0.00393443123535148,converg,DINA,68
mp,0.04591465849415313,0.05943789732850322,0.004741028042633376,converg,DINA,68
MAP,0.039213865655505845,0.045141825457463355,0.007760892883725079,converg,DINA,69
mp,0.04173399287759597,0.05459959461558285,0.0057304064446160674,converg,DINA,69
MAP,0.0431172023591276,0.048271095859373524,0.007916334445752148,converg,DINA,70
mp,0.046714460002354775,0.05680348640204391,0.008535638647533808,converg,DINA,70
MAP,0.04574295640099167,0.053048868265022586,0.0045529581999244235,converg,DINA,71
mp,0.04950062664923986,0.06063637299746298,0.008574213230837877,converg,DINA,71
MAP,0.049892696807834355,0.0597074579480351,0.005197004212938333,converg,DINA,72
mp,0.052230025856740823,0.07046449642338647,0.004337145774010213,converg,DINA,72
MAP,NA,NA,NA,converg,DINA,73
mp,NA,NA,NA,converg,DINA,73
MAP,0.042937806428074175,0.044071831414752086,0.009539988412099985,converg,DINA,74
mp,0.04636270151457798,0.05624727947945789,0.0057568701864241035,converg,DINA,74
MAP,0.04197385833257825,0.04747231910868339,0.005762257892496738,converg,DINA,75
mp,0.04477606884699665,0.05785066392646851,0.005686793817108253,converg,DINA,75
MAP,0.04488582415769713,0.049948449945670804,0.007922565202687974,converg,DINA,76
mp,0.04880827698737009,0.05838622161709856,0.004089770817242673,converg,DINA,76
MAP,0.04950056141818684,0.047146097072704875,0.012887134988693963,converg,DINA,77
mp,0.05314795299988123,0.06307630011418383,0.013560417675974918,converg,DINA,77
MAP,0.04323084205017132,0.04076563262706552,0.02428330575569413,converg,DINA,78
mp,0.04710266413760197,0.049149688114066566,0.028546567114318716,converg,DINA,78
MAP,0.04327475968344503,0.046509915988030975,0.007596877684512557,converg,DINA,79
mp,0.047427015014260075,0.055850383726840674,0.0034309929408666206,converg,DINA,79
MAP,0.03840365208278544,0.03632613923677719,0.020943705415883196,converg,DINA,80
mp,0.040659677515272656,0.04452721472903619,0.02503416437161482,converg,DINA,80
MAP,0.043525004957940476,0.044696681657923246,0.007189331438185078,converg,DINA,81
mp,0.04708267789645277,0.059210513135000975,0.004795365315811374,converg,DINA,81
MAP,0.04628617349025103,0.04674359270379306,0.015878894478085676,converg,DINA,82
mp,0.050391239599455996,0.06292214219891404,0.012431082169316125,converg,DINA,82
MAP,0.05104447960907967,0.058418392556037396,0.009936966644411295,converg,DINA,83
mp,0.05308691330994698,0.06876933486282506,0.005147697686416557,converg,DINA,83
MAP,0.04349087897711376,0.053544215119313066,0.008951008116891573,converg,DINA,84
mp,0.04666443434306229,0.061892228835500857,0.009200090831436027,converg,DINA,84
MAP,0.04540061349306325,0.05571877786193414,0.011365892147247278,converg,DINA,85
mp,0.04729452216699713,0.06510823539215367,0.005676884457540597,converg,DINA,85
MAP,0.04085500323766223,0.03699871018698562,0.00483309758624868,converg,DINA,86
mp,0.043068102243527,0.05136285018495559,0.004964995353562155,converg,DINA,86
MAP,0.050606045031388026,0.05044339182213848,0.013510732620574919,converg,DINA,87
mp,0.05445339946494925,0.06596562880441302,0.008834024287717165,converg,DINA,87
MAP,0.04579915076460478,0.05049859614958893,0.008270654670993091,converg,DINA,88
mp,0.0472167468616623,0.06374101879895565,0.0036324086527975735,converg,DINA,88
MAP,0.03681487125990955,0.044298821850952755,0.005356435758050162,converg,DINA,89
mp,0.03968787001937692,0.052146659202408394,0.00765756910333035,converg,DINA,89
MAP,0.047153480800068016,0.0483633785997755,0.008737843843874289,converg,DINA,90
mp,0.049564590454905195,0.06503776048102189,0.008832816185879758,converg,DINA,90
MAP,NA,NA,NA,converg,DINA,91
mp,NA,NA,NA,converg,DINA,91
MAP,0.04243749604759106,0.05516013779889148,0.008226777701964984,converg,DINA,92
mp,0.043485231242389094,0.06113819280126764,0.004890565159155101,converg,DINA,92
MAP,0.044452571713837485,0.050868616893216756,0.0029248700310418306,converg,DINA,93
mp,0.04818471118351964,0.06222329504966259,0.004511794000913868,converg,DINA,93
MAP,0.050071803858556925,0.05891882900679141,0.009885455579495758,converg,DINA,94
mp,0.05322776247332442,0.07178514897367524,0.007990736948566687,converg,DINA,94
MAP,0.04306949778610422,0.04693189989322821,0.006097659658427006,converg,DINA,95
mp,0.045977405932713024,0.0598318386148772,0.006305553052071885,converg,DINA,95
MAP,0.05058364650590417,0.04719982126537007,0.009090835517926549,converg,DINA,96
mp,0.05317186797972371,0.06404829002671106,0.006185069606334621,converg,DINA,96
MAP,0.04705386648063014,0.05040490144245496,0.011746864135677767,converg,DINA,97
mp,0.04957688167200558,0.06187696838894142,0.008428659203253622,converg,DINA,97
MAP,0.032216012607887146,0.03082789827207524,0.006277797424000504,converg,DINA,98
mp,0.03588822039139155,0.04353204486584027,0.0017841373521184777,converg,DINA,98
MAP,0.03675518346689128,0.04135556671256582,0.006284176420003535,converg,DINA,99
mp,0.039082980519981936,0.050311834768850046,0.00329053887771701,converg,DINA,99
MAP,0.04863763650947647,0.05469374278114544,0.01287842706594439,converg,DINA,100
mp,0.0515593859971903,0.0695181775467428,0.013889855494166594,converg,DINA,100
MAP,0.06347720437308799,0.05173567389405088,0.03603049428136602,diverg,DINA,1
mp,0.06795281239960352,0.06643411383016026,0.03881933783873272,diverg,DINA,1
MAP,0.07607196513935298,0.07220197895964509,0.01587170526208105,diverg,DINA,2
mp,0.0818980756519517,0.09363764885952533,0.005828590148384038,diverg,DINA,2
MAP,0.07640114502553541,0.07202562599490903,0.009522229364907429,diverg,DINA,3
mp,0.08025849078083878,0.08874938146655247,0.004634092196885005,diverg,DINA,3
MAP,NA,NA,NA,diverg,DINA,4
mp,NA,NA,NA,diverg,DINA,4
MAP,0.08453348052464857,0.09618888698452484,0.013148679199249254,diverg,DINA,5
mp,0.08690353243689497,0.10891285392016645,0.010610535105669802,diverg,DINA,5
MAP,0.08061035400242478,0.0898304731341445,0.005316561354711319,diverg,DINA,6
mp,0.08485877925524205,0.1015123542799311,0.004802971046101445,diverg,DINA,6
MAP,0.07171001686715583,0.07226928225216903,0.011381753430291222,diverg,DINA,7
mp,0.07632001688922836,0.08704249863171973,0.007072408831513307,diverg,DINA,7
MAP,0.08469598586503443,0.08335461422298078,0.012296486869757973,diverg,DINA,8
mp,0.08849090984109063,0.10214586398882103,0.00709915915934808,diverg,DINA,8
MAP,0.07859453744443451,0.08398634128043886,0.009184147343786473,diverg,DINA,9
mp,0.08245605340815182,0.09673456218039712,0.00967833088887497,diverg,DINA,9
MAP,0.08053382003095944,0.09621817723657854,0.009655570420653552,diverg,DINA,10
mp,0.08341262486550242,0.10789617580459455,0.01107801918845165,diverg,DINA,10
MAP,0.08484200622498042,0.07835754805967346,0.012111774788862164,diverg,DINA,11
mp,0.08803577038201195,0.09523569835673013,0.008997168900284626,diverg,DINA,11
MAP,0.08561554039124553,0.09621707204893937,0.006023898663386892,diverg,DINA,12
mp,0.08883332686802764,0.10814070961906053,0.004729994564704928,diverg,DINA,12
MAP,0.08110376270838945,0.07584029172186016,0.042554616533771635,diverg,DINA,13
mp,0.0850462821227025,0.08393981715236487,0.047045560462061715,diverg,DINA,13
MAP,NA,NA,NA,diverg,DINA,14
mp,NA,NA,NA,diverg,DINA,14
MAP,0.0731807186248184,0.07136145563067306,0.010582600559183267,diverg,DINA,15
mp,0.07616787932376522,0.08736831597988463,0.006279559371437099,diverg,DINA,15
MAP,0.07784308953425562,0.07861877829502831,0.010961164368332216,diverg,DINA,16
mp,0.08058486564291222,0.09791582618428347,0.004380911568425903,diverg,DINA,16
MAP,0.08402655902734268,0.09202791965950073,0.008385035003287413,diverg,DINA,17
mp,0.08664689098831828,0.10608716916526223,0.010403357819828875,diverg,DINA,17
MAP,0.07856864548929529,0.08621156207276177,0.010565436082173156,diverg,DINA,18
mp,0.08087937303235017,0.10136492889879065,0.003057670619254726,diverg,DINA,18
MAP,0.07229097201428747,0.06858503783602218,0.009809453950782653,diverg,DINA,19
mp,0.07655216889515327,0.08836285848870046,0.0040403363404769325,diverg,DINA,19
MAP,0.08015174618389173,0.0927001825923316,0.0079414896400572,diverg,DINA,20
mp,0.08292468383717509,0.10335048406554444,0.0105882909105685,diverg,DINA,20
MAP,0.09174181336133656,0.1114807248367066,0.017140897215251458,diverg,DINA,21
mp,0.09422707706429882,0.12495829736792793,0.019693891589789087,diverg,DINA,21
MAP,0.07808351094838406,0.08687435433948082,0.008745175106767958,diverg,DINA,22
mp,0.08189132734055239,0.10062855675799845,0.0035076245432909842,diverg,DINA,22
MAP,0.06635570149088185,0.06985126529642816,0.006831239328886493,diverg,DINA,23
mp,0.07017648896686238,0.08180810279387883,0.006496283195844131,diverg,DINA,23
MAP,NA,NA,NA,diverg,DINA,24
mp,NA,NA,NA,diverg,DINA,24
MAP,0.07440665986051324,0.06220858237790501,0.03503408306861592,diverg,DINA,25
mp,0.07822165063629585,0.07148089798394805,0.03999635687965993,diverg,DINA,25
MAP,0.06460791587469836,0.043073644469072005,0.006494345521869655,diverg,DINA,26
mp,0.07198855360065914,0.07038978960233826,0.007435489793721567,diverg,DINA,26
MAP,0.07025084239642468,0.0760495564020837,0.003464269814392875,diverg,DINA,27
mp,0.07358952134870256,0.08770359839180811,0.006282327997223366,diverg,DINA,27
MAP,0.07890812787196948,0.09907759618757678,0.009191373956780543,diverg,DINA,28
mp,0.08248646885914283,0.11197433807544938,0.00758322815621541,diverg,DINA,28
MAP,0.08239732105500039,0.08565792549094581,0.006325936566487456,diverg,DINA,29
mp,0.0853752685270009,0.10191153408244326,0.010119604868792436,diverg,DINA,29
MAP,0.07149608583844681,0.05521207590777775,0.030935644314423767,diverg,DINA,30
mp,0.0749313668801167,0.06859876239642668,0.03838489125212748,diverg,DINA,30
MAP,0.07998321366429714,0.08116118938806223,0.007946779692499337,diverg,DINA,31
mp,0.0854478758170142,0.09734810408353635,0.007324236276071877,diverg,DINA,31
MAP,0.08087748467846106,0.0863349404585986,0.012829226418188714,diverg,DINA,32
mp,0.08467800536744297,0.09967181118849093,0.010234452420563485,diverg,DINA,32
MAP,0.07227797412328704,0.0742405520821912,0.008315829432379103,diverg,DINA,33
mp,0.07561959278378702,0.08522914814919709,0.007714961560957181,diverg,DINA,33
MAP,0.06999005553953642,0.06922070233591941,0.01048710518379211,diverg,DINA,34
mp,0.0745228101486296,0.08594661207471098,0.005572911839793187,diverg,DINA,34
MAP,NA,NA,NA,diverg,DINA,35
mp,NA,NA,NA,diverg,DINA,35
MAP,0.06722058654403044,0.07218232220912368,0.007787319750383512,diverg,DINA,36
mp,0.07026356132599974,0.08619078196200236,0.00690597810974196,diverg,DINA,36
MAP,0.08127668095672282,0.0933903763374085,0.011285130312365024,diverg,DINA,37
mp,0.08610013127493542,0.10738683264744907,0.01425567699273312,diverg,DINA,37
MAP,0.06834601247872342,0.0685758653599396,0.007821612269622582,diverg,DINA,38
mp,0.07143685633631801,0.08332344366622196,0.008176156651662509,diverg,DINA,38
MAP,0.083911743832818,0.08303128835337321,0.009270853256718257,diverg,DINA,39
mp,0.08746625471610074,0.10155430238677454,0.009679365303797009,diverg,DINA,39
MAP,0.07580389609669166,0.06113354667226848,0.0351449231934589,diverg,DINA,40
mp,0.07892477566776242,0.07383104164647697,0.04204862649025943,diverg,DINA,40
MAP,0.07596381303040457,0.06401631064883481,0.03705960551087396,diverg,DINA,41
mp,0.07970503395316689,0.07439502490663286,0.042326243894445725,diverg,DINA,41
MAP,0.07012316866612461,0.06397145094713369,0.008982077943362712,diverg,DINA,42
mp,0.07520024372731708,0.08247865881951696,0.009014000433669737,diverg,DINA,42
MAP,0.07050514872422879,0.058557574573970476,0.01845324977308058,diverg,DINA,43
mp,0.07455308470972773,0.08692226071165204,0.008639872741836724,diverg,DINA,43
MAP,0.07993171349355406,0.0851853620912682,0.003621230200447956,diverg,DINA,44
mp,0.08385635629084676,0.09807078401114874,0.0060877543947610215,diverg,DINA,44
MAP,0.08037268294075699,0.08206405614521117,0.0048891766574066945,diverg,DINA,45
mp,0.084741084588915,0.099284662045035,0.002873514111688713,diverg,DINA,45
MAP,0.06690738639527045,0.07015921731605415,0.007845305192750326,diverg,DINA,46
mp,0.07101316800124577,0.08153771226523812,0.007368561656271676,diverg,DINA,46
MAP,0.07078542782583895,0.0691466847832461,0.01352720114938029,diverg,DINA,47
mp,0.07424350735264142,0.08360165665604624,0.006079475597788674,diverg,DINA,47
MAP,0.07201427591878269,0.07462096154254184,0.008731173466024074,diverg,DINA,48
mp,0.07380793552349071,0.09062588496014348,0.006370903334444627,diverg,DINA,48
MAP,0.07091220988437734,0.06214391371856516,0.00831000831060868,diverg,DINA,49
mp,0.0759884827513345,0.081174192028793,0.003932031571675401,diverg,DINA,49
MAP,0.08235225267095896,0.09223183616414671,0.014565160765756915,diverg,DINA,50
mp,0.08518594815819372,0.1045404005119968,0.0135676493009535,diverg,DINA,50
MAP,0.07157164996264985,0.07297680861798835,0.010344996051132902,diverg,DINA,51
mp,0.07447383646021653,0.093092481458576945,0.007268645202109266,diverg,DINA,51
MAP,NA,NA,NA,diverg,DINA,52
mp,NA,NA,NA,diverg,DINA,52
MAP,0.07696910348625761,0.07138844173749194,0.016093235485416947,diverg,DINA,53
mp,0.08158029425508406,0.08825078976484854,0.010680399854684023,diverg,DINA,53
MAP,0.07828459331683724,0.07620861940550037,0.006053169404921529,diverg,DINA,54
mp,0.08273431122285582,0.09690895358404344,0.008514588540041845,diverg,DINA,54
MAP,0.08333670666988766,0.08114580561942296,0.010666133929476533,diverg,DINA,55
mp,0.0869719696250297,0.1011289432021708,0.010011534319307269,diverg,DINA,55
MAP,0.07909385907827575,0.08815112704917862,0.008319598135893697,diverg,DINA,56
mp,0.08347249727626678,0.09716099899300534,0.006510635974697118,diverg,DINA,56
MAP,0.0860931102022791,0.08994906155264303,0.009761669273931137,diverg,DINA,57
mp,0.09126028522992478,0.10616567160864458,0.003266454540015115,diverg,DINA,57
MAP,0.07988137082551088,0.0868119781348505,0.01157414050035947,diverg,DINA,58
mp,0.08320896671572676,0.10123449170152042,0.006979920803510357,diverg,DINA,58
MAP,0.08225139326607586,0.08282817863231455,0.004695796401189029,diverg,DINA,59
mp,0.08607638382842192,0.09964586800534833,0.005879370851215365,diverg,DINA,59
MAP,0.0844502478502688,0.08499317785494415,0.010225529099378695,diverg,DINA,60
mp,0.090034931717619407,0.10422271474424086,0.007217885374442327,diverg,DINA,60
MAP,0.07058831588872747,0.0621603498639224,0.009831536587560061,diverg,DINA,61
mp,0.07630422770282048,0.08263838577202752,0.0069268475193720765,diverg,DINA,61
MAP,0.08467221949830955,0.08919286236931431,0.007983797825702901,diverg,DINA,62
mp,0.08904927578022083,0.10246634141073241,0.009068459530781042,diverg,DINA,62
MAP,0.08428706839334421,0.08562571256795062,0.011920758589329127,diverg,DINA,63
mp,0.08855687092816324,0.10098015909002422,0.009142331292144389,diverg,DINA,63
MAP,0.07679525726975026,0.0791523957405586,0.014312460298761112,diverg,DINA,64
mp,0.07979421110749112,0.09608930270095983,0.0062708567048005825,diverg,DINA,64
MAP,0.06946642181355238,0.07158273333697886,0.007662910176748367,diverg,DINA,65
mp,0.07401729448251468,0.08421455919541677,0.006403768501608934,diverg,DINA,65
MAP,0.07104821043392527,0.07555390640600633,0.007316974344438266,diverg,DINA,66
mp,0.07447080749179277,0.08553451046264274,0.0028248627202118043,diverg,DINA,66
MAP,0.07164216329733032,0.0641461808085749,0.03630506373180348,diverg,DINA,67
mp,0.07452473347646213,0.07152632334232585,0.04016632379057717,diverg,DINA,67
MAP,0.07524458464555271,0.07778692126769654,0.0035837499949293327,diverg,DINA,68
mp,0.07876911801571493,0.08997102275777483,0.003009926320406633,diverg,DINA,68
MAP,NA,NA,NA,diverg,DINA,69
mp,NA,NA,NA,diverg,DINA,69
MAP,0.070903460120901,0.07226944549260528,0.004032096660861061,diverg,DINA,70
mp,0.07356471194186863,0.08477703413244532,0.004998529740394639,diverg,DINA,70
MAP,0.07509132667163107,0.06818188916111699,0.010843294324614266,diverg,DINA,71
mp,0.07963786189291511,0.08885290573375548,0.004182515105002551,diverg,DINA,71
MAP,NA,NA,NA,diverg,DINA,72
mp,NA,NA,NA,diverg,DINA,72
MAP,0.07648941627218542,0.08403562541931729,0.012491966891172171,diverg,DINA,73
mp,0.07901672077660657,0.09705963957818627,0.011380147978574553,diverg,DINA,73
MAP,0.07612716334806455,0.06197177536656517,0.03513778276044787,diverg,DINA,74
mp,0.08088068281307205,0.07688433863824248,0.043227162965584626,diverg,DINA,74
MAP,0.08012224381877822,0.08918533057827066,0.009516669085324241,diverg,DINA,75
mp,0.08331109423564212,0.09995308959383718,0.004878698143876052,diverg,DINA,75
MAP,0.07031528594150832,0.07129545574086363,0.005237748952040743,diverg,DINA,76
mp,0.07427203640145459,0.08481498194894907,0.0038050081309025626,diverg,DINA,76
MAP,0.07837668002239398,0.08384155492941554,0.008052095654529783,diverg,DINA,77
mp,0.08355053453716789,0.09805128274327395,0.008445085625047404,diverg,DINA,77
MAP,0.07018758989885662,0.07596152361781668,0.005484253233090675,diverg,DINA,78
mp,0.07391666158210373,0.08668871389738497,0.006286349493394384,diverg,DINA,78
MAP,0.07268805595817389,0.07421334700209911,0.012471606481769447,diverg,DINA,79
mp,0.07544415610531813,0.08807189216487495,0.005778486403686303,diverg,DINA,79
MAP,0.07520823951171363,0.07082476048234015,0.017057455288826684,diverg,DINA,80
mp,0.07953297493865616,0.08987523140624834,0.011179451404024475,diverg,DINA,80
MAP,0.07513493374837861,0.0748396268246613,0.01116564749336764,diverg,DINA,81
mp,0.07931180826658993,0.09212881723780876,0.005002479151229778,diverg,DINA,81
MAP,0.08304949623547905,0.09341844643715912,0.007059027363685106,diverg,DINA,82
mp,0.08591840957346931,0.10781700411323306,0.006659097062800038,diverg,DINA,82
MAP,0.08712089567313967,0.10248963873649279,0.015959804297305178,diverg,DINA,83
mp,0.09006229709241802,0.113553069741488,0.013299411635704809,diverg,DINA,83
MAP,0.07304703718094968,0.0683131339709254,0.0075788298152218,diverg,DINA,84
mp,0.07664177905577586,0.08750305321461427,0.003562652476175414,diverg,DINA,84
MAP,0.07949767882598836,0.07561078859664777,0.004144130417511707,diverg,DINA,85
mp,0.0852270987940852,0.09339111467946708,0.007164538322398797,diverg,DINA,85
MAP,0.07898335377093212,0.08858889258786445,0.016354665724268195,diverg,DINA,86
mp,0.08374800986291228,0.09785118248575334,0.014633242972106608,diverg,DINA,86
MAP,0.06689779539922949,0.07046291675663958,0.00939198340142746,diverg,DINA,87
mp,0.07121776134838399,0.0833512171177132,0.008045140991508564,diverg,DINA,87
MAP,0.07353332749871243,0.07991560548062393,0.006544387672538764,diverg,DINA,88
mp,0.07618467383023715,0.09176096984718443,0.007591028085428203,diverg,DINA,88
MAP,NA,NA,NA,diverg,DINA,89
mp,NA,NA,NA,diverg,DINA,89
MAP,0.0966597215274558,0.09967986445925163,0.006379127768761639,diverg,DINA,90
mp,0.10075983760025396,0.11763730857308491,0.006026913101229235,diverg,DINA,90
MAP,0.08612352135360941,0.09266611754113363,0.011348799202738397,diverg,DINA,91
mp,0.08963726810667391,0.10517935773139778,0.009207413974089952,diverg,DINA,91
MAP,0.0725478213480899,0.0849861056395693,0.004851591037240613,diverg,DINA,92
mp,0.07469781920887393,0.09751680369519303,0.005976202890523794,diverg,DINA,92
MAP,0.07523700585218217,0.06648111424106098,0.01621756651716116,diverg,DINA,93
mp,0.07964091571458715,0.08850489264113352,0.006942663706161797,diverg,DINA,93
MAP,0.06910406090548839,0.06971896046197154,0.0059115871220372885,diverg,DINA,94
mp,0.07296344147032377,0.0824633002705789,0.005757605866140308,diverg,DINA,94
MAP,0.08435114971430405,0.09086639884372932,0.006393319340251244,diverg,DINA,95
mp,0.0857249277634764,0.10499952183692668,0.0027825255195886144,diverg,DINA,95
MAP,0.07487553414632885,0.08326248683237814,0.011210218391557922,diverg,DINA,96
mp,0.07785920479013149,0.09299158276965515,0.008524637287706192,diverg,DINA,96
MAP,0.06961636744942043,0.06440664680226893,0.0018599267304031163,diverg,DINA,97
mp,0.07390715521005878,0.07808689949093979,0.001996441728313895,diverg,DINA,97
MAP,0.06964836862662743,0.05853599512535097,0.011659265132334255,diverg,DINA,98
mp,0.07415128245403557,0.07851358005867078,0.007656161274986682,diverg,DINA,98
MAP,0.07542199907876453,0.06941478164330249,0.04008731195191532,diverg,DINA,99
mp,0.07866043653955511,0.08149802362820144,0.0462955625998105,diverg,DINA,99
MAP,0.06466894781331724,0.05960796840351257,0.004752344087875264,diverg,DINA,100
mp,0.068284201475103,0.07505403675828151,0.004628839959148955,diverg,DINA,100
MAP,0.1413801139429614,0.11643225664330278,0.06592914576902005,unstructured,DINA,1
mp,0.14597300573630814,0.13398794530645608,0.07580274049912836,unstructured,DINA,1
MAP,0.113182309691254,0.10858196815074886,0.011054737427618299,unstructured,DINA,2
mp,0.11657144764868618,0.12911779914684923,0.010989286977841394,unstructured,DINA,2
MAP,0.10982695327023831,0.09317550211295081,0.0090873864905596,unstructured,DINA,3
mp,0.11532521140602414,0.12205673289532855,0.007419649826556185,unstructured,DINA,3
MAP,0.11402377384595189,0.05536018216706497,0.05480438418703996,unstructured,DINA,4
mp,0.12166039745674925,0.07236283586015724,0.0674595588296306,unstructured,DINA,4
MAP,0.11526848922917414,0.09771240776063485,0.009207011066663502,unstructured,DINA,5
mp,0.12112595324020363,0.1210483103060297,0.007202126187483102,unstructured,DINA,5
MAP,0.1095582551886851,0.10265172762677408,0.007943721936482665,unstructured,DINA,6
mp,0.11641409200090755,0.12473704736575877,0.006994915845247371,unstructured,DINA,6
MAP,0.13778003652643642,0.139482037383649,0.014536192316107142,unstructured,DINA,7
mp,0.14128100126920215,0.16396549233007857,0.010615347571657113,unstructured,DINA,7
MAP,0.11777787381667143,0.12073009601224088,0.020627394845282802,unstructured,DINA,8
mp,0.12173572149559511,0.1392643367226637,0.013838346482744093,unstructured,DINA,8
MAP,0.12784808859849675,0.11378066401744794,0.02302339738272052,unstructured,DINA,9
mp,0.13440861658101363,0.1453452842681375,0.01845186235230362,unstructured,DINA,9
MAP,0.13112966151504193,0.14662985737045314,0.017253903364989887,unstructured,DINA,10
mp,0.13696851702215976,0.16792399472404537,0.020159622443921096,unstructured,DINA,10
MAP,0.1252253624987725,0.12261857706734519,0.014593621647054005,unstructured,DINA,11
mp,0.1315350446053457,0.1418039847513627,0.014231801646464723,unstructured,DINA,11
MAP,0.12004924581381073,0.119648421978373,0.018788822903192403,unstructured,DINA,12
mp,0.1267778480280016,0.13949764184478836,0.00980393323553244,unstructured,DINA,12
MAP,NA,NA,NA,unstructured,DINA,13
mp,NA,NA,NA,unstructured,DINA,13
MAP,0.12763707338518926,0.1278419949234245,0.020532845601685196,unstructured,DINA,14
mp,0.1320678921329135,0.1486519896303157,0.014869974653372356,unstructured,DINA,14
MAP,0.11890177834409464,0.1126983530518311,0.012366166484798902,unstructured,DINA,15
mp,0.1252625473667056,0.1338135696383304,0.010441326743385314,unstructured,DINA,15
MAP,0.11456608595839035,0.10972836405446329,0.01780431822055025,unstructured,DINA,16
mp,0.12104796601337849,0.12816959702281236,0.010636564848878274,unstructured,DINA,16
MAP,0.12329128505504025,0.13643813572818064,0.0029843010476455164,unstructured,DINA,17
mp,0.1265823786819416,0.15467474216376417,0.005344594664838592,unstructured,DINA,17
MAP,0.11740270635671718,0.1198934463350091,0.01705574013631937,unstructured,DINA,18
mp,0.12352035773063279,0.14284744094726406,0.017759706235673307,unstructured,DINA,18
MAP,0.12255445330169758,0.10817192879409536,0.009617098832177245,unstructured,DINA,19
mp,0.12942720710869993,0.13136847236875715,0.005986860339289063,unstructured,DINA,19
MAP,0.12397787166304394,0.13419293254891398,0.010133342587958172,unstructured,DINA,20
mp,0.12822991408511025,0.14894368294996807,0.005123070507523386,unstructured,DINA,20
MAP,0.12268673224969322,0.11857617705459196,0.011881650157670409,unstructured,DINA,21
mp,0.1286059856565787,0.13698265438020485,0.009169959368807034,unstructured,DINA,21
MAP,0.11062877473457582,0.12041188322902167,0.020485078677370414,unstructured,DINA,22
mp,0.11590670853013967,0.1400724866742382,0.02047704444017047,unstructured,DINA,22
MAP,0.11987484492453732,0.09807270667419905,0.007967322106148225,unstructured,DINA,23
mp,0.12731511899424072,0.13115542317751222,0.008196612404401749,unstructured,DINA,23
MAP,0.134484575193615,0.14454558864501463,0.00485469410763357,unstructured,DINA,24
mp,0.13876869112120863,0.1673918627947555,0.003902946284363092,unstructured,DINA,24
MAP,0.1164529511689571,0.10897956093864894,0.005061084422020186,unstructured,DINA,25
mp,0.12098494243653594,0.1334136299316924,0.007484741021014835,unstructured,DINA,25
MAP,0.09822559770444292,0.08303616745690225,0.007403952921015152,unstructured,DINA,26
mp,0.10326706844219435,0.10624988572867819,0.00896483560676243,unstructured,DINA,26
MAP,0.12084114014004786,0.10129859571768277,0.058989532452309715,unstructured,DINA,27
mp,0.12463597144385756,0.11849798320680525,0.06725196023334105,unstructured,DINA,27
MAP,0.11627550634419338,0.10343177968628031,0.016554865109014032,unstructured,DINA,28
mp,0.1223637441144896,0.1301018504525342,0.015174900796353018,unstructured,DINA,28
MAP,0.11967997989865413,0.09922842874982503,0.008383316433559463,unstructured,DINA,29
mp,0.12536718843377528,0.13018534792218645,0.010904738070803624,unstructured,DINA,29
MAP,0.10212423969516664,0.0843145223634779,0.00792171758727062,unstructured,DINA,30
mp,0.10789919879052622,0.11585466920518471,0.016962840787764517,unstructured,DINA,30
MAP,0.11214370375495512,0.11033650128148355,0.007892744286088887,unstructured,DINA,31
mp,0.11849464927251169,0.1265518519981077,0.00644690927153847,unstructured,DINA,31
MAP,0.10904690822507433,0.10258586787506815,0.010577445065238264,unstructured,DINA,32
mp,0.11322136328954732,0.12383959899205467,0.012418859673161845,unstructured,DINA,32
MAP,0.10180549055331548,0.08785469425310777,0.009741788118782159,unstructured,DINA,33
mp,0.10716136327035007,0.10883256872406061,0.012348059882375563,unstructured,DINA,33
MAP,0.10570476038550816,0.09804103048116518,0.05636597095002542,unstructured,DINA,34
mp,0.11047409319490095,0.10968744906532282,0.06242618334438291,unstructured,DINA,34
MAP,0.11440815949280693,0.10368964109391618,0.011234923186444859,unstructured,DINA,35
mp,0.12035608479090354,0.12398133377100946,0.005548748691477418,unstructured,DINA,35
MAP,0.11593785122418199,0.11089128190781983,0.008636887751541714,unstructured,DINA,36
mp,0.11965339738751533,0.13007993522056102,0.00569926852302479,unstructured,DINA,36
MAP,0.11057098122789101,0.09693539924892822,0.012094830820683956,unstructured,DINA,37
mp,0.11584813831286218,0.1233757330800674,0.007309055158994543,unstructured,DINA,37
MAP,0.10911551458465883,0.1033330267867391,0.010577739061704105,unstructured,DINA,38
mp,0.11420027036557877,0.12038443020355463,0.007489937730928605,unstructured,DINA,38
MAP,0.11970051241304419,0.10659285793365465,0.021939164525504214,unstructured,DINA,39
mp,0.12498404090327542,0.13541419335263963,0.014116043445242109,unstructured,DINA,39
MAP,0.12064145050710236,0.1263745584062423,0.013368532227778814,unstructured,DINA,40
mp,0.1233660670353958,0.139667268148802,0.012575773902074932,unstructured,DINA,40
MAP,0.1233511556034336,0.11654944825280873,0.015196258094656906,unstructured,DINA,41
mp,0.12920801119282962,0.1398768920157008,0.009734213994125138,unstructured,DINA,41
MAP,0.13056215883568656,0.12163834701292382,0.010942687827793778,unstructured,DINA,42
mp,0.13373102457885308,0.1500908045431818,0.010920089225618948,unstructured,DINA,42
MAP,0.10528052786844405,0.08262244496542001,0.028079094266195807,unstructured,DINA,43
mp,0.11020139181794195,0.11183821473066068,0.010461240410713748,unstructured,DINA,43
MAP,0.10799888917167778,0.11262909469034761,0.013812850315878622,unstructured,DINA,44
mp,0.11392918958667152,0.1299526659201237,0.00620314494108468,unstructured,DINA,44
MAP,0.12394964326200178,0.12336404494104883,0.009223717230954276,unstructured,DINA,45
mp,0.12979308933435738,0.14685792467398415,0.012108418683958335,unstructured,DINA,45
MAP,0.14026244573815846,0.14238825559014417,0.011116936640836184,unstructured,DINA,46
mp,0.14503782317256295,0.16332729664822732,0.007966638229742385,unstructured,DINA,46
MAP,0.12239224833422199,0.13455399574254495,0.0097219611972306115,unstructured,DINA,47
mp,0.12800239218198828,0.14920348718224274,0.006182879431930976,unstructured,DINA,47
MAP,0.11427314474076519,0.09122762507471101,0.007924687591334391,unstructured,DINA,48
mp,0.12205783909340875,0.11969594807356289,0.007668419909699826,unstructured,DINA,48
MAP,0.11763935161101179,0.10556803668974331,0.007874754454743612,unstructured,DINA,49
mp,0.12452699591808022,0.13095791989127895,0.011620217293186989,unstructured,DINA,49
MAP,0.13525886165094353,0.0871252104002771,0.07969525478362498,unstructured,DINA,50
mp,0.14165918234610342,0.09761779608356676,0.08940251760993052,unstructured,DINA,50
MAP,0.11556347030995233,0.11304309876848974,0.010101169165217075,unstructured,DINA,51
mp,0.12026076190963349,0.13447044904960626,0.011628282804973009,unstructured,DINA,51
MAP,0.1150061667379235,0.09310012832198897,0.022820446183987243,unstructured,DINA,52
mp,0.1213884684938084,0.12805300430414088,0.01729186507455648,unstructured,DINA,52
MAP,0.13012306849937044,0.126898112919808,0.007016646292448925,unstructured,DINA,53
mp,0.1341732834939606,0.14985312355099079,0.008880395996989934,unstructured,DINA,53
MAP,0.1385659634537874,0.13696911293613004,0.012516142036445015,unstructured,DINA,54
mp,0.1430860806131024,0.16304493067575926,0.010627960028351762,unstructured,DINA,54
MAP,0.12604427216235184,0.13017855821947175,0.014882885228705843,unstructured,DINA,55
mp,0.1305483732957259,0.15081323515713074,0.01185505818129186,unstructured,DINA,55
MAP,0.12691567906331994,0.11267320496073105,0.013889533380227113,unstructured,DINA,56
mp,0.1351838566816012,0.13984165126742346,0.008119955896895006,unstructured,DINA,56
MAP,NA,NA,NA,unstructured,DINA,57
mp,NA,NA,NA,unstructured,DINA,57
MAP,0.10435027609974425,0.1022771197346805,0.012911394863436577,unstructured,DINA,58
mp,0.11007023110176721,0.1215080559685304,0.012338192654679154,unstructured,DINA,58
MAP,0.09248692929699884,0.07379982804001269,0.00719798380676971,unstructured,DINA,59
mp,0.09749408733700153,0.10288419136252834,0.00393874667279501,unstructured,DINA,59
MAP,0.11398352826318742,0.1119852605000256,0.017687093449831118,unstructured,DINA,60
mp,0.1202608539325834,0.13629685430527677,0.012279228171897834,unstructured,DINA,60
MAP,0.11911132690295134,0.10913129436896252,0.01603056140037309,unstructured,DINA,61
mp,0.12380687732513539,0.1336106813436426,0.018042977202890026,unstructured,DINA,61
MAP,0.11824780724752251,0.10754869225240535,0.025044157243540404,unstructured,DINA,62
mp,0.12596997392809367,0.1394689023914972,0.016781303308354305,unstructured,DINA,62
MAP,0.12008441376027143,0.1266998722760358,0.0053427942916093995,unstructured,DINA,63
mp,0.12527904047525648,0.14122389381350534,0.007915590103763238,unstructured,DINA,63
MAP,0.1113306445892509,0.11907801572924175,0.005249998208275722,unstructured,DINA,64
mp,0.11582524608829402,0.1373333060233231,0.006162364856583954,unstructured,DINA,64
MAP,0.12311592883417773,0.1123423325314421,0.007880998745231984,unstructured,DINA,65
mp,0.1294075700541267,0.1342102666582379,0.0071977776158057595,unstructured,DINA,65
MAP,0.11299106166319382,0.10003712280753588,0.01258595692393219,unstructured,DINA,66
mp,0.11978216796476816,0.124369767189063,0.013374952305362457,unstructured,DINA,66
MAP,0.10820684917761487,0.09888095602801956,0.011561622378564007,unstructured,DINA,67
mp,0.11351576340184397,0.11705652060658642,0.011253248870636223,unstructured,DINA,67
MAP,0.11976432209037453,0.10326841294833863,0.025001902559859082,unstructured,DINA,68
mp,0.12609036609451776,0.13539723983757018,0.020075534131012804,unstructured,DINA,68
MAP,0.11931243392715875,0.0995082967307449,0.013396154026159924,unstructured,DINA,69
mp,0.12849190555587017,0.12690027072479718,0.006043672841072511,unstructured,DINA,69
MAP,0.13230514074599498,0.13644565974803535,0.007746961833982553,unstructured,DINA,70
mp,0.13647461465616448,0.1597046530054889,0.014076450881628065,unstructured,DINA,70
MAP,0.1272819849254173,0.1280318773003014,0.019318470925466395,unstructured,DINA,71
mp,0.1326432802311508,0.14882170501120082,0.012477622481779999,unstructured,DINA,71
MAP,0.12821462889856497,0.12593956771377748,0.015403705304131786,unstructured,DINA,72
mp,0.13204246321882307,0.14796349120820554,0.008650520093875371,unstructured,DINA,72
MAP,0.10968764372815232,0.11051901332039389,0.00832207896752925,unstructured,DINA,73
mp,0.11492614373420808,0.12514037899292818,0.008865865872781712,unstructured,DINA,73
MAP,0.11237990494470096,0.08967224311081574,0.05089648572182291,unstructured,DINA,74
mp,0.11549932045201212,0.11504328805421153,0.06441272378816634,unstructured,DINA,74
MAP,0.11534436318525453,0.10512309935508744,0.011714393546280698,unstructured,DINA,75
mp,0.1195046126292425,0.1309204059651491,0.010312068925003637,unstructured,DINA,75
MAP,0.11788183046797035,0.11358462927656517,0.011220758927622856,unstructured,DINA,76
mp,0.12259628748225332,0.13450325258730414,0.008909102357229592,unstructured,DINA,76
MAP,0.12398822239507637,0.11923445116894178,0.006648025027934028,unstructured,DINA,77
mp,0.12815942210074577,0.14217648225817656,0.008694265339161709,unstructured,DINA,77
MAP,0.12786129404424826,0.12059767743076127,0.014376081827130094,unstructured,DINA,78
mp,0.13170689174624878,0.14415788626581083,0.012078799407338737,unstructured,DINA,78
MAP,0.11106188669443107,0.1050647185509218,0.009633015286726547,unstructured,DINA,79
mp,0.1164530257119258,0.12388488929991348,0.007548571153609714,unstructured,DINA,79
MAP,0.10248381614233305,0.10015599542110695,0.008775084205818096,unstructured,DINA,80
mp,0.10822203086637673,0.1204571550662078,0.007432290246844112,unstructured,DINA,80
MAP,NA,NA,NA,unstructured,DINA,81
mp,NA,NA,NA,unstructured,DINA,81
MAP,0.1279608322236303,0.12874249532992954,0.013458881636131495,unstructured,DINA,82
mp,0.13231035251292003,0.15572590130750885,0.0050346990759075295,unstructured,DINA,82
MAP,0.10329457902525278,0.09644623938642434,0.004913791599985868,unstructured,DINA,83
mp,0.10797875346282686,0.11469398057551033,0.005645498416476253,unstructured,DINA,83
MAP,0.12043883876954223,0.10969534297289224,0.019686121546903294,unstructured,DINA,84
mp,0.1254126444650996,0.13941621090744424,0.016231131929690428,unstructured,DINA,84
MAP,0.12264118621806207,0.12293274739453622,0.006816471394027396,unstructured,DINA,85
mp,0.12701686259619455,0.14216337231959314,0.005245332808346288,unstructured,DINA,85
MAP,0.11167581283761224,0.1028709408660006,0.014895346900075532,unstructured,DINA,86
mp,0.11747273417854512,0.12351974168993009,0.01181173190037674,unstructured,DINA,86
MAP,0.11600698410953719,0.10962629687763785,0.006493914397825098,unstructured,DINA,87
mp,0.1209187536614255,0.13563345041918248,0.005267109102179733,unstructured,DINA,87
MAP,0.13147646021995377,0.12065190465361107,0.015316858376855383,unstructured,DINA,88
mp,0.1374107422838645,0.15050251684178606,0.008243510725051625,unstructured,DINA,88
MAP,0.1295078686854903,0.12191706322995505,0.009824096662667054,unstructured,DINA,89
mp,0.13440047960204038,0.1469841652366133,0.0035877094437131115,unstructured,DINA,89
MAP,0.11780421153033567,0.10960072459869309,0.00684073584845083,unstructured,DINA,90
mp,0.12525724907993172,0.13314189279942806,0.009355411770385019,unstructured,DINA,90
MAP,0.10737130201327363,0.10434267464872887,0.025677841349415913,unstructured,DINA,91
mp,0.1114768276372428,0.13155327455285348,0.02149262048279331,unstructured,DINA,91
MAP,NA,NA,NA,unstructured,DINA,92
mp,NA,NA,NA,unstructured,DINA,92
MAP,0.13029393522301336,0.12203396766109106,0.013651607712373573,unstructured,DINA,93
mp,0.1367251779526048,0.14670723494331225,0.006169995523199499,unstructured,DINA,93
MAP,0.10537088565409827,0.09602443330224071,0.013302639594993877,unstructured,DINA,94
mp,0.11146958644611683,0.11601926836856068,0.010253281134147706,unstructured,DINA,94
MAP,0.1242885214511062,0.12793020071785977,0.02080730714666212,unstructured,DINA,95
mp,0.13034278622735818,0.1470101403125235,0.01893234825457054,unstructured,DINA,95
MAP,0.11526479714772768,0.10854707344008975,0.007675310288148148,unstructured,DINA,96
mp,0.11752870914339107,0.13518140809753051,0.003263751546524845,unstructured,DINA,96
MAP,0.11769917882031196,0.10951742605753724,0.007630190454621813,unstructured,DINA,97
mp,0.12212190909805777,0.13677325792692413,0.008131848353938207,unstructured,DINA,97
MAP,0.11226734796858981,0.12851757396745236,0.013016678871853628,unstructured,DINA,98
mp,0.11650891061270084,0.14241207509881762,0.014260071293300374,unstructured,DINA,98
MAP,0.13454176341857113,0.15501542758253617,0.010881112417827047,unstructured,DINA,99
mp,0.13700843845101981,0.16980764706425447,0.013230243520233088,unstructured,DINA,99
MAP,0.12069751877715192,0.12231642852059989,0.008537047071648124,unstructured,DINA,100
mp,0.12560234346172408,0.14325612760840772,0.009947572496828368,unstructured,DINA,100
